Copyright 1986-2018 Xilinx, Inc. All Rights Reserved.
--------------------------------------------------------------------------------------------------------------------------------------------------------------------------------------------------------------------
| Tool Version : Vivado v.2018.2 (win64) Build 2258646 Thu Jun 14 20:03:12 MDT 2018
| Date         : Sat Apr 18 20:58:46 2026
| Host         : DESKTOP-QOVO705 running 64-bit major release  (build 9200)
| Command      : report_timing_summary -max_paths 10 -file mcs_top_vanilla_timing_summary_routed.rpt -pb mcs_top_vanilla_timing_summary_routed.pb -rpx mcs_top_vanilla_timing_summary_routed.rpx -warn_on_violation
| Design       : mcs_top_vanilla
| Device       : 7a35t-fgg484
| Speed File   : -2  PRODUCTION 1.22 2018-03-21
--------------------------------------------------------------------------------------------------------------------------------------------------------------------------------------------------------------------

Timing Summary Report

------------------------------------------------------------------------------------------------
| Timer Settings
| --------------
------------------------------------------------------------------------------------------------

  Enable Multi Corner Analysis               :  Yes
  Enable Pessimism Removal                   :  Yes
  Pessimism Removal Resolution               :  Nearest Common Node
  Enable Input Delay Default Clock           :  No
  Enable Preset / Clear Arcs                 :  No
  Disable Flight Delays                      :  No
  Ignore I/O Paths                           :  No
  Timing Early Launch at Borrowing Latches   :  false

  Corner  Analyze    Analyze    
  Name    Max Paths  Min Paths  
  ------  ---------  ---------  
  Slow    Yes        Yes        
  Fast    Yes        Yes        



check_timing report

Table of Contents
-----------------
1. checking no_clock
2. checking constant_clock
3. checking pulse_width_clock
4. checking unconstrained_internal_endpoints
5. checking no_input_delay
6. checking no_output_delay
7. checking multiple_clock
8. checking generated_clocks
9. checking loops
10. checking partial_input_delay
11. checking partial_output_delay
12. checking latch_loops

1. checking no_clock
--------------------
 There are 0 register/latch pins with no clock.


2. checking constant_clock
--------------------------
 There are 0 register/latch pins with constant_clock.


3. checking pulse_width_clock
-----------------------------
 There are 0 register/latch pins which need pulse_width check


4. checking unconstrained_internal_endpoints
--------------------------------------------
 There are 0 pins that are not constrained for maximum delay.

 There are 0 pins that are not constrained for maximum delay due to constant clock.


5. checking no_input_delay
--------------------------
 There are 19 input ports with no input delay specified. (HIGH)

 There are 0 input ports with no input delay but user has a false path constraint.


6. checking no_output_delay
---------------------------
 There are 10 ports with no output delay specified. (HIGH)

 There are 0 ports with no output delay but user has a false path constraint

 There are 0 ports with no output delay but with a timing clock defined on it or propagating through it


7. checking multiple_clock
--------------------------
 There are 0 register/latch pins with multiple clocks.


8. checking generated_clocks
----------------------------
 There are 0 generated clocks that are not connected to a clock source.


9. checking loops
-----------------
 There are 0 combinational loops in the design.


10. checking partial_input_delay
--------------------------------
 There are 0 input ports with partial input delay specified.


11. checking partial_output_delay
---------------------------------
 There are 0 ports with partial output delay specified.


12. checking latch_loops
------------------------
 There are 0 combinational latch loops in the design through latch input



------------------------------------------------------------------------------------------------
| Design Timing Summary
| ---------------------
------------------------------------------------------------------------------------------------

    WNS(ns)      TNS(ns)  TNS Failing Endpoints  TNS Total Endpoints      WHS(ns)      THS(ns)  THS Failing Endpoints  THS Total Endpoints     WPWS(ns)     TPWS(ns)  TPWS Failing Endpoints  TPWS Total Endpoints  
    -------      -------  ---------------------  -------------------      -------      -------  ---------------------  -------------------     --------     --------  ----------------------  --------------------  
      2.493        0.000                      0                 4319        0.073        0.000                      0                 4319        1.100        0.000                       0                  1477  


All user specified timing constraints are met.


------------------------------------------------------------------------------------------------
| Clock Summary
| -------------
------------------------------------------------------------------------------------------------

Clock                                                                                   Waveform(ns)         Period(ns)      Frequency(MHz)
-----                                                                                   ------------         ----------      --------------
sys_clk_p                                                                               {0.000 2.500}        5.000           200.000         
  clk_out1_clock_clk_wiz_0_0                                                            {0.000 5.000}        10.000          100.000         
  clkfbout_clock_clk_wiz_0_0                                                            {0.000 2.500}        5.000           200.000         
u_cpu_unit/cpu_i/microblaze_mcs_0/inst/mdm_0/U0/Use_E2.BSCAN_I/Use_E2.BSCANE2_I/DRCK    {0.000 16.666}       33.333          30.000          
u_cpu_unit/cpu_i/microblaze_mcs_0/inst/mdm_0/U0/Use_E2.BSCAN_I/Use_E2.BSCANE2_I/UPDATE  {0.000 16.666}       33.333          30.000          


------------------------------------------------------------------------------------------------
| Intra Clock Table
| -----------------
------------------------------------------------------------------------------------------------

Clock                                                                                       WNS(ns)      TNS(ns)  TNS Failing Endpoints  TNS Total Endpoints      WHS(ns)      THS(ns)  THS Failing Endpoints  THS Total Endpoints     WPWS(ns)     TPWS(ns)  TPWS Failing Endpoints  TPWS Total Endpoints  
-----                                                                                       -------      -------  ---------------------  -------------------      -------      -------  ---------------------  -------------------     --------     --------  ----------------------  --------------------  
sys_clk_p                                                                                                                                                                                                                                 1.100        0.000                       0                     1  
  clk_out1_clock_clk_wiz_0_0                                                                  2.493        0.000                      0                 4050        0.073        0.000                      0                 4050        3.870        0.000                       0                  1201  
  clkfbout_clock_clk_wiz_0_0                                                                                                                                                                                                              3.408        0.000                       0                     3  
u_cpu_unit/cpu_i/microblaze_mcs_0/inst/mdm_0/U0/Use_E2.BSCAN_I/Use_E2.BSCANE2_I/DRCK         13.994        0.000                      0                  222        0.154        0.000                      0                  222       15.812        0.000                       0                   232  
u_cpu_unit/cpu_i/microblaze_mcs_0/inst/mdm_0/U0/Use_E2.BSCAN_I/Use_E2.BSCANE2_I/UPDATE       12.791        0.000                      0                   47        0.313        0.000                      0                   47       16.166        0.000                       0                    40  


------------------------------------------------------------------------------------------------
| Inter Clock Table
| -----------------
------------------------------------------------------------------------------------------------

From Clock    To Clock          WNS(ns)      TNS(ns)  TNS Failing Endpoints  TNS Total Endpoints      WHS(ns)      THS(ns)  THS Failing Endpoints  THS Total Endpoints  
----------    --------          -------      -------  ---------------------  -------------------      -------      -------  ---------------------  -------------------  


------------------------------------------------------------------------------------------------
| Other Path Groups Table
| -----------------------
------------------------------------------------------------------------------------------------

Path Group    From Clock    To Clock          WNS(ns)      TNS(ns)  TNS Failing Endpoints  TNS Total Endpoints      WHS(ns)      THS(ns)  THS Failing Endpoints  THS Total Endpoints  
----------    ----------    --------          -------      -------  ---------------------  -------------------      -------      -------  ---------------------  -------------------  


------------------------------------------------------------------------------------------------
| Timing Details
| --------------
------------------------------------------------------------------------------------------------


---------------------------------------------------------------------------------------------------
From Clock:  sys_clk_p
  To Clock:  sys_clk_p

Setup :           NA  Failing Endpoints,  Worst Slack           NA  ,  Total Violation           NA
Hold  :           NA  Failing Endpoints,  Worst Slack           NA  ,  Total Violation           NA
PW    :            0  Failing Endpoints,  Worst Slack        1.100ns,  Total Violation        0.000ns
---------------------------------------------------------------------------------------------------


Pulse Width Checks
--------------------------------------------------------------------------------------
Clock Name:         sys_clk_p
Waveform(ns):       { 0.000 2.500 }
Period(ns):         5.000
Sources:            { sys_clk_p }

Check Type        Corner  Lib Pin            Reference Pin  Required(ns)  Actual(ns)  Slack(ns)  Location         Pin
Min Period        n/a     MMCME2_ADV/CLKIN1  n/a            1.249         5.000       3.751      MMCME2_ADV_X1Y0  u_clock_gen/clock_i/clk_wiz_0/inst/mmcm_adv_inst/CLKIN1
Max Period        n/a     MMCME2_ADV/CLKIN1  n/a            100.000       5.000       95.000     MMCME2_ADV_X1Y0  u_clock_gen/clock_i/clk_wiz_0/inst/mmcm_adv_inst/CLKIN1
Low Pulse Width   Slow    MMCME2_ADV/CLKIN1  n/a            1.400         2.500       1.100      MMCME2_ADV_X1Y0  u_clock_gen/clock_i/clk_wiz_0/inst/mmcm_adv_inst/CLKIN1
Low Pulse Width   Fast    MMCME2_ADV/CLKIN1  n/a            1.400         2.500       1.100      MMCME2_ADV_X1Y0  u_clock_gen/clock_i/clk_wiz_0/inst/mmcm_adv_inst/CLKIN1
High Pulse Width  Fast    MMCME2_ADV/CLKIN1  n/a            1.400         2.500       1.100      MMCME2_ADV_X1Y0  u_clock_gen/clock_i/clk_wiz_0/inst/mmcm_adv_inst/CLKIN1
High Pulse Width  Slow    MMCME2_ADV/CLKIN1  n/a            1.400         2.500       1.100      MMCME2_ADV_X1Y0  u_clock_gen/clock_i/clk_wiz_0/inst/mmcm_adv_inst/CLKIN1



---------------------------------------------------------------------------------------------------
From Clock:  clk_out1_clock_clk_wiz_0_0
  To Clock:  clk_out1_clock_clk_wiz_0_0

Setup :            0  Failing Endpoints,  Worst Slack        2.493ns,  Total Violation        0.000ns
Hold  :            0  Failing Endpoints,  Worst Slack        0.073ns,  Total Violation        0.000ns
PW    :            0  Failing Endpoints,  Worst Slack        3.870ns,  Total Violation        0.000ns
---------------------------------------------------------------------------------------------------


Max Delay Paths
--------------------------------------------------------------------------------------
Slack (MET) :             2.493ns  (required time - arrival time)
  Source:                 u_cpu_unit/cpu_i/microblaze_mcs_0/inst/microblaze_I/U0/MicroBlaze_Core_I/Area.Core/Decode_I/Using_FPGA.ALU_OP0_FDRE/Using_FPGA.Native/C
                            (rising edge-triggered cell FDRE clocked by clk_out1_clock_clk_wiz_0_0  {rise@0.000ns fall@5.000ns period=10.000ns})
  Destination:            u_cpu_unit/cpu_i/microblaze_mcs_0/inst/lmb_bram_I/U0/inst_blk_mem_gen/gnbram.gnative_mem_map_bmg.native_mem_map_blk_mem_gen/valid.cstr/ramloop[3].ram.r/prim_noinit.ram/DEVICE_7SERIES.WITH_BMM_INFO.TRUE_DP.SIMPLE_PRIM36.TDP_SP36_NO_ECC_ATTR.ram/ADDRBWRADDR[12]
                            (rising edge-triggered cell RAMB36E1 clocked by clk_out1_clock_clk_wiz_0_0  {rise@0.000ns fall@5.000ns period=10.000ns})
  Path Group:             clk_out1_clock_clk_wiz_0_0
  Path Type:              Setup (Max at Slow Process Corner)
  Requirement:            10.000ns  (clk_out1_clock_clk_wiz_0_0 rise@10.000ns - clk_out1_clock_clk_wiz_0_0 rise@0.000ns)
  Data Path Delay:        6.889ns  (logic 1.485ns (21.557%)  route 5.404ns (78.443%))
  Logic Levels:           5  (CARRY4=3 LUT3=1 LUT6=1)
  Clock Path Skew:        -0.062ns (DCD - SCD + CPR)
    Destination Clock Delay (DCD):    -1.515ns = ( 8.485 - 10.000 ) 
    Source Clock Delay      (SCD):    -1.145ns
    Clock Pessimism Removal (CPR):    0.308ns
  Clock Uncertainty:      0.066ns  ((TSJ^2 + DJ^2)^1/2) / 2 + PE
    Total System Jitter     (TSJ):    0.071ns
    Discrete Jitter          (DJ):    0.112ns
    Phase Error              (PE):    0.000ns

    Location             Delay type                Incr(ns)  Path(ns)    Netlist Resource(s)
  -------------------------------------------------------------------    -------------------
                         (clock clk_out1_clock_clk_wiz_0_0 rise edge)
                                                      0.000     0.000 r  
    R4                                                0.000     0.000 r  sys_clk_p (IN)
                         net (fo=0)                   0.000     0.000    u_clock_gen/clock_i/clk_wiz_0/inst/clk_in1_p
    R4                   IBUFDS (Prop_ibufds_I_O)     0.855     0.855 r  u_clock_gen/clock_i/clk_wiz_0/inst/clkin1_ibufgds/O
                         net (fo=1, routed)           1.065     1.920    u_clock_gen/clock_i/clk_wiz_0/inst/clk_in1_clock_clk_wiz_0_0
    MMCME2_ADV_X1Y0      MMCME2_ADV (Prop_mmcme2_adv_CLKIN1_CLKOUT0)
                                                     -5.921    -4.001 r  u_clock_gen/clock_i/clk_wiz_0/inst/mmcm_adv_inst/CLKOUT0
                         net (fo=1, routed)           1.421    -2.581    u_clock_gen/clock_i/clk_wiz_0/inst/clk_out1_clock_clk_wiz_0_0
    BUFGCTRL_X0Y0        BUFG (Prop_bufg_I_O)         0.081    -2.500 r  u_clock_gen/clock_i/clk_wiz_0/inst/clkout1_buf/O
                         net (fo=1199, routed)        1.354    -1.145    u_cpu_unit/cpu_i/microblaze_mcs_0/inst/microblaze_I/U0/MicroBlaze_Core_I/Area.Core/Decode_I/Using_FPGA.ALU_OP0_FDRE/Clk
    SLICE_X46Y59         FDRE                                         r  u_cpu_unit/cpu_i/microblaze_mcs_0/inst/microblaze_I/U0/MicroBlaze_Core_I/Area.Core/Decode_I/Using_FPGA.ALU_OP0_FDRE/Using_FPGA.Native/C
  -------------------------------------------------------------------    -------------------
    SLICE_X46Y59         FDRE (Prop_fdre_C_Q)         0.433    -0.712 r  u_cpu_unit/cpu_i/microblaze_mcs_0/inst/microblaze_I/U0/MicroBlaze_Core_I/Area.Core/Decode_I/Using_FPGA.ALU_OP0_FDRE/Using_FPGA.Native/Q
                         net (fo=64, routed)          1.413     0.700    u_cpu_unit/cpu_i/microblaze_mcs_0/inst/microblaze_I/U0/MicroBlaze_Core_I/Area.Core/Data_Flow_I/ALU_I/Using_FPGA.ALL_Bits[25].ALU_Bit_I1/Not_Last_Bit.I_ALU_LUT_V5/Using_FPGA.Native/I1
    SLICE_X43Y49         LUT6 (Prop_lut6_I1_O)        0.105     0.805 r  u_cpu_unit/cpu_i/microblaze_mcs_0/inst/microblaze_I/U0/MicroBlaze_Core_I/Area.Core/Data_Flow_I/ALU_I/Using_FPGA.ALL_Bits[25].ALU_Bit_I1/Not_Last_Bit.I_ALU_LUT_V5/Using_FPGA.Native/LUT6/O
                         net (fo=1, routed)           0.000     0.805    u_cpu_unit/cpu_i/microblaze_mcs_0/inst/microblaze_I/U0/MicroBlaze_Core_I/Area.Core/Data_Flow_I/ALU_I/Using_FPGA.ALL_Bits[28].ALU_Bit_I1/Not_Last_Bit.MUXCY_XOR_I/lopt_9
    SLICE_X43Y49         CARRY4 (Prop_carry4_S[3]_CO[3])
                                                      0.332     1.137 r  u_cpu_unit/cpu_i/microblaze_mcs_0/inst/microblaze_I/U0/MicroBlaze_Core_I/Area.Core/Data_Flow_I/ALU_I/Using_FPGA.ALL_Bits[28].ALU_Bit_I1/Not_Last_Bit.MUXCY_XOR_I/Using_FPGA.Native_I1_CARRY4/CO[3]
                         net (fo=1, routed)           0.001     1.138    u_cpu_unit/cpu_i/microblaze_mcs_0/inst/microblaze_I/U0/MicroBlaze_Core_I/Area.Core/Data_Flow_I/ALU_I/Using_FPGA.ALL_Bits[24].ALU_Bit_I1/Not_Last_Bit.MUXCY_XOR_I/LO
    SLICE_X43Y50         CARRY4 (Prop_carry4_CI_CO[3])
                                                      0.098     1.236 r  u_cpu_unit/cpu_i/microblaze_mcs_0/inst/microblaze_I/U0/MicroBlaze_Core_I/Area.Core/Data_Flow_I/ALU_I/Using_FPGA.ALL_Bits[24].ALU_Bit_I1/Not_Last_Bit.MUXCY_XOR_I/Using_FPGA.Native_I1_CARRY4/CO[3]
                         net (fo=1, routed)           0.000     1.236    u_cpu_unit/cpu_i/microblaze_mcs_0/inst/microblaze_I/U0/MicroBlaze_Core_I/Area.Core/Data_Flow_I/ALU_I/Using_FPGA.ALL_Bits[20].ALU_Bit_I1/Not_Last_Bit.MUXCY_XOR_I/LO
    SLICE_X43Y51         CARRY4 (Prop_carry4_CI_O[3])
                                                      0.260     1.496 r  u_cpu_unit/cpu_i/microblaze_mcs_0/inst/microblaze_I/U0/MicroBlaze_Core_I/Area.Core/Data_Flow_I/ALU_I/Using_FPGA.ALL_Bits[20].ALU_Bit_I1/Not_Last_Bit.MUXCY_XOR_I/Using_FPGA.Native_I1_CARRY4/O[3]
                         net (fo=34, routed)          1.181     2.677    u_cpu_unit/cpu_i/microblaze_mcs_0/inst/microblaze_I/U0/MicroBlaze_Core_I/Area.Core/Data_Flow_I/PC_Module_I/Not_All_Bits.Using_FPGA.PC_GEN[17].PC_Bit_I/NewPC_Mux/Using_FPGA.Native_1[0]
    SLICE_X57Y53         LUT3 (Prop_lut3_I1_O)        0.257     2.934 r  u_cpu_unit/cpu_i/microblaze_mcs_0/inst/microblaze_I/U0/MicroBlaze_Core_I/Area.Core/Data_Flow_I/PC_Module_I/Not_All_Bits.Using_FPGA.PC_GEN[17].PC_Bit_I/NewPC_Mux/Using_FPGA.Native/O
                         net (fo=33, routed)          2.809     5.743    u_cpu_unit/cpu_i/microblaze_mcs_0/inst/lmb_bram_I/U0/inst_blk_mem_gen/gnbram.gnative_mem_map_bmg.native_mem_map_blk_mem_gen/valid.cstr/ramloop[3].ram.r/prim_noinit.ram/addrb[12]
    RAMB36_X0Y6          RAMB36E1                                     r  u_cpu_unit/cpu_i/microblaze_mcs_0/inst/lmb_bram_I/U0/inst_blk_mem_gen/gnbram.gnative_mem_map_bmg.native_mem_map_blk_mem_gen/valid.cstr/ramloop[3].ram.r/prim_noinit.ram/DEVICE_7SERIES.WITH_BMM_INFO.TRUE_DP.SIMPLE_PRIM36.TDP_SP36_NO_ECC_ATTR.ram/ADDRBWRADDR[12]
  -------------------------------------------------------------------    -------------------

                         (clock clk_out1_clock_clk_wiz_0_0 rise edge)
                                                     10.000    10.000 r  
    R4                                                0.000    10.000 r  sys_clk_p (IN)
                         net (fo=0)                   0.000    10.000    u_clock_gen/clock_i/clk_wiz_0/inst/clk_in1_p
    R4                   IBUFDS (Prop_ibufds_I_O)     0.817    10.817 r  u_clock_gen/clock_i/clk_wiz_0/inst/clkin1_ibufgds/O
                         net (fo=1, routed)           1.004    11.820    u_clock_gen/clock_i/clk_wiz_0/inst/clk_in1_clock_clk_wiz_0_0
    MMCME2_ADV_X1Y0      MMCME2_ADV (Prop_mmcme2_adv_CLKIN1_CLKOUT0)
                                                     -6.057     5.763 r  u_clock_gen/clock_i/clk_wiz_0/inst/mmcm_adv_inst/CLKOUT0
                         net (fo=1, routed)           1.352     7.116    u_clock_gen/clock_i/clk_wiz_0/inst/clk_out1_clock_clk_wiz_0_0
    BUFGCTRL_X0Y0        BUFG (Prop_bufg_I_O)         0.077     7.193 r  u_clock_gen/clock_i/clk_wiz_0/inst/clkout1_buf/O
                         net (fo=1199, routed)        1.292     8.485    u_cpu_unit/cpu_i/microblaze_mcs_0/inst/lmb_bram_I/U0/inst_blk_mem_gen/gnbram.gnative_mem_map_bmg.native_mem_map_blk_mem_gen/valid.cstr/ramloop[3].ram.r/prim_noinit.ram/clkb
    RAMB36_X0Y6          RAMB36E1                                     r  u_cpu_unit/cpu_i/microblaze_mcs_0/inst/lmb_bram_I/U0/inst_blk_mem_gen/gnbram.gnative_mem_map_bmg.native_mem_map_blk_mem_gen/valid.cstr/ramloop[3].ram.r/prim_noinit.ram/DEVICE_7SERIES.WITH_BMM_INFO.TRUE_DP.SIMPLE_PRIM36.TDP_SP36_NO_ECC_ATTR.ram/CLKBWRCLK
                         clock pessimism              0.308     8.793    
                         clock uncertainty           -0.066     8.726    
    RAMB36_X0Y6          RAMB36E1 (Setup_ramb36e1_CLKBWRCLK_ADDRBWRADDR[12])
                                                     -0.490     8.236    u_cpu_unit/cpu_i/microblaze_mcs_0/inst/lmb_bram_I/U0/inst_blk_mem_gen/gnbram.gnative_mem_map_bmg.native_mem_map_blk_mem_gen/valid.cstr/ramloop[3].ram.r/prim_noinit.ram/DEVICE_7SERIES.WITH_BMM_INFO.TRUE_DP.SIMPLE_PRIM36.TDP_SP36_NO_ECC_ATTR.ram
  -------------------------------------------------------------------
                         required time                          8.236    
                         arrival time                          -5.743    
  -------------------------------------------------------------------
                         slack                                  2.493    

Slack (MET) :             2.544ns  (required time - arrival time)
  Source:                 u_cpu_unit/cpu_i/microblaze_mcs_0/inst/microblaze_I/U0/MicroBlaze_Core_I/Area.Core/Decode_I/Using_FPGA.ALU_OP0_FDRE/Using_FPGA.Native/C
                            (rising edge-triggered cell FDRE clocked by clk_out1_clock_clk_wiz_0_0  {rise@0.000ns fall@5.000ns period=10.000ns})
  Destination:            u_cpu_unit/cpu_i/microblaze_mcs_0/inst/lmb_bram_I/U0/inst_blk_mem_gen/gnbram.gnative_mem_map_bmg.native_mem_map_blk_mem_gen/valid.cstr/ramloop[3].ram.r/prim_noinit.ram/DEVICE_7SERIES.WITH_BMM_INFO.TRUE_DP.SIMPLE_PRIM36.TDP_SP36_NO_ECC_ATTR.ram/ADDRBWRADDR[11]
                            (rising edge-triggered cell RAMB36E1 clocked by clk_out1_clock_clk_wiz_0_0  {rise@0.000ns fall@5.000ns period=10.000ns})
  Path Group:             clk_out1_clock_clk_wiz_0_0
  Path Type:              Setup (Max at Slow Process Corner)
  Requirement:            10.000ns  (clk_out1_clock_clk_wiz_0_0 rise@10.000ns - clk_out1_clock_clk_wiz_0_0 rise@0.000ns)
  Data Path Delay:        6.838ns  (logic 1.421ns (20.780%)  route 5.417ns (79.220%))
  Logic Levels:           5  (CARRY4=3 LUT3=1 LUT6=1)
  Clock Path Skew:        -0.062ns (DCD - SCD + CPR)
    Destination Clock Delay (DCD):    -1.515ns = ( 8.485 - 10.000 ) 
    Source Clock Delay      (SCD):    -1.145ns
    Clock Pessimism Removal (CPR):    0.308ns
  Clock Uncertainty:      0.066ns  ((TSJ^2 + DJ^2)^1/2) / 2 + PE
    Total System Jitter     (TSJ):    0.071ns
    Discrete Jitter          (DJ):    0.112ns
    Phase Error              (PE):    0.000ns

    Location             Delay type                Incr(ns)  Path(ns)    Netlist Resource(s)
  -------------------------------------------------------------------    -------------------
                         (clock clk_out1_clock_clk_wiz_0_0 rise edge)
                                                      0.000     0.000 r  
    R4                                                0.000     0.000 r  sys_clk_p (IN)
                         net (fo=0)                   0.000     0.000    u_clock_gen/clock_i/clk_wiz_0/inst/clk_in1_p
    R4                   IBUFDS (Prop_ibufds_I_O)     0.855     0.855 r  u_clock_gen/clock_i/clk_wiz_0/inst/clkin1_ibufgds/O
                         net (fo=1, routed)           1.065     1.920    u_clock_gen/clock_i/clk_wiz_0/inst/clk_in1_clock_clk_wiz_0_0
    MMCME2_ADV_X1Y0      MMCME2_ADV (Prop_mmcme2_adv_CLKIN1_CLKOUT0)
                                                     -5.921    -4.001 r  u_clock_gen/clock_i/clk_wiz_0/inst/mmcm_adv_inst/CLKOUT0
                         net (fo=1, routed)           1.421    -2.581    u_clock_gen/clock_i/clk_wiz_0/inst/clk_out1_clock_clk_wiz_0_0
    BUFGCTRL_X0Y0        BUFG (Prop_bufg_I_O)         0.081    -2.500 r  u_clock_gen/clock_i/clk_wiz_0/inst/clkout1_buf/O
                         net (fo=1199, routed)        1.354    -1.145    u_cpu_unit/cpu_i/microblaze_mcs_0/inst/microblaze_I/U0/MicroBlaze_Core_I/Area.Core/Decode_I/Using_FPGA.ALU_OP0_FDRE/Clk
    SLICE_X46Y59         FDRE                                         r  u_cpu_unit/cpu_i/microblaze_mcs_0/inst/microblaze_I/U0/MicroBlaze_Core_I/Area.Core/Decode_I/Using_FPGA.ALU_OP0_FDRE/Using_FPGA.Native/C
  -------------------------------------------------------------------    -------------------
    SLICE_X46Y59         FDRE (Prop_fdre_C_Q)         0.433    -0.712 r  u_cpu_unit/cpu_i/microblaze_mcs_0/inst/microblaze_I/U0/MicroBlaze_Core_I/Area.Core/Decode_I/Using_FPGA.ALU_OP0_FDRE/Using_FPGA.Native/Q
                         net (fo=64, routed)          1.413     0.700    u_cpu_unit/cpu_i/microblaze_mcs_0/inst/microblaze_I/U0/MicroBlaze_Core_I/Area.Core/Data_Flow_I/ALU_I/Using_FPGA.ALL_Bits[25].ALU_Bit_I1/Not_Last_Bit.I_ALU_LUT_V5/Using_FPGA.Native/I1
    SLICE_X43Y49         LUT6 (Prop_lut6_I1_O)        0.105     0.805 r  u_cpu_unit/cpu_i/microblaze_mcs_0/inst/microblaze_I/U0/MicroBlaze_Core_I/Area.Core/Data_Flow_I/ALU_I/Using_FPGA.ALL_Bits[25].ALU_Bit_I1/Not_Last_Bit.I_ALU_LUT_V5/Using_FPGA.Native/LUT6/O
                         net (fo=1, routed)           0.000     0.805    u_cpu_unit/cpu_i/microblaze_mcs_0/inst/microblaze_I/U0/MicroBlaze_Core_I/Area.Core/Data_Flow_I/ALU_I/Using_FPGA.ALL_Bits[28].ALU_Bit_I1/Not_Last_Bit.MUXCY_XOR_I/lopt_9
    SLICE_X43Y49         CARRY4 (Prop_carry4_S[3]_CO[3])
                                                      0.332     1.137 r  u_cpu_unit/cpu_i/microblaze_mcs_0/inst/microblaze_I/U0/MicroBlaze_Core_I/Area.Core/Data_Flow_I/ALU_I/Using_FPGA.ALL_Bits[28].ALU_Bit_I1/Not_Last_Bit.MUXCY_XOR_I/Using_FPGA.Native_I1_CARRY4/CO[3]
                         net (fo=1, routed)           0.001     1.138    u_cpu_unit/cpu_i/microblaze_mcs_0/inst/microblaze_I/U0/MicroBlaze_Core_I/Area.Core/Data_Flow_I/ALU_I/Using_FPGA.ALL_Bits[24].ALU_Bit_I1/Not_Last_Bit.MUXCY_XOR_I/LO
    SLICE_X43Y50         CARRY4 (Prop_carry4_CI_CO[3])
                                                      0.098     1.236 r  u_cpu_unit/cpu_i/microblaze_mcs_0/inst/microblaze_I/U0/MicroBlaze_Core_I/Area.Core/Data_Flow_I/ALU_I/Using_FPGA.ALL_Bits[24].ALU_Bit_I1/Not_Last_Bit.MUXCY_XOR_I/Using_FPGA.Native_I1_CARRY4/CO[3]
                         net (fo=1, routed)           0.000     1.236    u_cpu_unit/cpu_i/microblaze_mcs_0/inst/microblaze_I/U0/MicroBlaze_Core_I/Area.Core/Data_Flow_I/ALU_I/Using_FPGA.ALL_Bits[20].ALU_Bit_I1/Not_Last_Bit.MUXCY_XOR_I/LO
    SLICE_X43Y51         CARRY4 (Prop_carry4_CI_O[2])
                                                      0.200     1.436 r  u_cpu_unit/cpu_i/microblaze_mcs_0/inst/microblaze_I/U0/MicroBlaze_Core_I/Area.Core/Data_Flow_I/ALU_I/Using_FPGA.ALL_Bits[20].ALU_Bit_I1/Not_Last_Bit.MUXCY_XOR_I/Using_FPGA.Native_I1_CARRY4/O[2]
                         net (fo=34, routed)          0.964     2.400    u_cpu_unit/cpu_i/microblaze_mcs_0/inst/microblaze_I/U0/MicroBlaze_Core_I/Area.Core/Data_Flow_I/PC_Module_I/Not_All_Bits.Using_FPGA.PC_GEN[18].PC_Bit_I/NewPC_Mux/Using_FPGA.Native_1[0]
    SLICE_X57Y52         LUT3 (Prop_lut3_I1_O)        0.253     2.653 r  u_cpu_unit/cpu_i/microblaze_mcs_0/inst/microblaze_I/U0/MicroBlaze_Core_I/Area.Core/Data_Flow_I/PC_Module_I/Not_All_Bits.Using_FPGA.PC_GEN[18].PC_Bit_I/NewPC_Mux/Using_FPGA.Native/O
                         net (fo=33, routed)          3.040     5.693    u_cpu_unit/cpu_i/microblaze_mcs_0/inst/lmb_bram_I/U0/inst_blk_mem_gen/gnbram.gnative_mem_map_bmg.native_mem_map_blk_mem_gen/valid.cstr/ramloop[3].ram.r/prim_noinit.ram/addrb[11]
    RAMB36_X0Y6          RAMB36E1                                     r  u_cpu_unit/cpu_i/microblaze_mcs_0/inst/lmb_bram_I/U0/inst_blk_mem_gen/gnbram.gnative_mem_map_bmg.native_mem_map_blk_mem_gen/valid.cstr/ramloop[3].ram.r/prim_noinit.ram/DEVICE_7SERIES.WITH_BMM_INFO.TRUE_DP.SIMPLE_PRIM36.TDP_SP36_NO_ECC_ATTR.ram/ADDRBWRADDR[11]
  -------------------------------------------------------------------    -------------------

                         (clock clk_out1_clock_clk_wiz_0_0 rise edge)
                                                     10.000    10.000 r  
    R4                                                0.000    10.000 r  sys_clk_p (IN)
                         net (fo=0)                   0.000    10.000    u_clock_gen/clock_i/clk_wiz_0/inst/clk_in1_p
    R4                   IBUFDS (Prop_ibufds_I_O)     0.817    10.817 r  u_clock_gen/clock_i/clk_wiz_0/inst/clkin1_ibufgds/O
                         net (fo=1, routed)           1.004    11.820    u_clock_gen/clock_i/clk_wiz_0/inst/clk_in1_clock_clk_wiz_0_0
    MMCME2_ADV_X1Y0      MMCME2_ADV (Prop_mmcme2_adv_CLKIN1_CLKOUT0)
                                                     -6.057     5.763 r  u_clock_gen/clock_i/clk_wiz_0/inst/mmcm_adv_inst/CLKOUT0
                         net (fo=1, routed)           1.352     7.116    u_clock_gen/clock_i/clk_wiz_0/inst/clk_out1_clock_clk_wiz_0_0
    BUFGCTRL_X0Y0        BUFG (Prop_bufg_I_O)         0.077     7.193 r  u_clock_gen/clock_i/clk_wiz_0/inst/clkout1_buf/O
                         net (fo=1199, routed)        1.292     8.485    u_cpu_unit/cpu_i/microblaze_mcs_0/inst/lmb_bram_I/U0/inst_blk_mem_gen/gnbram.gnative_mem_map_bmg.native_mem_map_blk_mem_gen/valid.cstr/ramloop[3].ram.r/prim_noinit.ram/clkb
    RAMB36_X0Y6          RAMB36E1                                     r  u_cpu_unit/cpu_i/microblaze_mcs_0/inst/lmb_bram_I/U0/inst_blk_mem_gen/gnbram.gnative_mem_map_bmg.native_mem_map_blk_mem_gen/valid.cstr/ramloop[3].ram.r/prim_noinit.ram/DEVICE_7SERIES.WITH_BMM_INFO.TRUE_DP.SIMPLE_PRIM36.TDP_SP36_NO_ECC_ATTR.ram/CLKBWRCLK
                         clock pessimism              0.308     8.793    
                         clock uncertainty           -0.066     8.726    
    RAMB36_X0Y6          RAMB36E1 (Setup_ramb36e1_CLKBWRCLK_ADDRBWRADDR[11])
                                                     -0.490     8.236    u_cpu_unit/cpu_i/microblaze_mcs_0/inst/lmb_bram_I/U0/inst_blk_mem_gen/gnbram.gnative_mem_map_bmg.native_mem_map_blk_mem_gen/valid.cstr/ramloop[3].ram.r/prim_noinit.ram/DEVICE_7SERIES.WITH_BMM_INFO.TRUE_DP.SIMPLE_PRIM36.TDP_SP36_NO_ECC_ATTR.ram
  -------------------------------------------------------------------
                         required time                          8.236    
                         arrival time                          -5.693    
  -------------------------------------------------------------------
                         slack                                  2.544    

Slack (MET) :             2.551ns  (required time - arrival time)
  Source:                 u_cpu_unit/cpu_i/microblaze_mcs_0/inst/microblaze_I/U0/MicroBlaze_Core_I/Area.Core/Decode_I/Using_FPGA.ALU_OP0_FDRE/Using_FPGA.Native/C
                            (rising edge-triggered cell FDRE clocked by clk_out1_clock_clk_wiz_0_0  {rise@0.000ns fall@5.000ns period=10.000ns})
  Destination:            u_cpu_unit/cpu_i/microblaze_mcs_0/inst/lmb_bram_I/U0/inst_blk_mem_gen/gnbram.gnative_mem_map_bmg.native_mem_map_blk_mem_gen/valid.cstr/ramloop[5].ram.r/prim_noinit.ram/DEVICE_7SERIES.WITH_BMM_INFO.TRUE_DP.SIMPLE_PRIM36.TDP_SP36_NO_ECC_ATTR.ram/ADDRBWRADDR[11]
                            (rising edge-triggered cell RAMB36E1 clocked by clk_out1_clock_clk_wiz_0_0  {rise@0.000ns fall@5.000ns period=10.000ns})
  Path Group:             clk_out1_clock_clk_wiz_0_0
  Path Type:              Setup (Max at Slow Process Corner)
  Requirement:            10.000ns  (clk_out1_clock_clk_wiz_0_0 rise@10.000ns - clk_out1_clock_clk_wiz_0_0 rise@0.000ns)
  Data Path Delay:        6.838ns  (logic 1.421ns (20.780%)  route 5.417ns (79.220%))
  Logic Levels:           5  (CARRY4=3 LUT3=1 LUT6=1)
  Clock Path Skew:        -0.055ns (DCD - SCD + CPR)
    Destination Clock Delay (DCD):    -1.508ns = ( 8.492 - 10.000 ) 
    Source Clock Delay      (SCD):    -1.145ns
    Clock Pessimism Removal (CPR):    0.308ns
  Clock Uncertainty:      0.066ns  ((TSJ^2 + DJ^2)^1/2) / 2 + PE
    Total System Jitter     (TSJ):    0.071ns
    Discrete Jitter          (DJ):    0.112ns
    Phase Error              (PE):    0.000ns

    Location             Delay type                Incr(ns)  Path(ns)    Netlist Resource(s)
  -------------------------------------------------------------------    -------------------
                         (clock clk_out1_clock_clk_wiz_0_0 rise edge)
                                                      0.000     0.000 r  
    R4                                                0.000     0.000 r  sys_clk_p (IN)
                         net (fo=0)                   0.000     0.000    u_clock_gen/clock_i/clk_wiz_0/inst/clk_in1_p
    R4                   IBUFDS (Prop_ibufds_I_O)     0.855     0.855 r  u_clock_gen/clock_i/clk_wiz_0/inst/clkin1_ibufgds/O
                         net (fo=1, routed)           1.065     1.920    u_clock_gen/clock_i/clk_wiz_0/inst/clk_in1_clock_clk_wiz_0_0
    MMCME2_ADV_X1Y0      MMCME2_ADV (Prop_mmcme2_adv_CLKIN1_CLKOUT0)
                                                     -5.921    -4.001 r  u_clock_gen/clock_i/clk_wiz_0/inst/mmcm_adv_inst/CLKOUT0
                         net (fo=1, routed)           1.421    -2.581    u_clock_gen/clock_i/clk_wiz_0/inst/clk_out1_clock_clk_wiz_0_0
    BUFGCTRL_X0Y0        BUFG (Prop_bufg_I_O)         0.081    -2.500 r  u_clock_gen/clock_i/clk_wiz_0/inst/clkout1_buf/O
                         net (fo=1199, routed)        1.354    -1.145    u_cpu_unit/cpu_i/microblaze_mcs_0/inst/microblaze_I/U0/MicroBlaze_Core_I/Area.Core/Decode_I/Using_FPGA.ALU_OP0_FDRE/Clk
    SLICE_X46Y59         FDRE                                         r  u_cpu_unit/cpu_i/microblaze_mcs_0/inst/microblaze_I/U0/MicroBlaze_Core_I/Area.Core/Decode_I/Using_FPGA.ALU_OP0_FDRE/Using_FPGA.Native/C
  -------------------------------------------------------------------    -------------------
    SLICE_X46Y59         FDRE (Prop_fdre_C_Q)         0.433    -0.712 r  u_cpu_unit/cpu_i/microblaze_mcs_0/inst/microblaze_I/U0/MicroBlaze_Core_I/Area.Core/Decode_I/Using_FPGA.ALU_OP0_FDRE/Using_FPGA.Native/Q
                         net (fo=64, routed)          1.413     0.700    u_cpu_unit/cpu_i/microblaze_mcs_0/inst/microblaze_I/U0/MicroBlaze_Core_I/Area.Core/Data_Flow_I/ALU_I/Using_FPGA.ALL_Bits[25].ALU_Bit_I1/Not_Last_Bit.I_ALU_LUT_V5/Using_FPGA.Native/I1
    SLICE_X43Y49         LUT6 (Prop_lut6_I1_O)        0.105     0.805 r  u_cpu_unit/cpu_i/microblaze_mcs_0/inst/microblaze_I/U0/MicroBlaze_Core_I/Area.Core/Data_Flow_I/ALU_I/Using_FPGA.ALL_Bits[25].ALU_Bit_I1/Not_Last_Bit.I_ALU_LUT_V5/Using_FPGA.Native/LUT6/O
                         net (fo=1, routed)           0.000     0.805    u_cpu_unit/cpu_i/microblaze_mcs_0/inst/microblaze_I/U0/MicroBlaze_Core_I/Area.Core/Data_Flow_I/ALU_I/Using_FPGA.ALL_Bits[28].ALU_Bit_I1/Not_Last_Bit.MUXCY_XOR_I/lopt_9
    SLICE_X43Y49         CARRY4 (Prop_carry4_S[3]_CO[3])
                                                      0.332     1.137 r  u_cpu_unit/cpu_i/microblaze_mcs_0/inst/microblaze_I/U0/MicroBlaze_Core_I/Area.Core/Data_Flow_I/ALU_I/Using_FPGA.ALL_Bits[28].ALU_Bit_I1/Not_Last_Bit.MUXCY_XOR_I/Using_FPGA.Native_I1_CARRY4/CO[3]
                         net (fo=1, routed)           0.001     1.138    u_cpu_unit/cpu_i/microblaze_mcs_0/inst/microblaze_I/U0/MicroBlaze_Core_I/Area.Core/Data_Flow_I/ALU_I/Using_FPGA.ALL_Bits[24].ALU_Bit_I1/Not_Last_Bit.MUXCY_XOR_I/LO
    SLICE_X43Y50         CARRY4 (Prop_carry4_CI_CO[3])
                                                      0.098     1.236 r  u_cpu_unit/cpu_i/microblaze_mcs_0/inst/microblaze_I/U0/MicroBlaze_Core_I/Area.Core/Data_Flow_I/ALU_I/Using_FPGA.ALL_Bits[24].ALU_Bit_I1/Not_Last_Bit.MUXCY_XOR_I/Using_FPGA.Native_I1_CARRY4/CO[3]
                         net (fo=1, routed)           0.000     1.236    u_cpu_unit/cpu_i/microblaze_mcs_0/inst/microblaze_I/U0/MicroBlaze_Core_I/Area.Core/Data_Flow_I/ALU_I/Using_FPGA.ALL_Bits[20].ALU_Bit_I1/Not_Last_Bit.MUXCY_XOR_I/LO
    SLICE_X43Y51         CARRY4 (Prop_carry4_CI_O[2])
                                                      0.200     1.436 r  u_cpu_unit/cpu_i/microblaze_mcs_0/inst/microblaze_I/U0/MicroBlaze_Core_I/Area.Core/Data_Flow_I/ALU_I/Using_FPGA.ALL_Bits[20].ALU_Bit_I1/Not_Last_Bit.MUXCY_XOR_I/Using_FPGA.Native_I1_CARRY4/O[2]
                         net (fo=34, routed)          0.964     2.400    u_cpu_unit/cpu_i/microblaze_mcs_0/inst/microblaze_I/U0/MicroBlaze_Core_I/Area.Core/Data_Flow_I/PC_Module_I/Not_All_Bits.Using_FPGA.PC_GEN[18].PC_Bit_I/NewPC_Mux/Using_FPGA.Native_1[0]
    SLICE_X57Y52         LUT3 (Prop_lut3_I1_O)        0.253     2.653 r  u_cpu_unit/cpu_i/microblaze_mcs_0/inst/microblaze_I/U0/MicroBlaze_Core_I/Area.Core/Data_Flow_I/PC_Module_I/Not_All_Bits.Using_FPGA.PC_GEN[18].PC_Bit_I/NewPC_Mux/Using_FPGA.Native/O
                         net (fo=33, routed)          3.040     5.693    u_cpu_unit/cpu_i/microblaze_mcs_0/inst/lmb_bram_I/U0/inst_blk_mem_gen/gnbram.gnative_mem_map_bmg.native_mem_map_blk_mem_gen/valid.cstr/ramloop[5].ram.r/prim_noinit.ram/addrb[11]
    RAMB36_X0Y8          RAMB36E1                                     r  u_cpu_unit/cpu_i/microblaze_mcs_0/inst/lmb_bram_I/U0/inst_blk_mem_gen/gnbram.gnative_mem_map_bmg.native_mem_map_blk_mem_gen/valid.cstr/ramloop[5].ram.r/prim_noinit.ram/DEVICE_7SERIES.WITH_BMM_INFO.TRUE_DP.SIMPLE_PRIM36.TDP_SP36_NO_ECC_ATTR.ram/ADDRBWRADDR[11]
  -------------------------------------------------------------------    -------------------

                         (clock clk_out1_clock_clk_wiz_0_0 rise edge)
                                                     10.000    10.000 r  
    R4                                                0.000    10.000 r  sys_clk_p (IN)
                         net (fo=0)                   0.000    10.000    u_clock_gen/clock_i/clk_wiz_0/inst/clk_in1_p
    R4                   IBUFDS (Prop_ibufds_I_O)     0.817    10.817 r  u_clock_gen/clock_i/clk_wiz_0/inst/clkin1_ibufgds/O
                         net (fo=1, routed)           1.004    11.820    u_clock_gen/clock_i/clk_wiz_0/inst/clk_in1_clock_clk_wiz_0_0
    MMCME2_ADV_X1Y0      MMCME2_ADV (Prop_mmcme2_adv_CLKIN1_CLKOUT0)
                                                     -6.057     5.763 r  u_clock_gen/clock_i/clk_wiz_0/inst/mmcm_adv_inst/CLKOUT0
                         net (fo=1, routed)           1.352     7.116    u_clock_gen/clock_i/clk_wiz_0/inst/clk_out1_clock_clk_wiz_0_0
    BUFGCTRL_X0Y0        BUFG (Prop_bufg_I_O)         0.077     7.193 r  u_clock_gen/clock_i/clk_wiz_0/inst/clkout1_buf/O
                         net (fo=1199, routed)        1.299     8.492    u_cpu_unit/cpu_i/microblaze_mcs_0/inst/lmb_bram_I/U0/inst_blk_mem_gen/gnbram.gnative_mem_map_bmg.native_mem_map_blk_mem_gen/valid.cstr/ramloop[5].ram.r/prim_noinit.ram/clkb
    RAMB36_X0Y8          RAMB36E1                                     r  u_cpu_unit/cpu_i/microblaze_mcs_0/inst/lmb_bram_I/U0/inst_blk_mem_gen/gnbram.gnative_mem_map_bmg.native_mem_map_blk_mem_gen/valid.cstr/ramloop[5].ram.r/prim_noinit.ram/DEVICE_7SERIES.WITH_BMM_INFO.TRUE_DP.SIMPLE_PRIM36.TDP_SP36_NO_ECC_ATTR.ram/CLKBWRCLK
                         clock pessimism              0.308     8.800    
                         clock uncertainty           -0.066     8.733    
    RAMB36_X0Y8          RAMB36E1 (Setup_ramb36e1_CLKBWRCLK_ADDRBWRADDR[11])
                                                     -0.490     8.243    u_cpu_unit/cpu_i/microblaze_mcs_0/inst/lmb_bram_I/U0/inst_blk_mem_gen/gnbram.gnative_mem_map_bmg.native_mem_map_blk_mem_gen/valid.cstr/ramloop[5].ram.r/prim_noinit.ram/DEVICE_7SERIES.WITH_BMM_INFO.TRUE_DP.SIMPLE_PRIM36.TDP_SP36_NO_ECC_ATTR.ram
  -------------------------------------------------------------------
                         required time                          8.243    
                         arrival time                          -5.693    
  -------------------------------------------------------------------
                         slack                                  2.551    

Slack (MET) :             2.662ns  (required time - arrival time)
  Source:                 u_cpu_unit/cpu_i/microblaze_mcs_0/inst/microblaze_I/U0/MicroBlaze_Core_I/Area.Core/Decode_I/Using_FPGA.ALU_OP0_FDRE/Using_FPGA.Native/C
                            (rising edge-triggered cell FDRE clocked by clk_out1_clock_clk_wiz_0_0  {rise@0.000ns fall@5.000ns period=10.000ns})
  Destination:            u_cpu_unit/cpu_i/microblaze_mcs_0/inst/lmb_bram_I/U0/inst_blk_mem_gen/gnbram.gnative_mem_map_bmg.native_mem_map_blk_mem_gen/valid.cstr/ramloop[2].ram.r/prim_noinit.ram/DEVICE_7SERIES.WITH_BMM_INFO.TRUE_DP.SIMPLE_PRIM36.TDP_SP36_NO_ECC_ATTR.ram/ADDRBWRADDR[11]
                            (rising edge-triggered cell RAMB36E1 clocked by clk_out1_clock_clk_wiz_0_0  {rise@0.000ns fall@5.000ns period=10.000ns})
  Path Group:             clk_out1_clock_clk_wiz_0_0
  Path Type:              Setup (Max at Slow Process Corner)
  Requirement:            10.000ns  (clk_out1_clock_clk_wiz_0_0 rise@10.000ns - clk_out1_clock_clk_wiz_0_0 rise@0.000ns)
  Data Path Delay:        6.714ns  (logic 1.421ns (21.165%)  route 5.293ns (78.835%))
  Logic Levels:           5  (CARRY4=3 LUT3=1 LUT6=1)
  Clock Path Skew:        -0.068ns (DCD - SCD + CPR)
    Destination Clock Delay (DCD):    -1.521ns = ( 8.479 - 10.000 ) 
    Source Clock Delay      (SCD):    -1.145ns
    Clock Pessimism Removal (CPR):    0.308ns
  Clock Uncertainty:      0.066ns  ((TSJ^2 + DJ^2)^1/2) / 2 + PE
    Total System Jitter     (TSJ):    0.071ns
    Discrete Jitter          (DJ):    0.112ns
    Phase Error              (PE):    0.000ns

    Location             Delay type                Incr(ns)  Path(ns)    Netlist Resource(s)
  -------------------------------------------------------------------    -------------------
                         (clock clk_out1_clock_clk_wiz_0_0 rise edge)
                                                      0.000     0.000 r  
    R4                                                0.000     0.000 r  sys_clk_p (IN)
                         net (fo=0)                   0.000     0.000    u_clock_gen/clock_i/clk_wiz_0/inst/clk_in1_p
    R4                   IBUFDS (Prop_ibufds_I_O)     0.855     0.855 r  u_clock_gen/clock_i/clk_wiz_0/inst/clkin1_ibufgds/O
                         net (fo=1, routed)           1.065     1.920    u_clock_gen/clock_i/clk_wiz_0/inst/clk_in1_clock_clk_wiz_0_0
    MMCME2_ADV_X1Y0      MMCME2_ADV (Prop_mmcme2_adv_CLKIN1_CLKOUT0)
                                                     -5.921    -4.001 r  u_clock_gen/clock_i/clk_wiz_0/inst/mmcm_adv_inst/CLKOUT0
                         net (fo=1, routed)           1.421    -2.581    u_clock_gen/clock_i/clk_wiz_0/inst/clk_out1_clock_clk_wiz_0_0
    BUFGCTRL_X0Y0        BUFG (Prop_bufg_I_O)         0.081    -2.500 r  u_clock_gen/clock_i/clk_wiz_0/inst/clkout1_buf/O
                         net (fo=1199, routed)        1.354    -1.145    u_cpu_unit/cpu_i/microblaze_mcs_0/inst/microblaze_I/U0/MicroBlaze_Core_I/Area.Core/Decode_I/Using_FPGA.ALU_OP0_FDRE/Clk
    SLICE_X46Y59         FDRE                                         r  u_cpu_unit/cpu_i/microblaze_mcs_0/inst/microblaze_I/U0/MicroBlaze_Core_I/Area.Core/Decode_I/Using_FPGA.ALU_OP0_FDRE/Using_FPGA.Native/C
  -------------------------------------------------------------------    -------------------
    SLICE_X46Y59         FDRE (Prop_fdre_C_Q)         0.433    -0.712 r  u_cpu_unit/cpu_i/microblaze_mcs_0/inst/microblaze_I/U0/MicroBlaze_Core_I/Area.Core/Decode_I/Using_FPGA.ALU_OP0_FDRE/Using_FPGA.Native/Q
                         net (fo=64, routed)          1.413     0.700    u_cpu_unit/cpu_i/microblaze_mcs_0/inst/microblaze_I/U0/MicroBlaze_Core_I/Area.Core/Data_Flow_I/ALU_I/Using_FPGA.ALL_Bits[25].ALU_Bit_I1/Not_Last_Bit.I_ALU_LUT_V5/Using_FPGA.Native/I1
    SLICE_X43Y49         LUT6 (Prop_lut6_I1_O)        0.105     0.805 r  u_cpu_unit/cpu_i/microblaze_mcs_0/inst/microblaze_I/U0/MicroBlaze_Core_I/Area.Core/Data_Flow_I/ALU_I/Using_FPGA.ALL_Bits[25].ALU_Bit_I1/Not_Last_Bit.I_ALU_LUT_V5/Using_FPGA.Native/LUT6/O
                         net (fo=1, routed)           0.000     0.805    u_cpu_unit/cpu_i/microblaze_mcs_0/inst/microblaze_I/U0/MicroBlaze_Core_I/Area.Core/Data_Flow_I/ALU_I/Using_FPGA.ALL_Bits[28].ALU_Bit_I1/Not_Last_Bit.MUXCY_XOR_I/lopt_9
    SLICE_X43Y49         CARRY4 (Prop_carry4_S[3]_CO[3])
                                                      0.332     1.137 r  u_cpu_unit/cpu_i/microblaze_mcs_0/inst/microblaze_I/U0/MicroBlaze_Core_I/Area.Core/Data_Flow_I/ALU_I/Using_FPGA.ALL_Bits[28].ALU_Bit_I1/Not_Last_Bit.MUXCY_XOR_I/Using_FPGA.Native_I1_CARRY4/CO[3]
                         net (fo=1, routed)           0.001     1.138    u_cpu_unit/cpu_i/microblaze_mcs_0/inst/microblaze_I/U0/MicroBlaze_Core_I/Area.Core/Data_Flow_I/ALU_I/Using_FPGA.ALL_Bits[24].ALU_Bit_I1/Not_Last_Bit.MUXCY_XOR_I/LO
    SLICE_X43Y50         CARRY4 (Prop_carry4_CI_CO[3])
                                                      0.098     1.236 r  u_cpu_unit/cpu_i/microblaze_mcs_0/inst/microblaze_I/U0/MicroBlaze_Core_I/Area.Core/Data_Flow_I/ALU_I/Using_FPGA.ALL_Bits[24].ALU_Bit_I1/Not_Last_Bit.MUXCY_XOR_I/Using_FPGA.Native_I1_CARRY4/CO[3]
                         net (fo=1, routed)           0.000     1.236    u_cpu_unit/cpu_i/microblaze_mcs_0/inst/microblaze_I/U0/MicroBlaze_Core_I/Area.Core/Data_Flow_I/ALU_I/Using_FPGA.ALL_Bits[20].ALU_Bit_I1/Not_Last_Bit.MUXCY_XOR_I/LO
    SLICE_X43Y51         CARRY4 (Prop_carry4_CI_O[2])
                                                      0.200     1.436 r  u_cpu_unit/cpu_i/microblaze_mcs_0/inst/microblaze_I/U0/MicroBlaze_Core_I/Area.Core/Data_Flow_I/ALU_I/Using_FPGA.ALL_Bits[20].ALU_Bit_I1/Not_Last_Bit.MUXCY_XOR_I/Using_FPGA.Native_I1_CARRY4/O[2]
                         net (fo=34, routed)          0.964     2.400    u_cpu_unit/cpu_i/microblaze_mcs_0/inst/microblaze_I/U0/MicroBlaze_Core_I/Area.Core/Data_Flow_I/PC_Module_I/Not_All_Bits.Using_FPGA.PC_GEN[18].PC_Bit_I/NewPC_Mux/Using_FPGA.Native_1[0]
    SLICE_X57Y52         LUT3 (Prop_lut3_I1_O)        0.253     2.653 r  u_cpu_unit/cpu_i/microblaze_mcs_0/inst/microblaze_I/U0/MicroBlaze_Core_I/Area.Core/Data_Flow_I/PC_Module_I/Not_All_Bits.Using_FPGA.PC_GEN[18].PC_Bit_I/NewPC_Mux/Using_FPGA.Native/O
                         net (fo=33, routed)          2.915     5.568    u_cpu_unit/cpu_i/microblaze_mcs_0/inst/lmb_bram_I/U0/inst_blk_mem_gen/gnbram.gnative_mem_map_bmg.native_mem_map_blk_mem_gen/valid.cstr/ramloop[2].ram.r/prim_noinit.ram/addrb[11]
    RAMB36_X0Y5          RAMB36E1                                     r  u_cpu_unit/cpu_i/microblaze_mcs_0/inst/lmb_bram_I/U0/inst_blk_mem_gen/gnbram.gnative_mem_map_bmg.native_mem_map_blk_mem_gen/valid.cstr/ramloop[2].ram.r/prim_noinit.ram/DEVICE_7SERIES.WITH_BMM_INFO.TRUE_DP.SIMPLE_PRIM36.TDP_SP36_NO_ECC_ATTR.ram/ADDRBWRADDR[11]
  -------------------------------------------------------------------    -------------------

                         (clock clk_out1_clock_clk_wiz_0_0 rise edge)
                                                     10.000    10.000 r  
    R4                                                0.000    10.000 r  sys_clk_p (IN)
                         net (fo=0)                   0.000    10.000    u_clock_gen/clock_i/clk_wiz_0/inst/clk_in1_p
    R4                   IBUFDS (Prop_ibufds_I_O)     0.817    10.817 r  u_clock_gen/clock_i/clk_wiz_0/inst/clkin1_ibufgds/O
                         net (fo=1, routed)           1.004    11.820    u_clock_gen/clock_i/clk_wiz_0/inst/clk_in1_clock_clk_wiz_0_0
    MMCME2_ADV_X1Y0      MMCME2_ADV (Prop_mmcme2_adv_CLKIN1_CLKOUT0)
                                                     -6.057     5.763 r  u_clock_gen/clock_i/clk_wiz_0/inst/mmcm_adv_inst/CLKOUT0
                         net (fo=1, routed)           1.352     7.116    u_clock_gen/clock_i/clk_wiz_0/inst/clk_out1_clock_clk_wiz_0_0
    BUFGCTRL_X0Y0        BUFG (Prop_bufg_I_O)         0.077     7.193 r  u_clock_gen/clock_i/clk_wiz_0/inst/clkout1_buf/O
                         net (fo=1199, routed)        1.286     8.479    u_cpu_unit/cpu_i/microblaze_mcs_0/inst/lmb_bram_I/U0/inst_blk_mem_gen/gnbram.gnative_mem_map_bmg.native_mem_map_blk_mem_gen/valid.cstr/ramloop[2].ram.r/prim_noinit.ram/clkb
    RAMB36_X0Y5          RAMB36E1                                     r  u_cpu_unit/cpu_i/microblaze_mcs_0/inst/lmb_bram_I/U0/inst_blk_mem_gen/gnbram.gnative_mem_map_bmg.native_mem_map_blk_mem_gen/valid.cstr/ramloop[2].ram.r/prim_noinit.ram/DEVICE_7SERIES.WITH_BMM_INFO.TRUE_DP.SIMPLE_PRIM36.TDP_SP36_NO_ECC_ATTR.ram/CLKBWRCLK
                         clock pessimism              0.308     8.787    
                         clock uncertainty           -0.066     8.720    
    RAMB36_X0Y5          RAMB36E1 (Setup_ramb36e1_CLKBWRCLK_ADDRBWRADDR[11])
                                                     -0.490     8.230    u_cpu_unit/cpu_i/microblaze_mcs_0/inst/lmb_bram_I/U0/inst_blk_mem_gen/gnbram.gnative_mem_map_bmg.native_mem_map_blk_mem_gen/valid.cstr/ramloop[2].ram.r/prim_noinit.ram/DEVICE_7SERIES.WITH_BMM_INFO.TRUE_DP.SIMPLE_PRIM36.TDP_SP36_NO_ECC_ATTR.ram
  -------------------------------------------------------------------
                         required time                          8.230    
                         arrival time                          -5.568    
  -------------------------------------------------------------------
                         slack                                  2.662    

Slack (MET) :             2.694ns  (required time - arrival time)
  Source:                 u_cpu_unit/cpu_i/microblaze_mcs_0/inst/microblaze_I/U0/MicroBlaze_Core_I/Area.Core/Data_Flow_I/Operand_Select_I/OpSelect_Bits[12].Operand_Select_Bit_I/Op1_Reg_DFF/Using_FPGA.Native/C
                            (rising edge-triggered cell FDRE clocked by clk_out1_clock_clk_wiz_0_0  {rise@0.000ns fall@5.000ns period=10.000ns})
  Destination:            u_cpu_unit/cpu_i/microblaze_mcs_0/inst/lmb_bram_I/U0/inst_blk_mem_gen/gnbram.gnative_mem_map_bmg.native_mem_map_blk_mem_gen/valid.cstr/ramloop[2].ram.r/prim_noinit.ram/DEVICE_7SERIES.WITH_BMM_INFO.TRUE_DP.SIMPLE_PRIM36.TDP_SP36_NO_ECC_ATTR.ram/ENBWREN
                            (rising edge-triggered cell RAMB36E1 clocked by clk_out1_clock_clk_wiz_0_0  {rise@0.000ns fall@5.000ns period=10.000ns})
  Path Group:             clk_out1_clock_clk_wiz_0_0
  Path Type:              Setup (Max at Slow Process Corner)
  Requirement:            10.000ns  (clk_out1_clock_clk_wiz_0_0 rise@10.000ns - clk_out1_clock_clk_wiz_0_0 rise@0.000ns)
  Data Path Delay:        6.785ns  (logic 1.338ns (19.721%)  route 5.447ns (80.279%))
  Logic Levels:           5  (CARRY4=2 LUT2=1 LUT6=2)
  Clock Path Skew:        -0.068ns (DCD - SCD + CPR)
    Destination Clock Delay (DCD):    -1.521ns = ( 8.479 - 10.000 ) 
    Source Clock Delay      (SCD):    -1.145ns
    Clock Pessimism Removal (CPR):    0.308ns
  Clock Uncertainty:      0.066ns  ((TSJ^2 + DJ^2)^1/2) / 2 + PE
    Total System Jitter     (TSJ):    0.071ns
    Discrete Jitter          (DJ):    0.112ns
    Phase Error              (PE):    0.000ns

    Location             Delay type                Incr(ns)  Path(ns)    Netlist Resource(s)
  -------------------------------------------------------------------    -------------------
                         (clock clk_out1_clock_clk_wiz_0_0 rise edge)
                                                      0.000     0.000 r  
    R4                                                0.000     0.000 r  sys_clk_p (IN)
                         net (fo=0)                   0.000     0.000    u_clock_gen/clock_i/clk_wiz_0/inst/clk_in1_p
    R4                   IBUFDS (Prop_ibufds_I_O)     0.855     0.855 r  u_clock_gen/clock_i/clk_wiz_0/inst/clkin1_ibufgds/O
                         net (fo=1, routed)           1.065     1.920    u_clock_gen/clock_i/clk_wiz_0/inst/clk_in1_clock_clk_wiz_0_0
    MMCME2_ADV_X1Y0      MMCME2_ADV (Prop_mmcme2_adv_CLKIN1_CLKOUT0)
                                                     -5.921    -4.001 r  u_clock_gen/clock_i/clk_wiz_0/inst/mmcm_adv_inst/CLKOUT0
                         net (fo=1, routed)           1.421    -2.581    u_clock_gen/clock_i/clk_wiz_0/inst/clk_out1_clock_clk_wiz_0_0
    BUFGCTRL_X0Y0        BUFG (Prop_bufg_I_O)         0.081    -2.500 r  u_clock_gen/clock_i/clk_wiz_0/inst/clkout1_buf/O
                         net (fo=1199, routed)        1.354    -1.145    u_cpu_unit/cpu_i/microblaze_mcs_0/inst/microblaze_I/U0/MicroBlaze_Core_I/Area.Core/Data_Flow_I/Operand_Select_I/OpSelect_Bits[12].Operand_Select_Bit_I/Op1_Reg_DFF/Clk
    SLICE_X39Y51         FDRE                                         r  u_cpu_unit/cpu_i/microblaze_mcs_0/inst/microblaze_I/U0/MicroBlaze_Core_I/Area.Core/Data_Flow_I/Operand_Select_I/OpSelect_Bits[12].Operand_Select_Bit_I/Op1_Reg_DFF/Using_FPGA.Native/C
  -------------------------------------------------------------------    -------------------
    SLICE_X39Y51         FDRE (Prop_fdre_C_Q)         0.348    -0.797 f  u_cpu_unit/cpu_i/microblaze_mcs_0/inst/microblaze_I/U0/MicroBlaze_Core_I/Area.Core/Data_Flow_I/Operand_Select_I/OpSelect_Bits[12].Operand_Select_Bit_I/Op1_Reg_DFF/Using_FPGA.Native/Q
                         net (fo=1, routed)           1.233     0.436    u_cpu_unit/cpu_i/microblaze_mcs_0/inst/microblaze_I/U0/MicroBlaze_Core_I/Area.Core/Data_Flow_I/Zero_Detect_I/Using_FPGA.Native_11
    SLICE_X49Y53         LUT6 (Prop_lut6_I0_O)        0.242     0.678 r  u_cpu_unit/cpu_i/microblaze_mcs_0/inst/microblaze_I/U0/MicroBlaze_Core_I/Area.Core/Data_Flow_I/Zero_Detect_I/nibble_Zero0_inferred__2/i_/O
                         net (fo=1, routed)           0.000     0.678    u_cpu_unit/cpu_i/microblaze_mcs_0/inst/microblaze_I/U0/MicroBlaze_Core_I/Area.Core/Data_Flow_I/Zero_Detect_I/Zero_Detecting[3].I_Part_Of_Zero_Detect/Zero_Detecting[3].nibble_Zero_reg
    SLICE_X49Y53         CARRY4 (Prop_carry4_S[0]_CO[3])
                                                      0.440     1.118 r  u_cpu_unit/cpu_i/microblaze_mcs_0/inst/microblaze_I/U0/MicroBlaze_Core_I/Area.Core/Data_Flow_I/Zero_Detect_I/Zero_Detecting[3].I_Part_Of_Zero_Detect/Using_FPGA.Native_CARRY4/CO[3]
                         net (fo=1, routed)           0.000     1.118    u_cpu_unit/cpu_i/microblaze_mcs_0/inst/microblaze_I/U0/MicroBlaze_Core_I/Area.Core/Decode_I/Using_FPGA.MUXCY_JUMP_CARRY2/jump_Carry1
    SLICE_X49Y54         CARRY4 (Prop_carry4_CI_CO[3])
                                                      0.098     1.216 r  u_cpu_unit/cpu_i/microblaze_mcs_0/inst/microblaze_I/U0/MicroBlaze_Core_I/Area.Core/Decode_I/Using_FPGA.MUXCY_JUMP_CARRY2/Using_FPGA.Native_CARRY4/CO[3]
                         net (fo=2, routed)           0.621     1.837    u_cpu_unit/cpu_i/microblaze_mcs_0/inst/microblaze_I/U0/MicroBlaze_Core_I/Area.Core/Decode_I/Using_FPGA.iFetch_MuxCY_2/ifetch_carry2
    SLICE_X51Y56         LUT6 (Prop_lut6_I0_O)        0.105     1.942 r  u_cpu_unit/cpu_i/microblaze_mcs_0/inst/microblaze_I/U0/MicroBlaze_Core_I/Area.Core/Decode_I/Using_FPGA.iFetch_MuxCY_2/I_AS_INST_0/O
                         net (fo=10, routed)          0.408     2.350    u_cpu_unit/cpu_i/microblaze_mcs_0/inst/lmb_bram_I/U0/inst_blk_mem_gen/gnbram.gnative_mem_map_bmg.native_mem_map_blk_mem_gen/valid.cstr/ramloop[31].ram.r/prim_noinit.ram/enb
    SLICE_X56Y56         LUT2 (Prop_lut2_I1_O)        0.105     2.455 r  u_cpu_unit/cpu_i/microblaze_mcs_0/inst/lmb_bram_I/U0/inst_blk_mem_gen/gnbram.gnative_mem_map_bmg.native_mem_map_blk_mem_gen/valid.cstr/ramloop[31].ram.r/prim_noinit.ram/DEVICE_7SERIES.WITH_BMM_INFO.TRUE_DP.SIMPLE_PRIM36.TDP_SP36_NO_ECC_ATTR.ram_i_2__0/O
                         net (fo=10, routed)          3.184     5.639    u_cpu_unit/cpu_i/microblaze_mcs_0/inst/lmb_bram_I/U0/inst_blk_mem_gen/gnbram.gnative_mem_map_bmg.native_mem_map_blk_mem_gen/valid.cstr/ramloop[2].ram.r/prim_noinit.ram/SAFETY_CKT_GEN.ENB_NO_REG.ENB_dly_D_reg
    RAMB36_X0Y5          RAMB36E1                                     r  u_cpu_unit/cpu_i/microblaze_mcs_0/inst/lmb_bram_I/U0/inst_blk_mem_gen/gnbram.gnative_mem_map_bmg.native_mem_map_blk_mem_gen/valid.cstr/ramloop[2].ram.r/prim_noinit.ram/DEVICE_7SERIES.WITH_BMM_INFO.TRUE_DP.SIMPLE_PRIM36.TDP_SP36_NO_ECC_ATTR.ram/ENBWREN
  -------------------------------------------------------------------    -------------------

                         (clock clk_out1_clock_clk_wiz_0_0 rise edge)
                                                     10.000    10.000 r  
    R4                                                0.000    10.000 r  sys_clk_p (IN)
                         net (fo=0)                   0.000    10.000    u_clock_gen/clock_i/clk_wiz_0/inst/clk_in1_p
    R4                   IBUFDS (Prop_ibufds_I_O)     0.817    10.817 r  u_clock_gen/clock_i/clk_wiz_0/inst/clkin1_ibufgds/O
                         net (fo=1, routed)           1.004    11.820    u_clock_gen/clock_i/clk_wiz_0/inst/clk_in1_clock_clk_wiz_0_0
    MMCME2_ADV_X1Y0      MMCME2_ADV (Prop_mmcme2_adv_CLKIN1_CLKOUT0)
                                                     -6.057     5.763 r  u_clock_gen/clock_i/clk_wiz_0/inst/mmcm_adv_inst/CLKOUT0
                         net (fo=1, routed)           1.352     7.116    u_clock_gen/clock_i/clk_wiz_0/inst/clk_out1_clock_clk_wiz_0_0
    BUFGCTRL_X0Y0        BUFG (Prop_bufg_I_O)         0.077     7.193 r  u_clock_gen/clock_i/clk_wiz_0/inst/clkout1_buf/O
                         net (fo=1199, routed)        1.286     8.479    u_cpu_unit/cpu_i/microblaze_mcs_0/inst/lmb_bram_I/U0/inst_blk_mem_gen/gnbram.gnative_mem_map_bmg.native_mem_map_blk_mem_gen/valid.cstr/ramloop[2].ram.r/prim_noinit.ram/clkb
    RAMB36_X0Y5          RAMB36E1                                     r  u_cpu_unit/cpu_i/microblaze_mcs_0/inst/lmb_bram_I/U0/inst_blk_mem_gen/gnbram.gnative_mem_map_bmg.native_mem_map_blk_mem_gen/valid.cstr/ramloop[2].ram.r/prim_noinit.ram/DEVICE_7SERIES.WITH_BMM_INFO.TRUE_DP.SIMPLE_PRIM36.TDP_SP36_NO_ECC_ATTR.ram/CLKBWRCLK
                         clock pessimism              0.308     8.787    
                         clock uncertainty           -0.066     8.720    
    RAMB36_X0Y5          RAMB36E1 (Setup_ramb36e1_CLKBWRCLK_ENBWREN)
                                                     -0.387     8.333    u_cpu_unit/cpu_i/microblaze_mcs_0/inst/lmb_bram_I/U0/inst_blk_mem_gen/gnbram.gnative_mem_map_bmg.native_mem_map_blk_mem_gen/valid.cstr/ramloop[2].ram.r/prim_noinit.ram/DEVICE_7SERIES.WITH_BMM_INFO.TRUE_DP.SIMPLE_PRIM36.TDP_SP36_NO_ECC_ATTR.ram
  -------------------------------------------------------------------
                         required time                          8.333    
                         arrival time                          -5.639    
  -------------------------------------------------------------------
                         slack                                  2.694    

Slack (MET) :             2.738ns  (required time - arrival time)
  Source:                 u_cpu_unit/cpu_i/microblaze_mcs_0/inst/microblaze_I/U0/MicroBlaze_Core_I/Area.Core/Decode_I/Using_FPGA.ALU_OP0_FDRE/Using_FPGA.Native/C
                            (rising edge-triggered cell FDRE clocked by clk_out1_clock_clk_wiz_0_0  {rise@0.000ns fall@5.000ns period=10.000ns})
  Destination:            u_cpu_unit/cpu_i/microblaze_mcs_0/inst/lmb_bram_I/U0/inst_blk_mem_gen/gnbram.gnative_mem_map_bmg.native_mem_map_blk_mem_gen/valid.cstr/ramloop[24].ram.r/prim_noinit.ram/DEVICE_7SERIES.WITH_BMM_INFO.TRUE_DP.SIMPLE_PRIM36.TDP_SP36_NO_ECC_ATTR.ram/ADDRBWRADDR[12]
                            (rising edge-triggered cell RAMB36E1 clocked by clk_out1_clock_clk_wiz_0_0  {rise@0.000ns fall@5.000ns period=10.000ns})
  Path Group:             clk_out1_clock_clk_wiz_0_0
  Path Type:              Setup (Max at Slow Process Corner)
  Requirement:            10.000ns  (clk_out1_clock_clk_wiz_0_0 rise@10.000ns - clk_out1_clock_clk_wiz_0_0 rise@0.000ns)
  Data Path Delay:        6.642ns  (logic 1.485ns (22.358%)  route 5.157ns (77.642%))
  Logic Levels:           5  (CARRY4=3 LUT3=1 LUT6=1)
  Clock Path Skew:        -0.064ns (DCD - SCD + CPR)
    Destination Clock Delay (DCD):    -1.524ns = ( 8.476 - 10.000 ) 
    Source Clock Delay      (SCD):    -1.145ns
    Clock Pessimism Removal (CPR):    0.315ns
  Clock Uncertainty:      0.066ns  ((TSJ^2 + DJ^2)^1/2) / 2 + PE
    Total System Jitter     (TSJ):    0.071ns
    Discrete Jitter          (DJ):    0.112ns
    Phase Error              (PE):    0.000ns

    Location             Delay type                Incr(ns)  Path(ns)    Netlist Resource(s)
  -------------------------------------------------------------------    -------------------
                         (clock clk_out1_clock_clk_wiz_0_0 rise edge)
                                                      0.000     0.000 r  
    R4                                                0.000     0.000 r  sys_clk_p (IN)
                         net (fo=0)                   0.000     0.000    u_clock_gen/clock_i/clk_wiz_0/inst/clk_in1_p
    R4                   IBUFDS (Prop_ibufds_I_O)     0.855     0.855 r  u_clock_gen/clock_i/clk_wiz_0/inst/clkin1_ibufgds/O
                         net (fo=1, routed)           1.065     1.920    u_clock_gen/clock_i/clk_wiz_0/inst/clk_in1_clock_clk_wiz_0_0
    MMCME2_ADV_X1Y0      MMCME2_ADV (Prop_mmcme2_adv_CLKIN1_CLKOUT0)
                                                     -5.921    -4.001 r  u_clock_gen/clock_i/clk_wiz_0/inst/mmcm_adv_inst/CLKOUT0
                         net (fo=1, routed)           1.421    -2.581    u_clock_gen/clock_i/clk_wiz_0/inst/clk_out1_clock_clk_wiz_0_0
    BUFGCTRL_X0Y0        BUFG (Prop_bufg_I_O)         0.081    -2.500 r  u_clock_gen/clock_i/clk_wiz_0/inst/clkout1_buf/O
                         net (fo=1199, routed)        1.354    -1.145    u_cpu_unit/cpu_i/microblaze_mcs_0/inst/microblaze_I/U0/MicroBlaze_Core_I/Area.Core/Decode_I/Using_FPGA.ALU_OP0_FDRE/Clk
    SLICE_X46Y59         FDRE                                         r  u_cpu_unit/cpu_i/microblaze_mcs_0/inst/microblaze_I/U0/MicroBlaze_Core_I/Area.Core/Decode_I/Using_FPGA.ALU_OP0_FDRE/Using_FPGA.Native/C
  -------------------------------------------------------------------    -------------------
    SLICE_X46Y59         FDRE (Prop_fdre_C_Q)         0.433    -0.712 r  u_cpu_unit/cpu_i/microblaze_mcs_0/inst/microblaze_I/U0/MicroBlaze_Core_I/Area.Core/Decode_I/Using_FPGA.ALU_OP0_FDRE/Using_FPGA.Native/Q
                         net (fo=64, routed)          1.413     0.700    u_cpu_unit/cpu_i/microblaze_mcs_0/inst/microblaze_I/U0/MicroBlaze_Core_I/Area.Core/Data_Flow_I/ALU_I/Using_FPGA.ALL_Bits[25].ALU_Bit_I1/Not_Last_Bit.I_ALU_LUT_V5/Using_FPGA.Native/I1
    SLICE_X43Y49         LUT6 (Prop_lut6_I1_O)        0.105     0.805 r  u_cpu_unit/cpu_i/microblaze_mcs_0/inst/microblaze_I/U0/MicroBlaze_Core_I/Area.Core/Data_Flow_I/ALU_I/Using_FPGA.ALL_Bits[25].ALU_Bit_I1/Not_Last_Bit.I_ALU_LUT_V5/Using_FPGA.Native/LUT6/O
                         net (fo=1, routed)           0.000     0.805    u_cpu_unit/cpu_i/microblaze_mcs_0/inst/microblaze_I/U0/MicroBlaze_Core_I/Area.Core/Data_Flow_I/ALU_I/Using_FPGA.ALL_Bits[28].ALU_Bit_I1/Not_Last_Bit.MUXCY_XOR_I/lopt_9
    SLICE_X43Y49         CARRY4 (Prop_carry4_S[3]_CO[3])
                                                      0.332     1.137 r  u_cpu_unit/cpu_i/microblaze_mcs_0/inst/microblaze_I/U0/MicroBlaze_Core_I/Area.Core/Data_Flow_I/ALU_I/Using_FPGA.ALL_Bits[28].ALU_Bit_I1/Not_Last_Bit.MUXCY_XOR_I/Using_FPGA.Native_I1_CARRY4/CO[3]
                         net (fo=1, routed)           0.001     1.138    u_cpu_unit/cpu_i/microblaze_mcs_0/inst/microblaze_I/U0/MicroBlaze_Core_I/Area.Core/Data_Flow_I/ALU_I/Using_FPGA.ALL_Bits[24].ALU_Bit_I1/Not_Last_Bit.MUXCY_XOR_I/LO
    SLICE_X43Y50         CARRY4 (Prop_carry4_CI_CO[3])
                                                      0.098     1.236 r  u_cpu_unit/cpu_i/microblaze_mcs_0/inst/microblaze_I/U0/MicroBlaze_Core_I/Area.Core/Data_Flow_I/ALU_I/Using_FPGA.ALL_Bits[24].ALU_Bit_I1/Not_Last_Bit.MUXCY_XOR_I/Using_FPGA.Native_I1_CARRY4/CO[3]
                         net (fo=1, routed)           0.000     1.236    u_cpu_unit/cpu_i/microblaze_mcs_0/inst/microblaze_I/U0/MicroBlaze_Core_I/Area.Core/Data_Flow_I/ALU_I/Using_FPGA.ALL_Bits[20].ALU_Bit_I1/Not_Last_Bit.MUXCY_XOR_I/LO
    SLICE_X43Y51         CARRY4 (Prop_carry4_CI_O[3])
                                                      0.260     1.496 r  u_cpu_unit/cpu_i/microblaze_mcs_0/inst/microblaze_I/U0/MicroBlaze_Core_I/Area.Core/Data_Flow_I/ALU_I/Using_FPGA.ALL_Bits[20].ALU_Bit_I1/Not_Last_Bit.MUXCY_XOR_I/Using_FPGA.Native_I1_CARRY4/O[3]
                         net (fo=34, routed)          1.181     2.677    u_cpu_unit/cpu_i/microblaze_mcs_0/inst/microblaze_I/U0/MicroBlaze_Core_I/Area.Core/Data_Flow_I/PC_Module_I/Not_All_Bits.Using_FPGA.PC_GEN[17].PC_Bit_I/NewPC_Mux/Using_FPGA.Native_1[0]
    SLICE_X57Y53         LUT3 (Prop_lut3_I1_O)        0.257     2.934 r  u_cpu_unit/cpu_i/microblaze_mcs_0/inst/microblaze_I/U0/MicroBlaze_Core_I/Area.Core/Data_Flow_I/PC_Module_I/Not_All_Bits.Using_FPGA.PC_GEN[17].PC_Bit_I/NewPC_Mux/Using_FPGA.Native/O
                         net (fo=33, routed)          2.562     5.496    u_cpu_unit/cpu_i/microblaze_mcs_0/inst/lmb_bram_I/U0/inst_blk_mem_gen/gnbram.gnative_mem_map_bmg.native_mem_map_blk_mem_gen/valid.cstr/ramloop[24].ram.r/prim_noinit.ram/addrb[12]
    RAMB36_X0Y12         RAMB36E1                                     r  u_cpu_unit/cpu_i/microblaze_mcs_0/inst/lmb_bram_I/U0/inst_blk_mem_gen/gnbram.gnative_mem_map_bmg.native_mem_map_blk_mem_gen/valid.cstr/ramloop[24].ram.r/prim_noinit.ram/DEVICE_7SERIES.WITH_BMM_INFO.TRUE_DP.SIMPLE_PRIM36.TDP_SP36_NO_ECC_ATTR.ram/ADDRBWRADDR[12]
  -------------------------------------------------------------------    -------------------

                         (clock clk_out1_clock_clk_wiz_0_0 rise edge)
                                                     10.000    10.000 r  
    R4                                                0.000    10.000 r  sys_clk_p (IN)
                         net (fo=0)                   0.000    10.000    u_clock_gen/clock_i/clk_wiz_0/inst/clk_in1_p
    R4                   IBUFDS (Prop_ibufds_I_O)     0.817    10.817 r  u_clock_gen/clock_i/clk_wiz_0/inst/clkin1_ibufgds/O
                         net (fo=1, routed)           1.004    11.820    u_clock_gen/clock_i/clk_wiz_0/inst/clk_in1_clock_clk_wiz_0_0
    MMCME2_ADV_X1Y0      MMCME2_ADV (Prop_mmcme2_adv_CLKIN1_CLKOUT0)
                                                     -6.057     5.763 r  u_clock_gen/clock_i/clk_wiz_0/inst/mmcm_adv_inst/CLKOUT0
                         net (fo=1, routed)           1.352     7.116    u_clock_gen/clock_i/clk_wiz_0/inst/clk_out1_clock_clk_wiz_0_0
    BUFGCTRL_X0Y0        BUFG (Prop_bufg_I_O)         0.077     7.193 r  u_clock_gen/clock_i/clk_wiz_0/inst/clkout1_buf/O
                         net (fo=1199, routed)        1.284     8.476    u_cpu_unit/cpu_i/microblaze_mcs_0/inst/lmb_bram_I/U0/inst_blk_mem_gen/gnbram.gnative_mem_map_bmg.native_mem_map_blk_mem_gen/valid.cstr/ramloop[24].ram.r/prim_noinit.ram/clkb
    RAMB36_X0Y12         RAMB36E1                                     r  u_cpu_unit/cpu_i/microblaze_mcs_0/inst/lmb_bram_I/U0/inst_blk_mem_gen/gnbram.gnative_mem_map_bmg.native_mem_map_blk_mem_gen/valid.cstr/ramloop[24].ram.r/prim_noinit.ram/DEVICE_7SERIES.WITH_BMM_INFO.TRUE_DP.SIMPLE_PRIM36.TDP_SP36_NO_ECC_ATTR.ram/CLKBWRCLK
                         clock pessimism              0.315     8.791    
                         clock uncertainty           -0.066     8.725    
    RAMB36_X0Y12         RAMB36E1 (Setup_ramb36e1_CLKBWRCLK_ADDRBWRADDR[12])
                                                     -0.490     8.235    u_cpu_unit/cpu_i/microblaze_mcs_0/inst/lmb_bram_I/U0/inst_blk_mem_gen/gnbram.gnative_mem_map_bmg.native_mem_map_blk_mem_gen/valid.cstr/ramloop[24].ram.r/prim_noinit.ram/DEVICE_7SERIES.WITH_BMM_INFO.TRUE_DP.SIMPLE_PRIM36.TDP_SP36_NO_ECC_ATTR.ram
  -------------------------------------------------------------------
                         required time                          8.235    
                         arrival time                          -5.496    
  -------------------------------------------------------------------
                         slack                                  2.738    

Slack (MET) :             2.744ns  (required time - arrival time)
  Source:                 u_cpu_unit/cpu_i/microblaze_mcs_0/inst/microblaze_I/U0/MicroBlaze_Core_I/Area.Core/Decode_I/Using_FPGA.ALU_OP0_FDRE/Using_FPGA.Native/C
                            (rising edge-triggered cell FDRE clocked by clk_out1_clock_clk_wiz_0_0  {rise@0.000ns fall@5.000ns period=10.000ns})
  Destination:            u_cpu_unit/cpu_i/microblaze_mcs_0/inst/lmb_bram_I/U0/inst_blk_mem_gen/gnbram.gnative_mem_map_bmg.native_mem_map_blk_mem_gen/valid.cstr/ramloop[2].ram.r/prim_noinit.ram/DEVICE_7SERIES.WITH_BMM_INFO.TRUE_DP.SIMPLE_PRIM36.TDP_SP36_NO_ECC_ATTR.ram/ADDRBWRADDR[8]
                            (rising edge-triggered cell RAMB36E1 clocked by clk_out1_clock_clk_wiz_0_0  {rise@0.000ns fall@5.000ns period=10.000ns})
  Path Group:             clk_out1_clock_clk_wiz_0_0
  Path Type:              Setup (Max at Slow Process Corner)
  Requirement:            10.000ns  (clk_out1_clock_clk_wiz_0_0 rise@10.000ns - clk_out1_clock_clk_wiz_0_0 rise@0.000ns)
  Data Path Delay:        6.632ns  (logic 1.402ns (21.141%)  route 5.230ns (78.859%))
  Logic Levels:           4  (CARRY4=2 LUT3=1 LUT6=1)
  Clock Path Skew:        -0.068ns (DCD - SCD + CPR)
    Destination Clock Delay (DCD):    -1.521ns = ( 8.479 - 10.000 ) 
    Source Clock Delay      (SCD):    -1.145ns
    Clock Pessimism Removal (CPR):    0.308ns
  Clock Uncertainty:      0.066ns  ((TSJ^2 + DJ^2)^1/2) / 2 + PE
    Total System Jitter     (TSJ):    0.071ns
    Discrete Jitter          (DJ):    0.112ns
    Phase Error              (PE):    0.000ns

    Location             Delay type                Incr(ns)  Path(ns)    Netlist Resource(s)
  -------------------------------------------------------------------    -------------------
                         (clock clk_out1_clock_clk_wiz_0_0 rise edge)
                                                      0.000     0.000 r  
    R4                                                0.000     0.000 r  sys_clk_p (IN)
                         net (fo=0)                   0.000     0.000    u_clock_gen/clock_i/clk_wiz_0/inst/clk_in1_p
    R4                   IBUFDS (Prop_ibufds_I_O)     0.855     0.855 r  u_clock_gen/clock_i/clk_wiz_0/inst/clkin1_ibufgds/O
                         net (fo=1, routed)           1.065     1.920    u_clock_gen/clock_i/clk_wiz_0/inst/clk_in1_clock_clk_wiz_0_0
    MMCME2_ADV_X1Y0      MMCME2_ADV (Prop_mmcme2_adv_CLKIN1_CLKOUT0)
                                                     -5.921    -4.001 r  u_clock_gen/clock_i/clk_wiz_0/inst/mmcm_adv_inst/CLKOUT0
                         net (fo=1, routed)           1.421    -2.581    u_clock_gen/clock_i/clk_wiz_0/inst/clk_out1_clock_clk_wiz_0_0
    BUFGCTRL_X0Y0        BUFG (Prop_bufg_I_O)         0.081    -2.500 r  u_clock_gen/clock_i/clk_wiz_0/inst/clkout1_buf/O
                         net (fo=1199, routed)        1.354    -1.145    u_cpu_unit/cpu_i/microblaze_mcs_0/inst/microblaze_I/U0/MicroBlaze_Core_I/Area.Core/Decode_I/Using_FPGA.ALU_OP0_FDRE/Clk
    SLICE_X46Y59         FDRE                                         r  u_cpu_unit/cpu_i/microblaze_mcs_0/inst/microblaze_I/U0/MicroBlaze_Core_I/Area.Core/Decode_I/Using_FPGA.ALU_OP0_FDRE/Using_FPGA.Native/C
  -------------------------------------------------------------------    -------------------
    SLICE_X46Y59         FDRE (Prop_fdre_C_Q)         0.433    -0.712 r  u_cpu_unit/cpu_i/microblaze_mcs_0/inst/microblaze_I/U0/MicroBlaze_Core_I/Area.Core/Decode_I/Using_FPGA.ALU_OP0_FDRE/Using_FPGA.Native/Q
                         net (fo=64, routed)          1.413     0.700    u_cpu_unit/cpu_i/microblaze_mcs_0/inst/microblaze_I/U0/MicroBlaze_Core_I/Area.Core/Data_Flow_I/ALU_I/Using_FPGA.ALL_Bits[25].ALU_Bit_I1/Not_Last_Bit.I_ALU_LUT_V5/Using_FPGA.Native/I1
    SLICE_X43Y49         LUT6 (Prop_lut6_I1_O)        0.105     0.805 r  u_cpu_unit/cpu_i/microblaze_mcs_0/inst/microblaze_I/U0/MicroBlaze_Core_I/Area.Core/Data_Flow_I/ALU_I/Using_FPGA.ALL_Bits[25].ALU_Bit_I1/Not_Last_Bit.I_ALU_LUT_V5/Using_FPGA.Native/LUT6/O
                         net (fo=1, routed)           0.000     0.805    u_cpu_unit/cpu_i/microblaze_mcs_0/inst/microblaze_I/U0/MicroBlaze_Core_I/Area.Core/Data_Flow_I/ALU_I/Using_FPGA.ALL_Bits[28].ALU_Bit_I1/Not_Last_Bit.MUXCY_XOR_I/lopt_9
    SLICE_X43Y49         CARRY4 (Prop_carry4_S[3]_CO[3])
                                                      0.332     1.137 r  u_cpu_unit/cpu_i/microblaze_mcs_0/inst/microblaze_I/U0/MicroBlaze_Core_I/Area.Core/Data_Flow_I/ALU_I/Using_FPGA.ALL_Bits[28].ALU_Bit_I1/Not_Last_Bit.MUXCY_XOR_I/Using_FPGA.Native_I1_CARRY4/CO[3]
                         net (fo=1, routed)           0.001     1.138    u_cpu_unit/cpu_i/microblaze_mcs_0/inst/microblaze_I/U0/MicroBlaze_Core_I/Area.Core/Data_Flow_I/ALU_I/Using_FPGA.ALL_Bits[24].ALU_Bit_I1/Not_Last_Bit.MUXCY_XOR_I/LO
    SLICE_X43Y50         CARRY4 (Prop_carry4_CI_O[3])
                                                      0.275     1.413 r  u_cpu_unit/cpu_i/microblaze_mcs_0/inst/microblaze_I/U0/MicroBlaze_Core_I/Area.Core/Data_Flow_I/ALU_I/Using_FPGA.ALL_Bits[24].ALU_Bit_I1/Not_Last_Bit.MUXCY_XOR_I/Using_FPGA.Native_I1_CARRY4/O[3]
                         net (fo=35, routed)          1.130     2.543    u_cpu_unit/cpu_i/microblaze_mcs_0/inst/microblaze_I/U0/MicroBlaze_Core_I/Area.Core/Data_Flow_I/PC_Module_I/Not_All_Bits.Using_FPGA.PC_GEN[21].PC_Bit_I/NewPC_Mux/Using_FPGA.Native_1[0]
    SLICE_X57Y53         LUT3 (Prop_lut3_I1_O)        0.257     2.800 r  u_cpu_unit/cpu_i/microblaze_mcs_0/inst/microblaze_I/U0/MicroBlaze_Core_I/Area.Core/Data_Flow_I/PC_Module_I/Not_All_Bits.Using_FPGA.PC_GEN[21].PC_Bit_I/NewPC_Mux/Using_FPGA.Native/O
                         net (fo=33, routed)          2.686     5.486    u_cpu_unit/cpu_i/microblaze_mcs_0/inst/lmb_bram_I/U0/inst_blk_mem_gen/gnbram.gnative_mem_map_bmg.native_mem_map_blk_mem_gen/valid.cstr/ramloop[2].ram.r/prim_noinit.ram/addrb[8]
    RAMB36_X0Y5          RAMB36E1                                     r  u_cpu_unit/cpu_i/microblaze_mcs_0/inst/lmb_bram_I/U0/inst_blk_mem_gen/gnbram.gnative_mem_map_bmg.native_mem_map_blk_mem_gen/valid.cstr/ramloop[2].ram.r/prim_noinit.ram/DEVICE_7SERIES.WITH_BMM_INFO.TRUE_DP.SIMPLE_PRIM36.TDP_SP36_NO_ECC_ATTR.ram/ADDRBWRADDR[8]
  -------------------------------------------------------------------    -------------------

                         (clock clk_out1_clock_clk_wiz_0_0 rise edge)
                                                     10.000    10.000 r  
    R4                                                0.000    10.000 r  sys_clk_p (IN)
                         net (fo=0)                   0.000    10.000    u_clock_gen/clock_i/clk_wiz_0/inst/clk_in1_p
    R4                   IBUFDS (Prop_ibufds_I_O)     0.817    10.817 r  u_clock_gen/clock_i/clk_wiz_0/inst/clkin1_ibufgds/O
                         net (fo=1, routed)           1.004    11.820    u_clock_gen/clock_i/clk_wiz_0/inst/clk_in1_clock_clk_wiz_0_0
    MMCME2_ADV_X1Y0      MMCME2_ADV (Prop_mmcme2_adv_CLKIN1_CLKOUT0)
                                                     -6.057     5.763 r  u_clock_gen/clock_i/clk_wiz_0/inst/mmcm_adv_inst/CLKOUT0
                         net (fo=1, routed)           1.352     7.116    u_clock_gen/clock_i/clk_wiz_0/inst/clk_out1_clock_clk_wiz_0_0
    BUFGCTRL_X0Y0        BUFG (Prop_bufg_I_O)         0.077     7.193 r  u_clock_gen/clock_i/clk_wiz_0/inst/clkout1_buf/O
                         net (fo=1199, routed)        1.286     8.479    u_cpu_unit/cpu_i/microblaze_mcs_0/inst/lmb_bram_I/U0/inst_blk_mem_gen/gnbram.gnative_mem_map_bmg.native_mem_map_blk_mem_gen/valid.cstr/ramloop[2].ram.r/prim_noinit.ram/clkb
    RAMB36_X0Y5          RAMB36E1                                     r  u_cpu_unit/cpu_i/microblaze_mcs_0/inst/lmb_bram_I/U0/inst_blk_mem_gen/gnbram.gnative_mem_map_bmg.native_mem_map_blk_mem_gen/valid.cstr/ramloop[2].ram.r/prim_noinit.ram/DEVICE_7SERIES.WITH_BMM_INFO.TRUE_DP.SIMPLE_PRIM36.TDP_SP36_NO_ECC_ATTR.ram/CLKBWRCLK
                         clock pessimism              0.308     8.787    
                         clock uncertainty           -0.066     8.720    
    RAMB36_X0Y5          RAMB36E1 (Setup_ramb36e1_CLKBWRCLK_ADDRBWRADDR[8])
                                                     -0.490     8.230    u_cpu_unit/cpu_i/microblaze_mcs_0/inst/lmb_bram_I/U0/inst_blk_mem_gen/gnbram.gnative_mem_map_bmg.native_mem_map_blk_mem_gen/valid.cstr/ramloop[2].ram.r/prim_noinit.ram/DEVICE_7SERIES.WITH_BMM_INFO.TRUE_DP.SIMPLE_PRIM36.TDP_SP36_NO_ECC_ATTR.ram
  -------------------------------------------------------------------
                         required time                          8.230    
                         arrival time                          -5.486    
  -------------------------------------------------------------------
                         slack                                  2.744    

Slack (MET) :             2.780ns  (required time - arrival time)
  Source:                 u_cpu_unit/cpu_i/microblaze_mcs_0/inst/microblaze_I/U0/MicroBlaze_Core_I/Area.Core/Decode_I/Using_FPGA.ALU_OP0_FDRE/Using_FPGA.Native/C
                            (rising edge-triggered cell FDRE clocked by clk_out1_clock_clk_wiz_0_0  {rise@0.000ns fall@5.000ns period=10.000ns})
  Destination:            u_cpu_unit/cpu_i/microblaze_mcs_0/inst/lmb_bram_I/U0/inst_blk_mem_gen/gnbram.gnative_mem_map_bmg.native_mem_map_blk_mem_gen/valid.cstr/ramloop[2].ram.r/prim_noinit.ram/DEVICE_7SERIES.WITH_BMM_INFO.TRUE_DP.SIMPLE_PRIM36.TDP_SP36_NO_ECC_ATTR.ram/ADDRBWRADDR[12]
                            (rising edge-triggered cell RAMB36E1 clocked by clk_out1_clock_clk_wiz_0_0  {rise@0.000ns fall@5.000ns period=10.000ns})
  Path Group:             clk_out1_clock_clk_wiz_0_0
  Path Type:              Setup (Max at Slow Process Corner)
  Requirement:            10.000ns  (clk_out1_clock_clk_wiz_0_0 rise@10.000ns - clk_out1_clock_clk_wiz_0_0 rise@0.000ns)
  Data Path Delay:        6.596ns  (logic 1.485ns (22.514%)  route 5.111ns (77.486%))
  Logic Levels:           5  (CARRY4=3 LUT3=1 LUT6=1)
  Clock Path Skew:        -0.068ns (DCD - SCD + CPR)
    Destination Clock Delay (DCD):    -1.521ns = ( 8.479 - 10.000 ) 
    Source Clock Delay      (SCD):    -1.145ns
    Clock Pessimism Removal (CPR):    0.308ns
  Clock Uncertainty:      0.066ns  ((TSJ^2 + DJ^2)^1/2) / 2 + PE
    Total System Jitter     (TSJ):    0.071ns
    Discrete Jitter          (DJ):    0.112ns
    Phase Error              (PE):    0.000ns

    Location             Delay type                Incr(ns)  Path(ns)    Netlist Resource(s)
  -------------------------------------------------------------------    -------------------
                         (clock clk_out1_clock_clk_wiz_0_0 rise edge)
                                                      0.000     0.000 r  
    R4                                                0.000     0.000 r  sys_clk_p (IN)
                         net (fo=0)                   0.000     0.000    u_clock_gen/clock_i/clk_wiz_0/inst/clk_in1_p
    R4                   IBUFDS (Prop_ibufds_I_O)     0.855     0.855 r  u_clock_gen/clock_i/clk_wiz_0/inst/clkin1_ibufgds/O
                         net (fo=1, routed)           1.065     1.920    u_clock_gen/clock_i/clk_wiz_0/inst/clk_in1_clock_clk_wiz_0_0
    MMCME2_ADV_X1Y0      MMCME2_ADV (Prop_mmcme2_adv_CLKIN1_CLKOUT0)
                                                     -5.921    -4.001 r  u_clock_gen/clock_i/clk_wiz_0/inst/mmcm_adv_inst/CLKOUT0
                         net (fo=1, routed)           1.421    -2.581    u_clock_gen/clock_i/clk_wiz_0/inst/clk_out1_clock_clk_wiz_0_0
    BUFGCTRL_X0Y0        BUFG (Prop_bufg_I_O)         0.081    -2.500 r  u_clock_gen/clock_i/clk_wiz_0/inst/clkout1_buf/O
                         net (fo=1199, routed)        1.354    -1.145    u_cpu_unit/cpu_i/microblaze_mcs_0/inst/microblaze_I/U0/MicroBlaze_Core_I/Area.Core/Decode_I/Using_FPGA.ALU_OP0_FDRE/Clk
    SLICE_X46Y59         FDRE                                         r  u_cpu_unit/cpu_i/microblaze_mcs_0/inst/microblaze_I/U0/MicroBlaze_Core_I/Area.Core/Decode_I/Using_FPGA.ALU_OP0_FDRE/Using_FPGA.Native/C
  -------------------------------------------------------------------    -------------------
    SLICE_X46Y59         FDRE (Prop_fdre_C_Q)         0.433    -0.712 r  u_cpu_unit/cpu_i/microblaze_mcs_0/inst/microblaze_I/U0/MicroBlaze_Core_I/Area.Core/Decode_I/Using_FPGA.ALU_OP0_FDRE/Using_FPGA.Native/Q
                         net (fo=64, routed)          1.413     0.700    u_cpu_unit/cpu_i/microblaze_mcs_0/inst/microblaze_I/U0/MicroBlaze_Core_I/Area.Core/Data_Flow_I/ALU_I/Using_FPGA.ALL_Bits[25].ALU_Bit_I1/Not_Last_Bit.I_ALU_LUT_V5/Using_FPGA.Native/I1
    SLICE_X43Y49         LUT6 (Prop_lut6_I1_O)        0.105     0.805 r  u_cpu_unit/cpu_i/microblaze_mcs_0/inst/microblaze_I/U0/MicroBlaze_Core_I/Area.Core/Data_Flow_I/ALU_I/Using_FPGA.ALL_Bits[25].ALU_Bit_I1/Not_Last_Bit.I_ALU_LUT_V5/Using_FPGA.Native/LUT6/O
                         net (fo=1, routed)           0.000     0.805    u_cpu_unit/cpu_i/microblaze_mcs_0/inst/microblaze_I/U0/MicroBlaze_Core_I/Area.Core/Data_Flow_I/ALU_I/Using_FPGA.ALL_Bits[28].ALU_Bit_I1/Not_Last_Bit.MUXCY_XOR_I/lopt_9
    SLICE_X43Y49         CARRY4 (Prop_carry4_S[3]_CO[3])
                                                      0.332     1.137 r  u_cpu_unit/cpu_i/microblaze_mcs_0/inst/microblaze_I/U0/MicroBlaze_Core_I/Area.Core/Data_Flow_I/ALU_I/Using_FPGA.ALL_Bits[28].ALU_Bit_I1/Not_Last_Bit.MUXCY_XOR_I/Using_FPGA.Native_I1_CARRY4/CO[3]
                         net (fo=1, routed)           0.001     1.138    u_cpu_unit/cpu_i/microblaze_mcs_0/inst/microblaze_I/U0/MicroBlaze_Core_I/Area.Core/Data_Flow_I/ALU_I/Using_FPGA.ALL_Bits[24].ALU_Bit_I1/Not_Last_Bit.MUXCY_XOR_I/LO
    SLICE_X43Y50         CARRY4 (Prop_carry4_CI_CO[3])
                                                      0.098     1.236 r  u_cpu_unit/cpu_i/microblaze_mcs_0/inst/microblaze_I/U0/MicroBlaze_Core_I/Area.Core/Data_Flow_I/ALU_I/Using_FPGA.ALL_Bits[24].ALU_Bit_I1/Not_Last_Bit.MUXCY_XOR_I/Using_FPGA.Native_I1_CARRY4/CO[3]
                         net (fo=1, routed)           0.000     1.236    u_cpu_unit/cpu_i/microblaze_mcs_0/inst/microblaze_I/U0/MicroBlaze_Core_I/Area.Core/Data_Flow_I/ALU_I/Using_FPGA.ALL_Bits[20].ALU_Bit_I1/Not_Last_Bit.MUXCY_XOR_I/LO
    SLICE_X43Y51         CARRY4 (Prop_carry4_CI_O[3])
                                                      0.260     1.496 r  u_cpu_unit/cpu_i/microblaze_mcs_0/inst/microblaze_I/U0/MicroBlaze_Core_I/Area.Core/Data_Flow_I/ALU_I/Using_FPGA.ALL_Bits[20].ALU_Bit_I1/Not_Last_Bit.MUXCY_XOR_I/Using_FPGA.Native_I1_CARRY4/O[3]
                         net (fo=34, routed)          1.181     2.677    u_cpu_unit/cpu_i/microblaze_mcs_0/inst/microblaze_I/U0/MicroBlaze_Core_I/Area.Core/Data_Flow_I/PC_Module_I/Not_All_Bits.Using_FPGA.PC_GEN[17].PC_Bit_I/NewPC_Mux/Using_FPGA.Native_1[0]
    SLICE_X57Y53         LUT3 (Prop_lut3_I1_O)        0.257     2.934 r  u_cpu_unit/cpu_i/microblaze_mcs_0/inst/microblaze_I/U0/MicroBlaze_Core_I/Area.Core/Data_Flow_I/PC_Module_I/Not_All_Bits.Using_FPGA.PC_GEN[17].PC_Bit_I/NewPC_Mux/Using_FPGA.Native/O
                         net (fo=33, routed)          2.516     5.450    u_cpu_unit/cpu_i/microblaze_mcs_0/inst/lmb_bram_I/U0/inst_blk_mem_gen/gnbram.gnative_mem_map_bmg.native_mem_map_blk_mem_gen/valid.cstr/ramloop[2].ram.r/prim_noinit.ram/addrb[12]
    RAMB36_X0Y5          RAMB36E1                                     r  u_cpu_unit/cpu_i/microblaze_mcs_0/inst/lmb_bram_I/U0/inst_blk_mem_gen/gnbram.gnative_mem_map_bmg.native_mem_map_blk_mem_gen/valid.cstr/ramloop[2].ram.r/prim_noinit.ram/DEVICE_7SERIES.WITH_BMM_INFO.TRUE_DP.SIMPLE_PRIM36.TDP_SP36_NO_ECC_ATTR.ram/ADDRBWRADDR[12]
  -------------------------------------------------------------------    -------------------

                         (clock clk_out1_clock_clk_wiz_0_0 rise edge)
                                                     10.000    10.000 r  
    R4                                                0.000    10.000 r  sys_clk_p (IN)
                         net (fo=0)                   0.000    10.000    u_clock_gen/clock_i/clk_wiz_0/inst/clk_in1_p
    R4                   IBUFDS (Prop_ibufds_I_O)     0.817    10.817 r  u_clock_gen/clock_i/clk_wiz_0/inst/clkin1_ibufgds/O
                         net (fo=1, routed)           1.004    11.820    u_clock_gen/clock_i/clk_wiz_0/inst/clk_in1_clock_clk_wiz_0_0
    MMCME2_ADV_X1Y0      MMCME2_ADV (Prop_mmcme2_adv_CLKIN1_CLKOUT0)
                                                     -6.057     5.763 r  u_clock_gen/clock_i/clk_wiz_0/inst/mmcm_adv_inst/CLKOUT0
                         net (fo=1, routed)           1.352     7.116    u_clock_gen/clock_i/clk_wiz_0/inst/clk_out1_clock_clk_wiz_0_0
    BUFGCTRL_X0Y0        BUFG (Prop_bufg_I_O)         0.077     7.193 r  u_clock_gen/clock_i/clk_wiz_0/inst/clkout1_buf/O
                         net (fo=1199, routed)        1.286     8.479    u_cpu_unit/cpu_i/microblaze_mcs_0/inst/lmb_bram_I/U0/inst_blk_mem_gen/gnbram.gnative_mem_map_bmg.native_mem_map_blk_mem_gen/valid.cstr/ramloop[2].ram.r/prim_noinit.ram/clkb
    RAMB36_X0Y5          RAMB36E1                                     r  u_cpu_unit/cpu_i/microblaze_mcs_0/inst/lmb_bram_I/U0/inst_blk_mem_gen/gnbram.gnative_mem_map_bmg.native_mem_map_blk_mem_gen/valid.cstr/ramloop[2].ram.r/prim_noinit.ram/DEVICE_7SERIES.WITH_BMM_INFO.TRUE_DP.SIMPLE_PRIM36.TDP_SP36_NO_ECC_ATTR.ram/CLKBWRCLK
                         clock pessimism              0.308     8.787    
                         clock uncertainty           -0.066     8.720    
    RAMB36_X0Y5          RAMB36E1 (Setup_ramb36e1_CLKBWRCLK_ADDRBWRADDR[12])
                                                     -0.490     8.230    u_cpu_unit/cpu_i/microblaze_mcs_0/inst/lmb_bram_I/U0/inst_blk_mem_gen/gnbram.gnative_mem_map_bmg.native_mem_map_blk_mem_gen/valid.cstr/ramloop[2].ram.r/prim_noinit.ram/DEVICE_7SERIES.WITH_BMM_INFO.TRUE_DP.SIMPLE_PRIM36.TDP_SP36_NO_ECC_ATTR.ram
  -------------------------------------------------------------------
                         required time                          8.230    
                         arrival time                          -5.450    
  -------------------------------------------------------------------
                         slack                                  2.780    

Slack (MET) :             2.787ns  (required time - arrival time)
  Source:                 u_cpu_unit/cpu_i/microblaze_mcs_0/inst/microblaze_I/U0/MicroBlaze_Core_I/Area.Core/Decode_I/Using_FPGA.ALU_OP0_FDRE/Using_FPGA.Native/C
                            (rising edge-triggered cell FDRE clocked by clk_out1_clock_clk_wiz_0_0  {rise@0.000ns fall@5.000ns period=10.000ns})
  Destination:            u_cpu_unit/cpu_i/microblaze_mcs_0/inst/lmb_bram_I/U0/inst_blk_mem_gen/gnbram.gnative_mem_map_bmg.native_mem_map_blk_mem_gen/valid.cstr/ramloop[2].ram.r/prim_noinit.ram/DEVICE_7SERIES.WITH_BMM_INFO.TRUE_DP.SIMPLE_PRIM36.TDP_SP36_NO_ECC_ATTR.ram/ADDRBWRADDR[6]
                            (rising edge-triggered cell RAMB36E1 clocked by clk_out1_clock_clk_wiz_0_0  {rise@0.000ns fall@5.000ns period=10.000ns})
  Path Group:             clk_out1_clock_clk_wiz_0_0
  Path Type:              Setup (Max at Slow Process Corner)
  Requirement:            10.000ns  (clk_out1_clock_clk_wiz_0_0 rise@10.000ns - clk_out1_clock_clk_wiz_0_0 rise@0.000ns)
  Data Path Delay:        6.589ns  (logic 1.397ns (21.202%)  route 5.192ns (78.798%))
  Logic Levels:           4  (CARRY4=2 LUT3=1 LUT6=1)
  Clock Path Skew:        -0.068ns (DCD - SCD + CPR)
    Destination Clock Delay (DCD):    -1.521ns = ( 8.479 - 10.000 ) 
    Source Clock Delay      (SCD):    -1.145ns
    Clock Pessimism Removal (CPR):    0.308ns
  Clock Uncertainty:      0.066ns  ((TSJ^2 + DJ^2)^1/2) / 2 + PE
    Total System Jitter     (TSJ):    0.071ns
    Discrete Jitter          (DJ):    0.112ns
    Phase Error              (PE):    0.000ns

    Location             Delay type                Incr(ns)  Path(ns)    Netlist Resource(s)
  -------------------------------------------------------------------    -------------------
                         (clock clk_out1_clock_clk_wiz_0_0 rise edge)
                                                      0.000     0.000 r  
    R4                                                0.000     0.000 r  sys_clk_p (IN)
                         net (fo=0)                   0.000     0.000    u_clock_gen/clock_i/clk_wiz_0/inst/clk_in1_p
    R4                   IBUFDS (Prop_ibufds_I_O)     0.855     0.855 r  u_clock_gen/clock_i/clk_wiz_0/inst/clkin1_ibufgds/O
                         net (fo=1, routed)           1.065     1.920    u_clock_gen/clock_i/clk_wiz_0/inst/clk_in1_clock_clk_wiz_0_0
    MMCME2_ADV_X1Y0      MMCME2_ADV (Prop_mmcme2_adv_CLKIN1_CLKOUT0)
                                                     -5.921    -4.001 r  u_clock_gen/clock_i/clk_wiz_0/inst/mmcm_adv_inst/CLKOUT0
                         net (fo=1, routed)           1.421    -2.581    u_clock_gen/clock_i/clk_wiz_0/inst/clk_out1_clock_clk_wiz_0_0
    BUFGCTRL_X0Y0        BUFG (Prop_bufg_I_O)         0.081    -2.500 r  u_clock_gen/clock_i/clk_wiz_0/inst/clkout1_buf/O
                         net (fo=1199, routed)        1.354    -1.145    u_cpu_unit/cpu_i/microblaze_mcs_0/inst/microblaze_I/U0/MicroBlaze_Core_I/Area.Core/Decode_I/Using_FPGA.ALU_OP0_FDRE/Clk
    SLICE_X46Y59         FDRE                                         r  u_cpu_unit/cpu_i/microblaze_mcs_0/inst/microblaze_I/U0/MicroBlaze_Core_I/Area.Core/Decode_I/Using_FPGA.ALU_OP0_FDRE/Using_FPGA.Native/C
  -------------------------------------------------------------------    -------------------
    SLICE_X46Y59         FDRE (Prop_fdre_C_Q)         0.433    -0.712 r  u_cpu_unit/cpu_i/microblaze_mcs_0/inst/microblaze_I/U0/MicroBlaze_Core_I/Area.Core/Decode_I/Using_FPGA.ALU_OP0_FDRE/Using_FPGA.Native/Q
                         net (fo=64, routed)          1.413     0.700    u_cpu_unit/cpu_i/microblaze_mcs_0/inst/microblaze_I/U0/MicroBlaze_Core_I/Area.Core/Data_Flow_I/ALU_I/Using_FPGA.ALL_Bits[25].ALU_Bit_I1/Not_Last_Bit.I_ALU_LUT_V5/Using_FPGA.Native/I1
    SLICE_X43Y49         LUT6 (Prop_lut6_I1_O)        0.105     0.805 r  u_cpu_unit/cpu_i/microblaze_mcs_0/inst/microblaze_I/U0/MicroBlaze_Core_I/Area.Core/Data_Flow_I/ALU_I/Using_FPGA.ALL_Bits[25].ALU_Bit_I1/Not_Last_Bit.I_ALU_LUT_V5/Using_FPGA.Native/LUT6/O
                         net (fo=1, routed)           0.000     0.805    u_cpu_unit/cpu_i/microblaze_mcs_0/inst/microblaze_I/U0/MicroBlaze_Core_I/Area.Core/Data_Flow_I/ALU_I/Using_FPGA.ALL_Bits[28].ALU_Bit_I1/Not_Last_Bit.MUXCY_XOR_I/lopt_9
    SLICE_X43Y49         CARRY4 (Prop_carry4_S[3]_CO[3])
                                                      0.332     1.137 r  u_cpu_unit/cpu_i/microblaze_mcs_0/inst/microblaze_I/U0/MicroBlaze_Core_I/Area.Core/Data_Flow_I/ALU_I/Using_FPGA.ALL_Bits[28].ALU_Bit_I1/Not_Last_Bit.MUXCY_XOR_I/Using_FPGA.Native_I1_CARRY4/CO[3]
                         net (fo=1, routed)           0.001     1.138    u_cpu_unit/cpu_i/microblaze_mcs_0/inst/microblaze_I/U0/MicroBlaze_Core_I/Area.Core/Data_Flow_I/ALU_I/Using_FPGA.ALL_Bits[24].ALU_Bit_I1/Not_Last_Bit.MUXCY_XOR_I/LO
    SLICE_X43Y50         CARRY4 (Prop_carry4_CI_O[1])
                                                      0.277     1.415 r  u_cpu_unit/cpu_i/microblaze_mcs_0/inst/microblaze_I/U0/MicroBlaze_Core_I/Area.Core/Data_Flow_I/ALU_I/Using_FPGA.ALL_Bits[24].ALU_Bit_I1/Not_Last_Bit.MUXCY_XOR_I/Using_FPGA.Native_I1_CARRY4/O[1]
                         net (fo=35, routed)          1.204     2.619    u_cpu_unit/cpu_i/microblaze_mcs_0/inst/microblaze_I/U0/MicroBlaze_Core_I/Area.Core/Data_Flow_I/PC_Module_I/Not_All_Bits.Using_FPGA.PC_GEN[23].PC_Bit_I/NewPC_Mux/Using_FPGA.Native_1[0]
    SLICE_X57Y48         LUT3 (Prop_lut3_I1_O)        0.250     2.869 r  u_cpu_unit/cpu_i/microblaze_mcs_0/inst/microblaze_I/U0/MicroBlaze_Core_I/Area.Core/Data_Flow_I/PC_Module_I/Not_All_Bits.Using_FPGA.PC_GEN[23].PC_Bit_I/NewPC_Mux/Using_FPGA.Native/O
                         net (fo=33, routed)          2.574     5.444    u_cpu_unit/cpu_i/microblaze_mcs_0/inst/lmb_bram_I/U0/inst_blk_mem_gen/gnbram.gnative_mem_map_bmg.native_mem_map_blk_mem_gen/valid.cstr/ramloop[2].ram.r/prim_noinit.ram/addrb[6]
    RAMB36_X0Y5          RAMB36E1                                     r  u_cpu_unit/cpu_i/microblaze_mcs_0/inst/lmb_bram_I/U0/inst_blk_mem_gen/gnbram.gnative_mem_map_bmg.native_mem_map_blk_mem_gen/valid.cstr/ramloop[2].ram.r/prim_noinit.ram/DEVICE_7SERIES.WITH_BMM_INFO.TRUE_DP.SIMPLE_PRIM36.TDP_SP36_NO_ECC_ATTR.ram/ADDRBWRADDR[6]
  -------------------------------------------------------------------    -------------------

                         (clock clk_out1_clock_clk_wiz_0_0 rise edge)
                                                     10.000    10.000 r  
    R4                                                0.000    10.000 r  sys_clk_p (IN)
                         net (fo=0)                   0.000    10.000    u_clock_gen/clock_i/clk_wiz_0/inst/clk_in1_p
    R4                   IBUFDS (Prop_ibufds_I_O)     0.817    10.817 r  u_clock_gen/clock_i/clk_wiz_0/inst/clkin1_ibufgds/O
                         net (fo=1, routed)           1.004    11.820    u_clock_gen/clock_i/clk_wiz_0/inst/clk_in1_clock_clk_wiz_0_0
    MMCME2_ADV_X1Y0      MMCME2_ADV (Prop_mmcme2_adv_CLKIN1_CLKOUT0)
                                                     -6.057     5.763 r  u_clock_gen/clock_i/clk_wiz_0/inst/mmcm_adv_inst/CLKOUT0
                         net (fo=1, routed)           1.352     7.116    u_clock_gen/clock_i/clk_wiz_0/inst/clk_out1_clock_clk_wiz_0_0
    BUFGCTRL_X0Y0        BUFG (Prop_bufg_I_O)         0.077     7.193 r  u_clock_gen/clock_i/clk_wiz_0/inst/clkout1_buf/O
                         net (fo=1199, routed)        1.286     8.479    u_cpu_unit/cpu_i/microblaze_mcs_0/inst/lmb_bram_I/U0/inst_blk_mem_gen/gnbram.gnative_mem_map_bmg.native_mem_map_blk_mem_gen/valid.cstr/ramloop[2].ram.r/prim_noinit.ram/clkb
    RAMB36_X0Y5          RAMB36E1                                     r  u_cpu_unit/cpu_i/microblaze_mcs_0/inst/lmb_bram_I/U0/inst_blk_mem_gen/gnbram.gnative_mem_map_bmg.native_mem_map_blk_mem_gen/valid.cstr/ramloop[2].ram.r/prim_noinit.ram/DEVICE_7SERIES.WITH_BMM_INFO.TRUE_DP.SIMPLE_PRIM36.TDP_SP36_NO_ECC_ATTR.ram/CLKBWRCLK
                         clock pessimism              0.308     8.787    
                         clock uncertainty           -0.066     8.720    
    RAMB36_X0Y5          RAMB36E1 (Setup_ramb36e1_CLKBWRCLK_ADDRBWRADDR[6])
                                                     -0.490     8.230    u_cpu_unit/cpu_i/microblaze_mcs_0/inst/lmb_bram_I/U0/inst_blk_mem_gen/gnbram.gnative_mem_map_bmg.native_mem_map_blk_mem_gen/valid.cstr/ramloop[2].ram.r/prim_noinit.ram/DEVICE_7SERIES.WITH_BMM_INFO.TRUE_DP.SIMPLE_PRIM36.TDP_SP36_NO_ECC_ATTR.ram
  -------------------------------------------------------------------
                         required time                          8.230    
                         arrival time                          -5.444    
  -------------------------------------------------------------------
                         slack                                  2.787    

Slack (MET) :             2.817ns  (required time - arrival time)
  Source:                 u_cpu_unit/cpu_i/microblaze_mcs_0/inst/microblaze_I/U0/MicroBlaze_Core_I/Area.Core/Decode_I/ex_Valid_reg/C
                            (rising edge-triggered cell FDRE clocked by clk_out1_clock_clk_wiz_0_0  {rise@0.000ns fall@5.000ns period=10.000ns})
  Destination:            u_cpu_unit/cpu_i/microblaze_mcs_0/inst/lmb_bram_I/U0/inst_blk_mem_gen/gnbram.gnative_mem_map_bmg.native_mem_map_blk_mem_gen/valid.cstr/ramloop[2].ram.r/prim_noinit.ram/DEVICE_7SERIES.WITH_BMM_INFO.TRUE_DP.SIMPLE_PRIM36.TDP_SP36_NO_ECC_ATTR.ram/ADDRBWRADDR[13]
                            (rising edge-triggered cell RAMB36E1 clocked by clk_out1_clock_clk_wiz_0_0  {rise@0.000ns fall@5.000ns period=10.000ns})
  Path Group:             clk_out1_clock_clk_wiz_0_0
  Path Type:              Setup (Max at Slow Process Corner)
  Requirement:            10.000ns  (clk_out1_clock_clk_wiz_0_0 rise@10.000ns - clk_out1_clock_clk_wiz_0_0 rise@0.000ns)
  Data Path Delay:        6.558ns  (logic 1.631ns (24.869%)  route 4.927ns (75.131%))
  Logic Levels:           6  (CARRY4=4 LUT3=1 LUT6=1)
  Clock Path Skew:        -0.068ns (DCD - SCD + CPR)
    Destination Clock Delay (DCD):    -1.521ns = ( 8.479 - 10.000 ) 
    Source Clock Delay      (SCD):    -1.145ns
    Clock Pessimism Removal (CPR):    0.308ns
  Clock Uncertainty:      0.066ns  ((TSJ^2 + DJ^2)^1/2) / 2 + PE
    Total System Jitter     (TSJ):    0.071ns
    Discrete Jitter          (DJ):    0.112ns
    Phase Error              (PE):    0.000ns

    Location             Delay type                Incr(ns)  Path(ns)    Netlist Resource(s)
  -------------------------------------------------------------------    -------------------
                         (clock clk_out1_clock_clk_wiz_0_0 rise edge)
                                                      0.000     0.000 r  
    R4                                                0.000     0.000 r  sys_clk_p (IN)
                         net (fo=0)                   0.000     0.000    u_clock_gen/clock_i/clk_wiz_0/inst/clk_in1_p
    R4                   IBUFDS (Prop_ibufds_I_O)     0.855     0.855 r  u_clock_gen/clock_i/clk_wiz_0/inst/clkin1_ibufgds/O
                         net (fo=1, routed)           1.065     1.920    u_clock_gen/clock_i/clk_wiz_0/inst/clk_in1_clock_clk_wiz_0_0
    MMCME2_ADV_X1Y0      MMCME2_ADV (Prop_mmcme2_adv_CLKIN1_CLKOUT0)
                                                     -5.921    -4.001 r  u_clock_gen/clock_i/clk_wiz_0/inst/mmcm_adv_inst/CLKOUT0
                         net (fo=1, routed)           1.421    -2.581    u_clock_gen/clock_i/clk_wiz_0/inst/clk_out1_clock_clk_wiz_0_0
    BUFGCTRL_X0Y0        BUFG (Prop_bufg_I_O)         0.081    -2.500 r  u_clock_gen/clock_i/clk_wiz_0/inst/clkout1_buf/O
                         net (fo=1199, routed)        1.354    -1.145    u_cpu_unit/cpu_i/microblaze_mcs_0/inst/microblaze_I/U0/MicroBlaze_Core_I/Area.Core/Decode_I/Clk
    SLICE_X47Y58         FDRE                                         r  u_cpu_unit/cpu_i/microblaze_mcs_0/inst/microblaze_I/U0/MicroBlaze_Core_I/Area.Core/Decode_I/ex_Valid_reg/C
  -------------------------------------------------------------------    -------------------
    SLICE_X47Y58         FDRE (Prop_fdre_C_Q)         0.379    -0.766 f  u_cpu_unit/cpu_i/microblaze_mcs_0/inst/microblaze_I/U0/MicroBlaze_Core_I/Area.Core/Decode_I/ex_Valid_reg/Q
                         net (fo=21, routed)          1.042     0.276    u_cpu_unit/cpu_i/microblaze_mcs_0/inst/microblaze_I/U0/MicroBlaze_Core_I/Area.Core/Decode_I/PreFetch_Buffer_I/Buffer_DFFs[1].FDS_I/ex_Valid
    SLICE_X53Y56         LUT6 (Prop_lut6_I3_O)        0.105     0.381 r  u_cpu_unit/cpu_i/microblaze_mcs_0/inst/microblaze_I/U0/MicroBlaze_Core_I/Area.Core/Decode_I/PreFetch_Buffer_I/Buffer_DFFs[1].FDS_I/Using_FPGA.Native_i_1__0/O
                         net (fo=2, routed)           0.729     1.110    u_cpu_unit/cpu_i/microblaze_mcs_0/inst/microblaze_I/U0/MicroBlaze_Core_I/Area.Core/Data_Flow_I/PC_Module_I/Not_All_Bits.Using_FPGA.PC_GEN[29].PC_Bit_I/MUXCY_XOR_I/DI
    SLICE_X57Y49         CARRY4 (Prop_carry4_DI[0]_CO[3])
                                                      0.436     1.546 r  u_cpu_unit/cpu_i/microblaze_mcs_0/inst/microblaze_I/U0/MicroBlaze_Core_I/Area.Core/Data_Flow_I/PC_Module_I/Not_All_Bits.Using_FPGA.PC_GEN[29].PC_Bit_I/MUXCY_XOR_I/Using_FPGA.Native_I1_CARRY4/CO[3]
                         net (fo=1, routed)           0.001     1.547    u_cpu_unit/cpu_i/microblaze_mcs_0/inst/microblaze_I/U0/MicroBlaze_Core_I/Area.Core/Data_Flow_I/PC_Module_I/Not_All_Bits.Using_FPGA.PC_GEN[25].PC_Bit_I/MUXCY_XOR_I/LO
    SLICE_X57Y50         CARRY4 (Prop_carry4_CI_CO[3])
                                                      0.098     1.645 r  u_cpu_unit/cpu_i/microblaze_mcs_0/inst/microblaze_I/U0/MicroBlaze_Core_I/Area.Core/Data_Flow_I/PC_Module_I/Not_All_Bits.Using_FPGA.PC_GEN[25].PC_Bit_I/MUXCY_XOR_I/Using_FPGA.Native_I1_CARRY4/CO[3]
                         net (fo=1, routed)           0.000     1.645    u_cpu_unit/cpu_i/microblaze_mcs_0/inst/microblaze_I/U0/MicroBlaze_Core_I/Area.Core/Data_Flow_I/PC_Module_I/Not_All_Bits.Using_FPGA.PC_GEN[21].PC_Bit_I/MUXCY_XOR_I/LO
    SLICE_X57Y51         CARRY4 (Prop_carry4_CI_CO[3])
                                                      0.098     1.743 r  u_cpu_unit/cpu_i/microblaze_mcs_0/inst/microblaze_I/U0/MicroBlaze_Core_I/Area.Core/Data_Flow_I/PC_Module_I/Not_All_Bits.Using_FPGA.PC_GEN[21].PC_Bit_I/MUXCY_XOR_I/Using_FPGA.Native_I1_CARRY4/CO[3]
                         net (fo=1, routed)           0.000     1.743    u_cpu_unit/cpu_i/microblaze_mcs_0/inst/microblaze_I/U0/MicroBlaze_Core_I/Area.Core/Data_Flow_I/PC_Module_I/Not_All_Bits.Using_FPGA.PC_GEN[17].PC_Bit_I/MUXCY_XOR_I/LO
    SLICE_X57Y52         CARRY4 (Prop_carry4_CI_O[1])
                                                      0.265     2.008 r  u_cpu_unit/cpu_i/microblaze_mcs_0/inst/microblaze_I/U0/MicroBlaze_Core_I/Area.Core/Data_Flow_I/PC_Module_I/Not_All_Bits.Using_FPGA.PC_GEN[17].PC_Bit_I/MUXCY_XOR_I/Using_FPGA.Native_I1_CARRY4/O[1]
                         net (fo=1, routed)           0.558     2.565    u_cpu_unit/cpu_i/microblaze_mcs_0/inst/microblaze_I/U0/MicroBlaze_Core_I/Area.Core/Data_Flow_I/PC_Module_I/Not_All_Bits.Using_FPGA.PC_GEN[16].PC_Bit_I/NewPC_Mux/O
    SLICE_X57Y53         LUT3 (Prop_lut3_I0_O)        0.250     2.815 r  u_cpu_unit/cpu_i/microblaze_mcs_0/inst/microblaze_I/U0/MicroBlaze_Core_I/Area.Core/Data_Flow_I/PC_Module_I/Not_All_Bits.Using_FPGA.PC_GEN[16].PC_Bit_I/NewPC_Mux/Using_FPGA.Native/O
                         net (fo=33, routed)          2.598     5.413    u_cpu_unit/cpu_i/microblaze_mcs_0/inst/lmb_bram_I/U0/inst_blk_mem_gen/gnbram.gnative_mem_map_bmg.native_mem_map_blk_mem_gen/valid.cstr/ramloop[2].ram.r/prim_noinit.ram/addrb[13]
    RAMB36_X0Y5          RAMB36E1                                     r  u_cpu_unit/cpu_i/microblaze_mcs_0/inst/lmb_bram_I/U0/inst_blk_mem_gen/gnbram.gnative_mem_map_bmg.native_mem_map_blk_mem_gen/valid.cstr/ramloop[2].ram.r/prim_noinit.ram/DEVICE_7SERIES.WITH_BMM_INFO.TRUE_DP.SIMPLE_PRIM36.TDP_SP36_NO_ECC_ATTR.ram/ADDRBWRADDR[13]
  -------------------------------------------------------------------    -------------------

                         (clock clk_out1_clock_clk_wiz_0_0 rise edge)
                                                     10.000    10.000 r  
    R4                                                0.000    10.000 r  sys_clk_p (IN)
                         net (fo=0)                   0.000    10.000    u_clock_gen/clock_i/clk_wiz_0/inst/clk_in1_p
    R4                   IBUFDS (Prop_ibufds_I_O)     0.817    10.817 r  u_clock_gen/clock_i/clk_wiz_0/inst/clkin1_ibufgds/O
                         net (fo=1, routed)           1.004    11.820    u_clock_gen/clock_i/clk_wiz_0/inst/clk_in1_clock_clk_wiz_0_0
    MMCME2_ADV_X1Y0      MMCME2_ADV (Prop_mmcme2_adv_CLKIN1_CLKOUT0)
                                                     -6.057     5.763 r  u_clock_gen/clock_i/clk_wiz_0/inst/mmcm_adv_inst/CLKOUT0
                         net (fo=1, routed)           1.352     7.116    u_clock_gen/clock_i/clk_wiz_0/inst/clk_out1_clock_clk_wiz_0_0
    BUFGCTRL_X0Y0        BUFG (Prop_bufg_I_O)         0.077     7.193 r  u_clock_gen/clock_i/clk_wiz_0/inst/clkout1_buf/O
                         net (fo=1199, routed)        1.286     8.479    u_cpu_unit/cpu_i/microblaze_mcs_0/inst/lmb_bram_I/U0/inst_blk_mem_gen/gnbram.gnative_mem_map_bmg.native_mem_map_blk_mem_gen/valid.cstr/ramloop[2].ram.r/prim_noinit.ram/clkb
    RAMB36_X0Y5          RAMB36E1                                     r  u_cpu_unit/cpu_i/microblaze_mcs_0/inst/lmb_bram_I/U0/inst_blk_mem_gen/gnbram.gnative_mem_map_bmg.native_mem_map_blk_mem_gen/valid.cstr/ramloop[2].ram.r/prim_noinit.ram/DEVICE_7SERIES.WITH_BMM_INFO.TRUE_DP.SIMPLE_PRIM36.TDP_SP36_NO_ECC_ATTR.ram/CLKBWRCLK
                         clock pessimism              0.308     8.787    
                         clock uncertainty           -0.066     8.720    
    RAMB36_X0Y5          RAMB36E1 (Setup_ramb36e1_CLKBWRCLK_ADDRBWRADDR[13])
                                                     -0.490     8.230    u_cpu_unit/cpu_i/microblaze_mcs_0/inst/lmb_bram_I/U0/inst_blk_mem_gen/gnbram.gnative_mem_map_bmg.native_mem_map_blk_mem_gen/valid.cstr/ramloop[2].ram.r/prim_noinit.ram/DEVICE_7SERIES.WITH_BMM_INFO.TRUE_DP.SIMPLE_PRIM36.TDP_SP36_NO_ECC_ATTR.ram
  -------------------------------------------------------------------
                         required time                          8.230    
                         arrival time                          -5.413    
  -------------------------------------------------------------------
                         slack                                  2.817    





Min Delay Paths
--------------------------------------------------------------------------------------
Slack (MET) :             0.073ns  (arrival time - required time)
  Source:                 u_mmio_unit/u_timer_slot0/counter_reg_reg[23]/C
                            (rising edge-triggered cell FDCE clocked by clk_out1_clock_clk_wiz_0_0  {rise@0.000ns fall@5.000ns period=10.000ns})
  Destination:            u_cpu_unit/cpu_i/microblaze_mcs_0/inst/iomodule_0/U0/Using_IO_Bus.io_bus_read_data_reg[23]/D
                            (rising edge-triggered cell FDRE clocked by clk_out1_clock_clk_wiz_0_0  {rise@0.000ns fall@5.000ns period=10.000ns})
  Path Group:             clk_out1_clock_clk_wiz_0_0
  Path Type:              Hold (Min at Fast Process Corner)
  Requirement:            0.000ns  (clk_out1_clock_clk_wiz_0_0 rise@0.000ns - clk_out1_clock_clk_wiz_0_0 rise@0.000ns)
  Data Path Delay:        0.448ns  (logic 0.249ns (55.609%)  route 0.199ns (44.391%))
  Logic Levels:           1  (LUT2=1)
  Clock Path Skew:        0.268ns (DCD - SCD - CPR)
    Destination Clock Delay (DCD):    -0.869ns
    Source Clock Delay      (SCD):    -0.472ns
    Clock Pessimism Removal (CPR):    -0.665ns

    Location             Delay type                Incr(ns)  Path(ns)    Netlist Resource(s)
  -------------------------------------------------------------------    -------------------
                         (clock clk_out1_clock_clk_wiz_0_0 rise edge)
                                                      0.000     0.000 r  
    R4                                                0.000     0.000 r  sys_clk_p (IN)
                         net (fo=0)                   0.000     0.000    u_clock_gen/clock_i/clk_wiz_0/inst/clk_in1_p
    R4                   IBUFDS (Prop_ibufds_I_O)     0.373     0.373 r  u_clock_gen/clock_i/clk_wiz_0/inst/clkin1_ibufgds/O
                         net (fo=1, routed)           0.440     0.813    u_clock_gen/clock_i/clk_wiz_0/inst/clk_in1_clock_clk_wiz_0_0
    MMCME2_ADV_X1Y0      MMCME2_ADV (Prop_mmcme2_adv_CLKIN1_CLKOUT0)
                                                     -2.360    -1.547 r  u_clock_gen/clock_i/clk_wiz_0/inst/mmcm_adv_inst/CLKOUT0
                         net (fo=1, routed)           0.486    -1.061    u_clock_gen/clock_i/clk_wiz_0/inst/clk_out1_clock_clk_wiz_0_0
    BUFGCTRL_X0Y0        BUFG (Prop_bufg_I_O)         0.026    -1.035 r  u_clock_gen/clock_i/clk_wiz_0/inst/clkout1_buf/O
                         net (fo=1199, routed)        0.563    -0.472    u_mmio_unit/u_timer_slot0/CLK
    SLICE_X34Y49         FDCE                                         r  u_mmio_unit/u_timer_slot0/counter_reg_reg[23]/C
  -------------------------------------------------------------------    -------------------
    SLICE_X34Y49         FDCE (Prop_fdce_C_Q)         0.148    -0.324 r  u_mmio_unit/u_timer_slot0/counter_reg_reg[23]/Q
                         net (fo=2, routed)           0.199    -0.125    u_mmio_unit/u_timer_slot0/counter_reg[23]
    SLICE_X37Y50         LUT2 (Prop_lut2_I0_O)        0.101    -0.024 r  u_mmio_unit/u_timer_slot0/cpu_i_i_9/O
                         net (fo=1, routed)           0.000    -0.024    u_cpu_unit/cpu_i/microblaze_mcs_0/inst/iomodule_0/U0/IO_Read_Data[23]
    SLICE_X37Y50         FDRE                                         r  u_cpu_unit/cpu_i/microblaze_mcs_0/inst/iomodule_0/U0/Using_IO_Bus.io_bus_read_data_reg[23]/D
  -------------------------------------------------------------------    -------------------

                         (clock clk_out1_clock_clk_wiz_0_0 rise edge)
                                                      0.000     0.000 r  
    R4                                                0.000     0.000 r  sys_clk_p (IN)
                         net (fo=0)                   0.000     0.000    u_clock_gen/clock_i/clk_wiz_0/inst/clk_in1_p
    R4                   IBUFDS (Prop_ibufds_I_O)     0.404     0.404 r  u_clock_gen/clock_i/clk_wiz_0/inst/clkin1_ibufgds/O
                         net (fo=1, routed)           0.480     0.884    u_clock_gen/clock_i/clk_wiz_0/inst/clk_in1_clock_clk_wiz_0_0
    MMCME2_ADV_X1Y0      MMCME2_ADV (Prop_mmcme2_adv_CLKIN1_CLKOUT0)
                                                     -3.142    -2.258 r  u_clock_gen/clock_i/clk_wiz_0/inst/mmcm_adv_inst/CLKOUT0
                         net (fo=1, routed)           0.530    -1.729    u_clock_gen/clock_i/clk_wiz_0/inst/clk_out1_clock_clk_wiz_0_0
    BUFGCTRL_X0Y0        BUFG (Prop_bufg_I_O)         0.029    -1.700 r  u_clock_gen/clock_i/clk_wiz_0/inst/clkout1_buf/O
                         net (fo=1199, routed)        0.830    -0.869    u_cpu_unit/cpu_i/microblaze_mcs_0/inst/iomodule_0/U0/Clk
    SLICE_X37Y50         FDRE                                         r  u_cpu_unit/cpu_i/microblaze_mcs_0/inst/iomodule_0/U0/Using_IO_Bus.io_bus_read_data_reg[23]/C
                         clock pessimism              0.665    -0.204    
    SLICE_X37Y50         FDRE (Hold_fdre_C_D)         0.107    -0.097    u_cpu_unit/cpu_i/microblaze_mcs_0/inst/iomodule_0/U0/Using_IO_Bus.io_bus_read_data_reg[23]
  -------------------------------------------------------------------
                         required time                          0.097    
                         arrival time                          -0.024    
  -------------------------------------------------------------------
                         slack                                  0.073    

Slack (MET) :             0.078ns  (arrival time - required time)
  Source:                 u_cpu_unit/cpu_i/microblaze_mcs_0/inst/microblaze_I/U0/MicroBlaze_Core_I/Area.Core/Decode_I/write_Addr_I_reg[3]/C
                            (rising edge-triggered cell FDRE clocked by clk_out1_clock_clk_wiz_0_0  {rise@0.000ns fall@5.000ns period=10.000ns})
  Destination:            u_cpu_unit/cpu_i/microblaze_mcs_0/inst/microblaze_I/U0/MicroBlaze_Core_I/Area.Core/Data_Flow_I/Register_File_I/Using_FPGA.Gen_RegFile[19].Register_File_Bit_I/RegFile_X1/Using_FPGA.Native/DP/WADR3
                            (rising edge-triggered cell RAMD32 clocked by clk_out1_clock_clk_wiz_0_0  {rise@0.000ns fall@5.000ns period=10.000ns})
  Path Group:             clk_out1_clock_clk_wiz_0_0
  Path Type:              Hold (Min at Fast Process Corner)
  Requirement:            0.000ns  (clk_out1_clock_clk_wiz_0_0 rise@0.000ns - clk_out1_clock_clk_wiz_0_0 rise@0.000ns)
  Data Path Delay:        0.355ns  (logic 0.141ns (39.739%)  route 0.214ns (60.261%))
  Logic Levels:           0  
  Clock Path Skew:        0.037ns (DCD - SCD - CPR)
    Destination Clock Delay (DCD):    -0.864ns
    Source Clock Delay      (SCD):    -0.470ns
    Clock Pessimism Removal (CPR):    -0.431ns

    Location             Delay type                Incr(ns)  Path(ns)    Netlist Resource(s)
  -------------------------------------------------------------------    -------------------
                         (clock clk_out1_clock_clk_wiz_0_0 rise edge)
                                                      0.000     0.000 r  
    R4                                                0.000     0.000 r  sys_clk_p (IN)
                         net (fo=0)                   0.000     0.000    u_clock_gen/clock_i/clk_wiz_0/inst/clk_in1_p
    R4                   IBUFDS (Prop_ibufds_I_O)     0.373     0.373 r  u_clock_gen/clock_i/clk_wiz_0/inst/clkin1_ibufgds/O
                         net (fo=1, routed)           0.440     0.813    u_clock_gen/clock_i/clk_wiz_0/inst/clk_in1_clock_clk_wiz_0_0
    MMCME2_ADV_X1Y0      MMCME2_ADV (Prop_mmcme2_adv_CLKIN1_CLKOUT0)
                                                     -2.360    -1.547 r  u_clock_gen/clock_i/clk_wiz_0/inst/mmcm_adv_inst/CLKOUT0
                         net (fo=1, routed)           0.486    -1.061    u_clock_gen/clock_i/clk_wiz_0/inst/clk_out1_clock_clk_wiz_0_0
    BUFGCTRL_X0Y0        BUFG (Prop_bufg_I_O)         0.026    -1.035 r  u_clock_gen/clock_i/clk_wiz_0/inst/clkout1_buf/O
                         net (fo=1199, routed)        0.565    -0.470    u_cpu_unit/cpu_i/microblaze_mcs_0/inst/microblaze_I/U0/MicroBlaze_Core_I/Area.Core/Decode_I/Clk
    SLICE_X49Y50         FDRE                                         r  u_cpu_unit/cpu_i/microblaze_mcs_0/inst/microblaze_I/U0/MicroBlaze_Core_I/Area.Core/Decode_I/write_Addr_I_reg[3]/C
  -------------------------------------------------------------------    -------------------
    SLICE_X49Y50         FDRE (Prop_fdre_C_Q)         0.141    -0.329 r  u_cpu_unit/cpu_i/microblaze_mcs_0/inst/microblaze_I/U0/MicroBlaze_Core_I/Area.Core/Decode_I/write_Addr_I_reg[3]/Q
                         net (fo=195, routed)         0.214    -0.115    u_cpu_unit/cpu_i/microblaze_mcs_0/inst/microblaze_I/U0/MicroBlaze_Core_I/Area.Core/Data_Flow_I/Register_File_I/Using_FPGA.Gen_RegFile[19].Register_File_Bit_I/RegFile_X1/Using_FPGA.Native/A3
    SLICE_X50Y50         RAMD32                                       r  u_cpu_unit/cpu_i/microblaze_mcs_0/inst/microblaze_I/U0/MicroBlaze_Core_I/Area.Core/Data_Flow_I/Register_File_I/Using_FPGA.Gen_RegFile[19].Register_File_Bit_I/RegFile_X1/Using_FPGA.Native/DP/WADR3
  -------------------------------------------------------------------    -------------------

                         (clock clk_out1_clock_clk_wiz_0_0 rise edge)
                                                      0.000     0.000 r  
    R4                                                0.000     0.000 r  sys_clk_p (IN)
                         net (fo=0)                   0.000     0.000    u_clock_gen/clock_i/clk_wiz_0/inst/clk_in1_p
    R4                   IBUFDS (Prop_ibufds_I_O)     0.404     0.404 r  u_clock_gen/clock_i/clk_wiz_0/inst/clkin1_ibufgds/O
                         net (fo=1, routed)           0.480     0.884    u_clock_gen/clock_i/clk_wiz_0/inst/clk_in1_clock_clk_wiz_0_0
    MMCME2_ADV_X1Y0      MMCME2_ADV (Prop_mmcme2_adv_CLKIN1_CLKOUT0)
                                                     -3.142    -2.258 r  u_clock_gen/clock_i/clk_wiz_0/inst/mmcm_adv_inst/CLKOUT0
                         net (fo=1, routed)           0.530    -1.729    u_clock_gen/clock_i/clk_wiz_0/inst/clk_out1_clock_clk_wiz_0_0
    BUFGCTRL_X0Y0        BUFG (Prop_bufg_I_O)         0.029    -1.700 r  u_clock_gen/clock_i/clk_wiz_0/inst/clkout1_buf/O
                         net (fo=1199, routed)        0.835    -0.864    u_cpu_unit/cpu_i/microblaze_mcs_0/inst/microblaze_I/U0/MicroBlaze_Core_I/Area.Core/Data_Flow_I/Register_File_I/Using_FPGA.Gen_RegFile[19].Register_File_Bit_I/RegFile_X1/Using_FPGA.Native/WCLK
    SLICE_X50Y50         RAMD32                                       r  u_cpu_unit/cpu_i/microblaze_mcs_0/inst/microblaze_I/U0/MicroBlaze_Core_I/Area.Core/Data_Flow_I/Register_File_I/Using_FPGA.Gen_RegFile[19].Register_File_Bit_I/RegFile_X1/Using_FPGA.Native/DP/CLK
                         clock pessimism              0.431    -0.433    
    SLICE_X50Y50         RAMD32 (Hold_ramd32_CLK_WADR3)
                                                      0.240    -0.193    u_cpu_unit/cpu_i/microblaze_mcs_0/inst/microblaze_I/U0/MicroBlaze_Core_I/Area.Core/Data_Flow_I/Register_File_I/Using_FPGA.Gen_RegFile[19].Register_File_Bit_I/RegFile_X1/Using_FPGA.Native/DP
  -------------------------------------------------------------------
                         required time                          0.193    
                         arrival time                          -0.115    
  -------------------------------------------------------------------
                         slack                                  0.078    

Slack (MET) :             0.078ns  (arrival time - required time)
  Source:                 u_cpu_unit/cpu_i/microblaze_mcs_0/inst/microblaze_I/U0/MicroBlaze_Core_I/Area.Core/Decode_I/write_Addr_I_reg[3]/C
                            (rising edge-triggered cell FDRE clocked by clk_out1_clock_clk_wiz_0_0  {rise@0.000ns fall@5.000ns period=10.000ns})
  Destination:            u_cpu_unit/cpu_i/microblaze_mcs_0/inst/microblaze_I/U0/MicroBlaze_Core_I/Area.Core/Data_Flow_I/Register_File_I/Using_FPGA.Gen_RegFile[19].Register_File_Bit_I/RegFile_X1/Using_FPGA.Native/SP/WADR3
                            (rising edge-triggered cell RAMD32 clocked by clk_out1_clock_clk_wiz_0_0  {rise@0.000ns fall@5.000ns period=10.000ns})
  Path Group:             clk_out1_clock_clk_wiz_0_0
  Path Type:              Hold (Min at Fast Process Corner)
  Requirement:            0.000ns  (clk_out1_clock_clk_wiz_0_0 rise@0.000ns - clk_out1_clock_clk_wiz_0_0 rise@0.000ns)
  Data Path Delay:        0.355ns  (logic 0.141ns (39.739%)  route 0.214ns (60.261%))
  Logic Levels:           0  
  Clock Path Skew:        0.037ns (DCD - SCD - CPR)
    Destination Clock Delay (DCD):    -0.864ns
    Source Clock Delay      (SCD):    -0.470ns
    Clock Pessimism Removal (CPR):    -0.431ns

    Location             Delay type                Incr(ns)  Path(ns)    Netlist Resource(s)
  -------------------------------------------------------------------    -------------------
                         (clock clk_out1_clock_clk_wiz_0_0 rise edge)
                                                      0.000     0.000 r  
    R4                                                0.000     0.000 r  sys_clk_p (IN)
                         net (fo=0)                   0.000     0.000    u_clock_gen/clock_i/clk_wiz_0/inst/clk_in1_p
    R4                   IBUFDS (Prop_ibufds_I_O)     0.373     0.373 r  u_clock_gen/clock_i/clk_wiz_0/inst/clkin1_ibufgds/O
                         net (fo=1, routed)           0.440     0.813    u_clock_gen/clock_i/clk_wiz_0/inst/clk_in1_clock_clk_wiz_0_0
    MMCME2_ADV_X1Y0      MMCME2_ADV (Prop_mmcme2_adv_CLKIN1_CLKOUT0)
                                                     -2.360    -1.547 r  u_clock_gen/clock_i/clk_wiz_0/inst/mmcm_adv_inst/CLKOUT0
                         net (fo=1, routed)           0.486    -1.061    u_clock_gen/clock_i/clk_wiz_0/inst/clk_out1_clock_clk_wiz_0_0
    BUFGCTRL_X0Y0        BUFG (Prop_bufg_I_O)         0.026    -1.035 r  u_clock_gen/clock_i/clk_wiz_0/inst/clkout1_buf/O
                         net (fo=1199, routed)        0.565    -0.470    u_cpu_unit/cpu_i/microblaze_mcs_0/inst/microblaze_I/U0/MicroBlaze_Core_I/Area.Core/Decode_I/Clk
    SLICE_X49Y50         FDRE                                         r  u_cpu_unit/cpu_i/microblaze_mcs_0/inst/microblaze_I/U0/MicroBlaze_Core_I/Area.Core/Decode_I/write_Addr_I_reg[3]/C
  -------------------------------------------------------------------    -------------------
    SLICE_X49Y50         FDRE (Prop_fdre_C_Q)         0.141    -0.329 r  u_cpu_unit/cpu_i/microblaze_mcs_0/inst/microblaze_I/U0/MicroBlaze_Core_I/Area.Core/Decode_I/write_Addr_I_reg[3]/Q
                         net (fo=195, routed)         0.214    -0.115    u_cpu_unit/cpu_i/microblaze_mcs_0/inst/microblaze_I/U0/MicroBlaze_Core_I/Area.Core/Data_Flow_I/Register_File_I/Using_FPGA.Gen_RegFile[19].Register_File_Bit_I/RegFile_X1/Using_FPGA.Native/A3
    SLICE_X50Y50         RAMD32                                       r  u_cpu_unit/cpu_i/microblaze_mcs_0/inst/microblaze_I/U0/MicroBlaze_Core_I/Area.Core/Data_Flow_I/Register_File_I/Using_FPGA.Gen_RegFile[19].Register_File_Bit_I/RegFile_X1/Using_FPGA.Native/SP/WADR3
  -------------------------------------------------------------------    -------------------

                         (clock clk_out1_clock_clk_wiz_0_0 rise edge)
                                                      0.000     0.000 r  
    R4                                                0.000     0.000 r  sys_clk_p (IN)
                         net (fo=0)                   0.000     0.000    u_clock_gen/clock_i/clk_wiz_0/inst/clk_in1_p
    R4                   IBUFDS (Prop_ibufds_I_O)     0.404     0.404 r  u_clock_gen/clock_i/clk_wiz_0/inst/clkin1_ibufgds/O
                         net (fo=1, routed)           0.480     0.884    u_clock_gen/clock_i/clk_wiz_0/inst/clk_in1_clock_clk_wiz_0_0
    MMCME2_ADV_X1Y0      MMCME2_ADV (Prop_mmcme2_adv_CLKIN1_CLKOUT0)
                                                     -3.142    -2.258 r  u_clock_gen/clock_i/clk_wiz_0/inst/mmcm_adv_inst/CLKOUT0
                         net (fo=1, routed)           0.530    -1.729    u_clock_gen/clock_i/clk_wiz_0/inst/clk_out1_clock_clk_wiz_0_0
    BUFGCTRL_X0Y0        BUFG (Prop_bufg_I_O)         0.029    -1.700 r  u_clock_gen/clock_i/clk_wiz_0/inst/clkout1_buf/O
                         net (fo=1199, routed)        0.835    -0.864    u_cpu_unit/cpu_i/microblaze_mcs_0/inst/microblaze_I/U0/MicroBlaze_Core_I/Area.Core/Data_Flow_I/Register_File_I/Using_FPGA.Gen_RegFile[19].Register_File_Bit_I/RegFile_X1/Using_FPGA.Native/WCLK
    SLICE_X50Y50         RAMD32                                       r  u_cpu_unit/cpu_i/microblaze_mcs_0/inst/microblaze_I/U0/MicroBlaze_Core_I/Area.Core/Data_Flow_I/Register_File_I/Using_FPGA.Gen_RegFile[19].Register_File_Bit_I/RegFile_X1/Using_FPGA.Native/SP/CLK
                         clock pessimism              0.431    -0.433    
    SLICE_X50Y50         RAMD32 (Hold_ramd32_CLK_WADR3)
                                                      0.240    -0.193    u_cpu_unit/cpu_i/microblaze_mcs_0/inst/microblaze_I/U0/MicroBlaze_Core_I/Area.Core/Data_Flow_I/Register_File_I/Using_FPGA.Gen_RegFile[19].Register_File_Bit_I/RegFile_X1/Using_FPGA.Native/SP
  -------------------------------------------------------------------
                         required time                          0.193    
                         arrival time                          -0.115    
  -------------------------------------------------------------------
                         slack                                  0.078    

Slack (MET) :             0.078ns  (arrival time - required time)
  Source:                 u_cpu_unit/cpu_i/microblaze_mcs_0/inst/microblaze_I/U0/MicroBlaze_Core_I/Area.Core/Decode_I/write_Addr_I_reg[3]/C
                            (rising edge-triggered cell FDRE clocked by clk_out1_clock_clk_wiz_0_0  {rise@0.000ns fall@5.000ns period=10.000ns})
  Destination:            u_cpu_unit/cpu_i/microblaze_mcs_0/inst/microblaze_I/U0/MicroBlaze_Core_I/Area.Core/Data_Flow_I/Register_File_I/Using_FPGA.Gen_RegFile[19].Register_File_Bit_I/RegFile_X2/Using_FPGA.Native/DP/WADR3
                            (rising edge-triggered cell RAMD32 clocked by clk_out1_clock_clk_wiz_0_0  {rise@0.000ns fall@5.000ns period=10.000ns})
  Path Group:             clk_out1_clock_clk_wiz_0_0
  Path Type:              Hold (Min at Fast Process Corner)
  Requirement:            0.000ns  (clk_out1_clock_clk_wiz_0_0 rise@0.000ns - clk_out1_clock_clk_wiz_0_0 rise@0.000ns)
  Data Path Delay:        0.355ns  (logic 0.141ns (39.739%)  route 0.214ns (60.261%))
  Logic Levels:           0  
  Clock Path Skew:        0.037ns (DCD - SCD - CPR)
    Destination Clock Delay (DCD):    -0.864ns
    Source Clock Delay      (SCD):    -0.470ns
    Clock Pessimism Removal (CPR):    -0.431ns

    Location             Delay type                Incr(ns)  Path(ns)    Netlist Resource(s)
  -------------------------------------------------------------------    -------------------
                         (clock clk_out1_clock_clk_wiz_0_0 rise edge)
                                                      0.000     0.000 r  
    R4                                                0.000     0.000 r  sys_clk_p (IN)
                         net (fo=0)                   0.000     0.000    u_clock_gen/clock_i/clk_wiz_0/inst/clk_in1_p
    R4                   IBUFDS (Prop_ibufds_I_O)     0.373     0.373 r  u_clock_gen/clock_i/clk_wiz_0/inst/clkin1_ibufgds/O
                         net (fo=1, routed)           0.440     0.813    u_clock_gen/clock_i/clk_wiz_0/inst/clk_in1_clock_clk_wiz_0_0
    MMCME2_ADV_X1Y0      MMCME2_ADV (Prop_mmcme2_adv_CLKIN1_CLKOUT0)
                                                     -2.360    -1.547 r  u_clock_gen/clock_i/clk_wiz_0/inst/mmcm_adv_inst/CLKOUT0
                         net (fo=1, routed)           0.486    -1.061    u_clock_gen/clock_i/clk_wiz_0/inst/clk_out1_clock_clk_wiz_0_0
    BUFGCTRL_X0Y0        BUFG (Prop_bufg_I_O)         0.026    -1.035 r  u_clock_gen/clock_i/clk_wiz_0/inst/clkout1_buf/O
                         net (fo=1199, routed)        0.565    -0.470    u_cpu_unit/cpu_i/microblaze_mcs_0/inst/microblaze_I/U0/MicroBlaze_Core_I/Area.Core/Decode_I/Clk
    SLICE_X49Y50         FDRE                                         r  u_cpu_unit/cpu_i/microblaze_mcs_0/inst/microblaze_I/U0/MicroBlaze_Core_I/Area.Core/Decode_I/write_Addr_I_reg[3]/C
  -------------------------------------------------------------------    -------------------
    SLICE_X49Y50         FDRE (Prop_fdre_C_Q)         0.141    -0.329 r  u_cpu_unit/cpu_i/microblaze_mcs_0/inst/microblaze_I/U0/MicroBlaze_Core_I/Area.Core/Decode_I/write_Addr_I_reg[3]/Q
                         net (fo=195, routed)         0.214    -0.115    u_cpu_unit/cpu_i/microblaze_mcs_0/inst/microblaze_I/U0/MicroBlaze_Core_I/Area.Core/Data_Flow_I/Register_File_I/Using_FPGA.Gen_RegFile[19].Register_File_Bit_I/RegFile_X2/Using_FPGA.Native/A3
    SLICE_X50Y50         RAMD32                                       r  u_cpu_unit/cpu_i/microblaze_mcs_0/inst/microblaze_I/U0/MicroBlaze_Core_I/Area.Core/Data_Flow_I/Register_File_I/Using_FPGA.Gen_RegFile[19].Register_File_Bit_I/RegFile_X2/Using_FPGA.Native/DP/WADR3
  -------------------------------------------------------------------    -------------------

                         (clock clk_out1_clock_clk_wiz_0_0 rise edge)
                                                      0.000     0.000 r  
    R4                                                0.000     0.000 r  sys_clk_p (IN)
                         net (fo=0)                   0.000     0.000    u_clock_gen/clock_i/clk_wiz_0/inst/clk_in1_p
    R4                   IBUFDS (Prop_ibufds_I_O)     0.404     0.404 r  u_clock_gen/clock_i/clk_wiz_0/inst/clkin1_ibufgds/O
                         net (fo=1, routed)           0.480     0.884    u_clock_gen/clock_i/clk_wiz_0/inst/clk_in1_clock_clk_wiz_0_0
    MMCME2_ADV_X1Y0      MMCME2_ADV (Prop_mmcme2_adv_CLKIN1_CLKOUT0)
                                                     -3.142    -2.258 r  u_clock_gen/clock_i/clk_wiz_0/inst/mmcm_adv_inst/CLKOUT0
                         net (fo=1, routed)           0.530    -1.729    u_clock_gen/clock_i/clk_wiz_0/inst/clk_out1_clock_clk_wiz_0_0
    BUFGCTRL_X0Y0        BUFG (Prop_bufg_I_O)         0.029    -1.700 r  u_clock_gen/clock_i/clk_wiz_0/inst/clkout1_buf/O
                         net (fo=1199, routed)        0.835    -0.864    u_cpu_unit/cpu_i/microblaze_mcs_0/inst/microblaze_I/U0/MicroBlaze_Core_I/Area.Core/Data_Flow_I/Register_File_I/Using_FPGA.Gen_RegFile[19].Register_File_Bit_I/RegFile_X2/Using_FPGA.Native/WCLK
    SLICE_X50Y50         RAMD32                                       r  u_cpu_unit/cpu_i/microblaze_mcs_0/inst/microblaze_I/U0/MicroBlaze_Core_I/Area.Core/Data_Flow_I/Register_File_I/Using_FPGA.Gen_RegFile[19].Register_File_Bit_I/RegFile_X2/Using_FPGA.Native/DP/CLK
                         clock pessimism              0.431    -0.433    
    SLICE_X50Y50         RAMD32 (Hold_ramd32_CLK_WADR3)
                                                      0.240    -0.193    u_cpu_unit/cpu_i/microblaze_mcs_0/inst/microblaze_I/U0/MicroBlaze_Core_I/Area.Core/Data_Flow_I/Register_File_I/Using_FPGA.Gen_RegFile[19].Register_File_Bit_I/RegFile_X2/Using_FPGA.Native/DP
  -------------------------------------------------------------------
                         required time                          0.193    
                         arrival time                          -0.115    
  -------------------------------------------------------------------
                         slack                                  0.078    

Slack (MET) :             0.078ns  (arrival time - required time)
  Source:                 u_cpu_unit/cpu_i/microblaze_mcs_0/inst/microblaze_I/U0/MicroBlaze_Core_I/Area.Core/Decode_I/write_Addr_I_reg[3]/C
                            (rising edge-triggered cell FDRE clocked by clk_out1_clock_clk_wiz_0_0  {rise@0.000ns fall@5.000ns period=10.000ns})
  Destination:            u_cpu_unit/cpu_i/microblaze_mcs_0/inst/microblaze_I/U0/MicroBlaze_Core_I/Area.Core/Data_Flow_I/Register_File_I/Using_FPGA.Gen_RegFile[19].Register_File_Bit_I/RegFile_X2/Using_FPGA.Native/SP/WADR3
                            (rising edge-triggered cell RAMD32 clocked by clk_out1_clock_clk_wiz_0_0  {rise@0.000ns fall@5.000ns period=10.000ns})
  Path Group:             clk_out1_clock_clk_wiz_0_0
  Path Type:              Hold (Min at Fast Process Corner)
  Requirement:            0.000ns  (clk_out1_clock_clk_wiz_0_0 rise@0.000ns - clk_out1_clock_clk_wiz_0_0 rise@0.000ns)
  Data Path Delay:        0.355ns  (logic 0.141ns (39.739%)  route 0.214ns (60.261%))
  Logic Levels:           0  
  Clock Path Skew:        0.037ns (DCD - SCD - CPR)
    Destination Clock Delay (DCD):    -0.864ns
    Source Clock Delay      (SCD):    -0.470ns
    Clock Pessimism Removal (CPR):    -0.431ns

    Location             Delay type                Incr(ns)  Path(ns)    Netlist Resource(s)
  -------------------------------------------------------------------    -------------------
                         (clock clk_out1_clock_clk_wiz_0_0 rise edge)
                                                      0.000     0.000 r  
    R4                                                0.000     0.000 r  sys_clk_p (IN)
                         net (fo=0)                   0.000     0.000    u_clock_gen/clock_i/clk_wiz_0/inst/clk_in1_p
    R4                   IBUFDS (Prop_ibufds_I_O)     0.373     0.373 r  u_clock_gen/clock_i/clk_wiz_0/inst/clkin1_ibufgds/O
                         net (fo=1, routed)           0.440     0.813    u_clock_gen/clock_i/clk_wiz_0/inst/clk_in1_clock_clk_wiz_0_0
    MMCME2_ADV_X1Y0      MMCME2_ADV (Prop_mmcme2_adv_CLKIN1_CLKOUT0)
                                                     -2.360    -1.547 r  u_clock_gen/clock_i/clk_wiz_0/inst/mmcm_adv_inst/CLKOUT0
                         net (fo=1, routed)           0.486    -1.061    u_clock_gen/clock_i/clk_wiz_0/inst/clk_out1_clock_clk_wiz_0_0
    BUFGCTRL_X0Y0        BUFG (Prop_bufg_I_O)         0.026    -1.035 r  u_clock_gen/clock_i/clk_wiz_0/inst/clkout1_buf/O
                         net (fo=1199, routed)        0.565    -0.470    u_cpu_unit/cpu_i/microblaze_mcs_0/inst/microblaze_I/U0/MicroBlaze_Core_I/Area.Core/Decode_I/Clk
    SLICE_X49Y50         FDRE                                         r  u_cpu_unit/cpu_i/microblaze_mcs_0/inst/microblaze_I/U0/MicroBlaze_Core_I/Area.Core/Decode_I/write_Addr_I_reg[3]/C
  -------------------------------------------------------------------    -------------------
    SLICE_X49Y50         FDRE (Prop_fdre_C_Q)         0.141    -0.329 r  u_cpu_unit/cpu_i/microblaze_mcs_0/inst/microblaze_I/U0/MicroBlaze_Core_I/Area.Core/Decode_I/write_Addr_I_reg[3]/Q
                         net (fo=195, routed)         0.214    -0.115    u_cpu_unit/cpu_i/microblaze_mcs_0/inst/microblaze_I/U0/MicroBlaze_Core_I/Area.Core/Data_Flow_I/Register_File_I/Using_FPGA.Gen_RegFile[19].Register_File_Bit_I/RegFile_X2/Using_FPGA.Native/A3
    SLICE_X50Y50         RAMD32                                       r  u_cpu_unit/cpu_i/microblaze_mcs_0/inst/microblaze_I/U0/MicroBlaze_Core_I/Area.Core/Data_Flow_I/Register_File_I/Using_FPGA.Gen_RegFile[19].Register_File_Bit_I/RegFile_X2/Using_FPGA.Native/SP/WADR3
  -------------------------------------------------------------------    -------------------

                         (clock clk_out1_clock_clk_wiz_0_0 rise edge)
                                                      0.000     0.000 r  
    R4                                                0.000     0.000 r  sys_clk_p (IN)
                         net (fo=0)                   0.000     0.000    u_clock_gen/clock_i/clk_wiz_0/inst/clk_in1_p
    R4                   IBUFDS (Prop_ibufds_I_O)     0.404     0.404 r  u_clock_gen/clock_i/clk_wiz_0/inst/clkin1_ibufgds/O
                         net (fo=1, routed)           0.480     0.884    u_clock_gen/clock_i/clk_wiz_0/inst/clk_in1_clock_clk_wiz_0_0
    MMCME2_ADV_X1Y0      MMCME2_ADV (Prop_mmcme2_adv_CLKIN1_CLKOUT0)
                                                     -3.142    -2.258 r  u_clock_gen/clock_i/clk_wiz_0/inst/mmcm_adv_inst/CLKOUT0
                         net (fo=1, routed)           0.530    -1.729    u_clock_gen/clock_i/clk_wiz_0/inst/clk_out1_clock_clk_wiz_0_0
    BUFGCTRL_X0Y0        BUFG (Prop_bufg_I_O)         0.029    -1.700 r  u_clock_gen/clock_i/clk_wiz_0/inst/clkout1_buf/O
                         net (fo=1199, routed)        0.835    -0.864    u_cpu_unit/cpu_i/microblaze_mcs_0/inst/microblaze_I/U0/MicroBlaze_Core_I/Area.Core/Data_Flow_I/Register_File_I/Using_FPGA.Gen_RegFile[19].Register_File_Bit_I/RegFile_X2/Using_FPGA.Native/WCLK
    SLICE_X50Y50         RAMD32                                       r  u_cpu_unit/cpu_i/microblaze_mcs_0/inst/microblaze_I/U0/MicroBlaze_Core_I/Area.Core/Data_Flow_I/Register_File_I/Using_FPGA.Gen_RegFile[19].Register_File_Bit_I/RegFile_X2/Using_FPGA.Native/SP/CLK
                         clock pessimism              0.431    -0.433    
    SLICE_X50Y50         RAMD32 (Hold_ramd32_CLK_WADR3)
                                                      0.240    -0.193    u_cpu_unit/cpu_i/microblaze_mcs_0/inst/microblaze_I/U0/MicroBlaze_Core_I/Area.Core/Data_Flow_I/Register_File_I/Using_FPGA.Gen_RegFile[19].Register_File_Bit_I/RegFile_X2/Using_FPGA.Native/SP
  -------------------------------------------------------------------
                         required time                          0.193    
                         arrival time                          -0.115    
  -------------------------------------------------------------------
                         slack                                  0.078    

Slack (MET) :             0.098ns  (arrival time - required time)
  Source:                 u_mmio_unit/u_timer_slot0/counter_reg_reg[13]/C
                            (rising edge-triggered cell FDCE clocked by clk_out1_clock_clk_wiz_0_0  {rise@0.000ns fall@5.000ns period=10.000ns})
  Destination:            u_cpu_unit/cpu_i/microblaze_mcs_0/inst/iomodule_0/U0/Using_IO_Bus.io_bus_read_data_reg[13]/D
                            (rising edge-triggered cell FDRE clocked by clk_out1_clock_clk_wiz_0_0  {rise@0.000ns fall@5.000ns period=10.000ns})
  Path Group:             clk_out1_clock_clk_wiz_0_0
  Path Type:              Hold (Min at Fast Process Corner)
  Requirement:            0.000ns  (clk_out1_clock_clk_wiz_0_0 rise@0.000ns - clk_out1_clock_clk_wiz_0_0 rise@0.000ns)
  Data Path Delay:        0.456ns  (logic 0.246ns (53.942%)  route 0.210ns (46.058%))
  Logic Levels:           1  (LUT6=1)
  Clock Path Skew:        0.267ns (DCD - SCD - CPR)
    Destination Clock Delay (DCD):    -0.870ns
    Source Clock Delay      (SCD):    -0.472ns
    Clock Pessimism Removal (CPR):    -0.665ns

    Location             Delay type                Incr(ns)  Path(ns)    Netlist Resource(s)
  -------------------------------------------------------------------    -------------------
                         (clock clk_out1_clock_clk_wiz_0_0 rise edge)
                                                      0.000     0.000 r  
    R4                                                0.000     0.000 r  sys_clk_p (IN)
                         net (fo=0)                   0.000     0.000    u_clock_gen/clock_i/clk_wiz_0/inst/clk_in1_p
    R4                   IBUFDS (Prop_ibufds_I_O)     0.373     0.373 r  u_clock_gen/clock_i/clk_wiz_0/inst/clkin1_ibufgds/O
                         net (fo=1, routed)           0.440     0.813    u_clock_gen/clock_i/clk_wiz_0/inst/clk_in1_clock_clk_wiz_0_0
    MMCME2_ADV_X1Y0      MMCME2_ADV (Prop_mmcme2_adv_CLKIN1_CLKOUT0)
                                                     -2.360    -1.547 r  u_clock_gen/clock_i/clk_wiz_0/inst/mmcm_adv_inst/CLKOUT0
                         net (fo=1, routed)           0.486    -1.061    u_clock_gen/clock_i/clk_wiz_0/inst/clk_out1_clock_clk_wiz_0_0
    BUFGCTRL_X0Y0        BUFG (Prop_bufg_I_O)         0.026    -1.035 r  u_clock_gen/clock_i/clk_wiz_0/inst/clkout1_buf/O
                         net (fo=1199, routed)        0.563    -0.472    u_mmio_unit/u_timer_slot0/CLK
    SLICE_X34Y48         FDCE                                         r  u_mmio_unit/u_timer_slot0/counter_reg_reg[13]/C
  -------------------------------------------------------------------    -------------------
    SLICE_X34Y48         FDCE (Prop_fdce_C_Q)         0.148    -0.324 r  u_mmio_unit/u_timer_slot0/counter_reg_reg[13]/Q
                         net (fo=2, routed)           0.210    -0.114    u_cpu_unit/Q[10]
    SLICE_X36Y53         LUT6 (Prop_lut6_I1_O)        0.098    -0.016 r  u_cpu_unit/cpu_i_i_19/O
                         net (fo=1, routed)           0.000    -0.016    u_cpu_unit/cpu_i/microblaze_mcs_0/inst/iomodule_0/U0/IO_Read_Data[13]
    SLICE_X36Y53         FDRE                                         r  u_cpu_unit/cpu_i/microblaze_mcs_0/inst/iomodule_0/U0/Using_IO_Bus.io_bus_read_data_reg[13]/D
  -------------------------------------------------------------------    -------------------

                         (clock clk_out1_clock_clk_wiz_0_0 rise edge)
                                                      0.000     0.000 r  
    R4                                                0.000     0.000 r  sys_clk_p (IN)
                         net (fo=0)                   0.000     0.000    u_clock_gen/clock_i/clk_wiz_0/inst/clk_in1_p
    R4                   IBUFDS (Prop_ibufds_I_O)     0.404     0.404 r  u_clock_gen/clock_i/clk_wiz_0/inst/clkin1_ibufgds/O
                         net (fo=1, routed)           0.480     0.884    u_clock_gen/clock_i/clk_wiz_0/inst/clk_in1_clock_clk_wiz_0_0
    MMCME2_ADV_X1Y0      MMCME2_ADV (Prop_mmcme2_adv_CLKIN1_CLKOUT0)
                                                     -3.142    -2.258 r  u_clock_gen/clock_i/clk_wiz_0/inst/mmcm_adv_inst/CLKOUT0
                         net (fo=1, routed)           0.530    -1.729    u_clock_gen/clock_i/clk_wiz_0/inst/clk_out1_clock_clk_wiz_0_0
    BUFGCTRL_X0Y0        BUFG (Prop_bufg_I_O)         0.029    -1.700 r  u_clock_gen/clock_i/clk_wiz_0/inst/clkout1_buf/O
                         net (fo=1199, routed)        0.829    -0.870    u_cpu_unit/cpu_i/microblaze_mcs_0/inst/iomodule_0/U0/Clk
    SLICE_X36Y53         FDRE                                         r  u_cpu_unit/cpu_i/microblaze_mcs_0/inst/iomodule_0/U0/Using_IO_Bus.io_bus_read_data_reg[13]/C
                         clock pessimism              0.665    -0.205    
    SLICE_X36Y53         FDRE (Hold_fdre_C_D)         0.091    -0.114    u_cpu_unit/cpu_i/microblaze_mcs_0/inst/iomodule_0/U0/Using_IO_Bus.io_bus_read_data_reg[13]
  -------------------------------------------------------------------
                         required time                          0.114    
                         arrival time                          -0.016    
  -------------------------------------------------------------------
                         slack                                  0.098    

Slack (MET) :             0.106ns  (arrival time - required time)
  Source:                 u_mmio_unit/u_timer_slot0/counter_reg_reg[44]/C
                            (rising edge-triggered cell FDCE clocked by clk_out1_clock_clk_wiz_0_0  {rise@0.000ns fall@5.000ns period=10.000ns})
  Destination:            u_cpu_unit/cpu_i/microblaze_mcs_0/inst/iomodule_0/U0/Using_IO_Bus.io_bus_read_data_reg[12]/D
                            (rising edge-triggered cell FDRE clocked by clk_out1_clock_clk_wiz_0_0  {rise@0.000ns fall@5.000ns period=10.000ns})
  Path Group:             clk_out1_clock_clk_wiz_0_0
  Path Type:              Hold (Min at Fast Process Corner)
  Requirement:            0.000ns  (clk_out1_clock_clk_wiz_0_0 rise@0.000ns - clk_out1_clock_clk_wiz_0_0 rise@0.000ns)
  Data Path Delay:        0.462ns  (logic 0.246ns (53.248%)  route 0.216ns (46.752%))
  Logic Levels:           1  (LUT6=1)
  Clock Path Skew:        0.265ns (DCD - SCD - CPR)
    Destination Clock Delay (DCD):    -0.870ns
    Source Clock Delay      (SCD):    -0.475ns
    Clock Pessimism Removal (CPR):    -0.660ns

    Location             Delay type                Incr(ns)  Path(ns)    Netlist Resource(s)
  -------------------------------------------------------------------    -------------------
                         (clock clk_out1_clock_clk_wiz_0_0 rise edge)
                                                      0.000     0.000 r  
    R4                                                0.000     0.000 r  sys_clk_p (IN)
                         net (fo=0)                   0.000     0.000    u_clock_gen/clock_i/clk_wiz_0/inst/clk_in1_p
    R4                   IBUFDS (Prop_ibufds_I_O)     0.373     0.373 r  u_clock_gen/clock_i/clk_wiz_0/inst/clkin1_ibufgds/O
                         net (fo=1, routed)           0.440     0.813    u_clock_gen/clock_i/clk_wiz_0/inst/clk_in1_clock_clk_wiz_0_0
    MMCME2_ADV_X1Y0      MMCME2_ADV (Prop_mmcme2_adv_CLKIN1_CLKOUT0)
                                                     -2.360    -1.547 r  u_clock_gen/clock_i/clk_wiz_0/inst/mmcm_adv_inst/CLKOUT0
                         net (fo=1, routed)           0.486    -1.061    u_clock_gen/clock_i/clk_wiz_0/inst/clk_out1_clock_clk_wiz_0_0
    BUFGCTRL_X0Y0        BUFG (Prop_bufg_I_O)         0.026    -1.035 r  u_clock_gen/clock_i/clk_wiz_0/inst/clkout1_buf/O
                         net (fo=1199, routed)        0.560    -0.475    u_mmio_unit/u_timer_slot0/CLK
    SLICE_X34Y55         FDCE                                         r  u_mmio_unit/u_timer_slot0/counter_reg_reg[44]/C
  -------------------------------------------------------------------    -------------------
    SLICE_X34Y55         FDCE (Prop_fdce_C_Q)         0.148    -0.327 r  u_mmio_unit/u_timer_slot0/counter_reg_reg[44]/Q
                         net (fo=2, routed)           0.216    -0.111    u_cpu_unit/Q[22]
    SLICE_X36Y54         LUT6 (Prop_lut6_I4_O)        0.098    -0.013 r  u_cpu_unit/cpu_i_i_20/O
                         net (fo=1, routed)           0.000    -0.013    u_cpu_unit/cpu_i/microblaze_mcs_0/inst/iomodule_0/U0/IO_Read_Data[12]
    SLICE_X36Y54         FDRE                                         r  u_cpu_unit/cpu_i/microblaze_mcs_0/inst/iomodule_0/U0/Using_IO_Bus.io_bus_read_data_reg[12]/D
  -------------------------------------------------------------------    -------------------

                         (clock clk_out1_clock_clk_wiz_0_0 rise edge)
                                                      0.000     0.000 r  
    R4                                                0.000     0.000 r  sys_clk_p (IN)
                         net (fo=0)                   0.000     0.000    u_clock_gen/clock_i/clk_wiz_0/inst/clk_in1_p
    R4                   IBUFDS (Prop_ibufds_I_O)     0.404     0.404 r  u_clock_gen/clock_i/clk_wiz_0/inst/clkin1_ibufgds/O
                         net (fo=1, routed)           0.480     0.884    u_clock_gen/clock_i/clk_wiz_0/inst/clk_in1_clock_clk_wiz_0_0
    MMCME2_ADV_X1Y0      MMCME2_ADV (Prop_mmcme2_adv_CLKIN1_CLKOUT0)
                                                     -3.142    -2.258 r  u_clock_gen/clock_i/clk_wiz_0/inst/mmcm_adv_inst/CLKOUT0
                         net (fo=1, routed)           0.530    -1.729    u_clock_gen/clock_i/clk_wiz_0/inst/clk_out1_clock_clk_wiz_0_0
    BUFGCTRL_X0Y0        BUFG (Prop_bufg_I_O)         0.029    -1.700 r  u_clock_gen/clock_i/clk_wiz_0/inst/clkout1_buf/O
                         net (fo=1199, routed)        0.829    -0.870    u_cpu_unit/cpu_i/microblaze_mcs_0/inst/iomodule_0/U0/Clk
    SLICE_X36Y54         FDRE                                         r  u_cpu_unit/cpu_i/microblaze_mcs_0/inst/iomodule_0/U0/Using_IO_Bus.io_bus_read_data_reg[12]/C
                         clock pessimism              0.660    -0.210    
    SLICE_X36Y54         FDRE (Hold_fdre_C_D)         0.091    -0.119    u_cpu_unit/cpu_i/microblaze_mcs_0/inst/iomodule_0/U0/Using_IO_Bus.io_bus_read_data_reg[12]
  -------------------------------------------------------------------
                         required time                          0.119    
                         arrival time                          -0.013    
  -------------------------------------------------------------------
                         slack                                  0.106    

Slack (MET) :             0.114ns  (arrival time - required time)
  Source:                 u_mmio_unit/u_timer_slot0/counter_reg_reg[7]/C
                            (rising edge-triggered cell FDCE clocked by clk_out1_clock_clk_wiz_0_0  {rise@0.000ns fall@5.000ns period=10.000ns})
  Destination:            u_cpu_unit/cpu_i/microblaze_mcs_0/inst/iomodule_0/U0/Using_IO_Bus.io_bus_read_data_reg[7]/D
                            (rising edge-triggered cell FDRE clocked by clk_out1_clock_clk_wiz_0_0  {rise@0.000ns fall@5.000ns period=10.000ns})
  Path Group:             clk_out1_clock_clk_wiz_0_0
  Path Type:              Hold (Min at Fast Process Corner)
  Requirement:            0.000ns  (clk_out1_clock_clk_wiz_0_0 rise@0.000ns - clk_out1_clock_clk_wiz_0_0 rise@0.000ns)
  Data Path Delay:        0.474ns  (logic 0.209ns (44.063%)  route 0.265ns (55.937%))
  Logic Levels:           1  (LUT5=1)
  Clock Path Skew:        0.268ns (DCD - SCD - CPR)
    Destination Clock Delay (DCD):    -0.870ns
    Source Clock Delay      (SCD):    -0.473ns
    Clock Pessimism Removal (CPR):    -0.665ns

    Location             Delay type                Incr(ns)  Path(ns)    Netlist Resource(s)
  -------------------------------------------------------------------    -------------------
                         (clock clk_out1_clock_clk_wiz_0_0 rise edge)
                                                      0.000     0.000 r  
    R4                                                0.000     0.000 r  sys_clk_p (IN)
                         net (fo=0)                   0.000     0.000    u_clock_gen/clock_i/clk_wiz_0/inst/clk_in1_p
    R4                   IBUFDS (Prop_ibufds_I_O)     0.373     0.373 r  u_clock_gen/clock_i/clk_wiz_0/inst/clkin1_ibufgds/O
                         net (fo=1, routed)           0.440     0.813    u_clock_gen/clock_i/clk_wiz_0/inst/clk_in1_clock_clk_wiz_0_0
    MMCME2_ADV_X1Y0      MMCME2_ADV (Prop_mmcme2_adv_CLKIN1_CLKOUT0)
                                                     -2.360    -1.547 r  u_clock_gen/clock_i/clk_wiz_0/inst/mmcm_adv_inst/CLKOUT0
                         net (fo=1, routed)           0.486    -1.061    u_clock_gen/clock_i/clk_wiz_0/inst/clk_out1_clock_clk_wiz_0_0
    BUFGCTRL_X0Y0        BUFG (Prop_bufg_I_O)         0.026    -1.035 r  u_clock_gen/clock_i/clk_wiz_0/inst/clkout1_buf/O
                         net (fo=1199, routed)        0.562    -0.473    u_mmio_unit/u_timer_slot0/CLK
    SLICE_X34Y46         FDCE                                         r  u_mmio_unit/u_timer_slot0/counter_reg_reg[7]/C
  -------------------------------------------------------------------    -------------------
    SLICE_X34Y46         FDCE (Prop_fdce_C_Q)         0.164    -0.309 r  u_mmio_unit/u_timer_slot0/counter_reg_reg[7]/Q
                         net (fo=2, routed)           0.265    -0.044    u_cpu_unit/Q[5]
    SLICE_X36Y53         LUT5 (Prop_lut5_I1_O)        0.045     0.001 r  u_cpu_unit/cpu_i_i_25/O
                         net (fo=1, routed)           0.000     0.001    u_cpu_unit/cpu_i/microblaze_mcs_0/inst/iomodule_0/U0/IO_Read_Data[7]
    SLICE_X36Y53         FDRE                                         r  u_cpu_unit/cpu_i/microblaze_mcs_0/inst/iomodule_0/U0/Using_IO_Bus.io_bus_read_data_reg[7]/D
  -------------------------------------------------------------------    -------------------

                         (clock clk_out1_clock_clk_wiz_0_0 rise edge)
                                                      0.000     0.000 r  
    R4                                                0.000     0.000 r  sys_clk_p (IN)
                         net (fo=0)                   0.000     0.000    u_clock_gen/clock_i/clk_wiz_0/inst/clk_in1_p
    R4                   IBUFDS (Prop_ibufds_I_O)     0.404     0.404 r  u_clock_gen/clock_i/clk_wiz_0/inst/clkin1_ibufgds/O
                         net (fo=1, routed)           0.480     0.884    u_clock_gen/clock_i/clk_wiz_0/inst/clk_in1_clock_clk_wiz_0_0
    MMCME2_ADV_X1Y0      MMCME2_ADV (Prop_mmcme2_adv_CLKIN1_CLKOUT0)
                                                     -3.142    -2.258 r  u_clock_gen/clock_i/clk_wiz_0/inst/mmcm_adv_inst/CLKOUT0
                         net (fo=1, routed)           0.530    -1.729    u_clock_gen/clock_i/clk_wiz_0/inst/clk_out1_clock_clk_wiz_0_0
    BUFGCTRL_X0Y0        BUFG (Prop_bufg_I_O)         0.029    -1.700 r  u_clock_gen/clock_i/clk_wiz_0/inst/clkout1_buf/O
                         net (fo=1199, routed)        0.829    -0.870    u_cpu_unit/cpu_i/microblaze_mcs_0/inst/iomodule_0/U0/Clk
    SLICE_X36Y53         FDRE                                         r  u_cpu_unit/cpu_i/microblaze_mcs_0/inst/iomodule_0/U0/Using_IO_Bus.io_bus_read_data_reg[7]/C
                         clock pessimism              0.665    -0.205    
    SLICE_X36Y53         FDRE (Hold_fdre_C_D)         0.092    -0.113    u_cpu_unit/cpu_i/microblaze_mcs_0/inst/iomodule_0/U0/Using_IO_Bus.io_bus_read_data_reg[7]
  -------------------------------------------------------------------
                         required time                          0.113    
                         arrival time                           0.001    
  -------------------------------------------------------------------
                         slack                                  0.114    

Slack (MET) :             0.116ns  (arrival time - required time)
  Source:                 u_mmio_unit/u_timer_slot0/counter_reg_reg[6]/C
                            (rising edge-triggered cell FDCE clocked by clk_out1_clock_clk_wiz_0_0  {rise@0.000ns fall@5.000ns period=10.000ns})
  Destination:            u_cpu_unit/cpu_i/microblaze_mcs_0/inst/iomodule_0/U0/Using_IO_Bus.io_bus_read_data_reg[6]/D
                            (rising edge-triggered cell FDRE clocked by clk_out1_clock_clk_wiz_0_0  {rise@0.000ns fall@5.000ns period=10.000ns})
  Path Group:             clk_out1_clock_clk_wiz_0_0
  Path Type:              Hold (Min at Fast Process Corner)
  Requirement:            0.000ns  (clk_out1_clock_clk_wiz_0_0 rise@0.000ns - clk_out1_clock_clk_wiz_0_0 rise@0.000ns)
  Data Path Delay:        0.476ns  (logic 0.209ns (43.893%)  route 0.267ns (56.107%))
  Logic Levels:           1  (LUT5=1)
  Clock Path Skew:        0.268ns (DCD - SCD - CPR)
    Destination Clock Delay (DCD):    -0.870ns
    Source Clock Delay      (SCD):    -0.473ns
    Clock Pessimism Removal (CPR):    -0.665ns

    Location             Delay type                Incr(ns)  Path(ns)    Netlist Resource(s)
  -------------------------------------------------------------------    -------------------
                         (clock clk_out1_clock_clk_wiz_0_0 rise edge)
                                                      0.000     0.000 r  
    R4                                                0.000     0.000 r  sys_clk_p (IN)
                         net (fo=0)                   0.000     0.000    u_clock_gen/clock_i/clk_wiz_0/inst/clk_in1_p
    R4                   IBUFDS (Prop_ibufds_I_O)     0.373     0.373 r  u_clock_gen/clock_i/clk_wiz_0/inst/clkin1_ibufgds/O
                         net (fo=1, routed)           0.440     0.813    u_clock_gen/clock_i/clk_wiz_0/inst/clk_in1_clock_clk_wiz_0_0
    MMCME2_ADV_X1Y0      MMCME2_ADV (Prop_mmcme2_adv_CLKIN1_CLKOUT0)
                                                     -2.360    -1.547 r  u_clock_gen/clock_i/clk_wiz_0/inst/mmcm_adv_inst/CLKOUT0
                         net (fo=1, routed)           0.486    -1.061    u_clock_gen/clock_i/clk_wiz_0/inst/clk_out1_clock_clk_wiz_0_0
    BUFGCTRL_X0Y0        BUFG (Prop_bufg_I_O)         0.026    -1.035 r  u_clock_gen/clock_i/clk_wiz_0/inst/clkout1_buf/O
                         net (fo=1199, routed)        0.562    -0.473    u_mmio_unit/u_timer_slot0/CLK
    SLICE_X34Y46         FDCE                                         r  u_mmio_unit/u_timer_slot0/counter_reg_reg[6]/C
  -------------------------------------------------------------------    -------------------
    SLICE_X34Y46         FDCE (Prop_fdce_C_Q)         0.164    -0.309 r  u_mmio_unit/u_timer_slot0/counter_reg_reg[6]/Q
                         net (fo=2, routed)           0.267    -0.042    u_cpu_unit/Q[4]
    SLICE_X36Y53         LUT5 (Prop_lut5_I1_O)        0.045     0.003 r  u_cpu_unit/cpu_i_i_26/O
                         net (fo=1, routed)           0.000     0.003    u_cpu_unit/cpu_i/microblaze_mcs_0/inst/iomodule_0/U0/IO_Read_Data[6]
    SLICE_X36Y53         FDRE                                         r  u_cpu_unit/cpu_i/microblaze_mcs_0/inst/iomodule_0/U0/Using_IO_Bus.io_bus_read_data_reg[6]/D
  -------------------------------------------------------------------    -------------------

                         (clock clk_out1_clock_clk_wiz_0_0 rise edge)
                                                      0.000     0.000 r  
    R4                                                0.000     0.000 r  sys_clk_p (IN)
                         net (fo=0)                   0.000     0.000    u_clock_gen/clock_i/clk_wiz_0/inst/clk_in1_p
    R4                   IBUFDS (Prop_ibufds_I_O)     0.404     0.404 r  u_clock_gen/clock_i/clk_wiz_0/inst/clkin1_ibufgds/O
                         net (fo=1, routed)           0.480     0.884    u_clock_gen/clock_i/clk_wiz_0/inst/clk_in1_clock_clk_wiz_0_0
    MMCME2_ADV_X1Y0      MMCME2_ADV (Prop_mmcme2_adv_CLKIN1_CLKOUT0)
                                                     -3.142    -2.258 r  u_clock_gen/clock_i/clk_wiz_0/inst/mmcm_adv_inst/CLKOUT0
                         net (fo=1, routed)           0.530    -1.729    u_clock_gen/clock_i/clk_wiz_0/inst/clk_out1_clock_clk_wiz_0_0
    BUFGCTRL_X0Y0        BUFG (Prop_bufg_I_O)         0.029    -1.700 r  u_clock_gen/clock_i/clk_wiz_0/inst/clkout1_buf/O
                         net (fo=1199, routed)        0.829    -0.870    u_cpu_unit/cpu_i/microblaze_mcs_0/inst/iomodule_0/U0/Clk
    SLICE_X36Y53         FDRE                                         r  u_cpu_unit/cpu_i/microblaze_mcs_0/inst/iomodule_0/U0/Using_IO_Bus.io_bus_read_data_reg[6]/C
                         clock pessimism              0.665    -0.205    
    SLICE_X36Y53         FDRE (Hold_fdre_C_D)         0.092    -0.113    u_cpu_unit/cpu_i/microblaze_mcs_0/inst/iomodule_0/U0/Using_IO_Bus.io_bus_read_data_reg[6]
  -------------------------------------------------------------------
                         required time                          0.113    
                         arrival time                           0.003    
  -------------------------------------------------------------------
                         slack                                  0.116    

Slack (MET) :             0.117ns  (arrival time - required time)
  Source:                 u_cpu_unit/cpu_i/microblaze_mcs_0/inst/rst_0/U0/EXT_LPF/AUX_LPF[2].asr_lpf_reg[2]/C
                            (rising edge-triggered cell FDRE clocked by clk_out1_clock_clk_wiz_0_0  {rise@0.000ns fall@5.000ns period=10.000ns})
  Destination:            u_cpu_unit/cpu_i/microblaze_mcs_0/inst/rst_0/U0/EXT_LPF/lpf_asr_reg/D
                            (rising edge-triggered cell FDRE clocked by clk_out1_clock_clk_wiz_0_0  {rise@0.000ns fall@5.000ns period=10.000ns})
  Path Group:             clk_out1_clock_clk_wiz_0_0
  Path Type:              Hold (Min at Fast Process Corner)
  Requirement:            0.000ns  (clk_out1_clock_clk_wiz_0_0 rise@0.000ns - clk_out1_clock_clk_wiz_0_0 rise@0.000ns)
  Data Path Delay:        0.251ns  (logic 0.186ns (74.070%)  route 0.065ns (25.930%))
  Logic Levels:           1  (LUT5=1)
  Clock Path Skew:        0.013ns (DCD - SCD - CPR)
    Destination Clock Delay (DCD):    -0.876ns
    Source Clock Delay      (SCD):    -0.479ns
    Clock Pessimism Removal (CPR):    -0.410ns

    Location             Delay type                Incr(ns)  Path(ns)    Netlist Resource(s)
  -------------------------------------------------------------------    -------------------
                         (clock clk_out1_clock_clk_wiz_0_0 rise edge)
                                                      0.000     0.000 r  
    R4                                                0.000     0.000 r  sys_clk_p (IN)
                         net (fo=0)                   0.000     0.000    u_clock_gen/clock_i/clk_wiz_0/inst/clk_in1_p
    R4                   IBUFDS (Prop_ibufds_I_O)     0.373     0.373 r  u_clock_gen/clock_i/clk_wiz_0/inst/clkin1_ibufgds/O
                         net (fo=1, routed)           0.440     0.813    u_clock_gen/clock_i/clk_wiz_0/inst/clk_in1_clock_clk_wiz_0_0
    MMCME2_ADV_X1Y0      MMCME2_ADV (Prop_mmcme2_adv_CLKIN1_CLKOUT0)
                                                     -2.360    -1.547 r  u_clock_gen/clock_i/clk_wiz_0/inst/mmcm_adv_inst/CLKOUT0
                         net (fo=1, routed)           0.486    -1.061    u_clock_gen/clock_i/clk_wiz_0/inst/clk_out1_clock_clk_wiz_0_0
    BUFGCTRL_X0Y0        BUFG (Prop_bufg_I_O)         0.026    -1.035 r  u_clock_gen/clock_i/clk_wiz_0/inst/clkout1_buf/O
                         net (fo=1199, routed)        0.556    -0.479    u_cpu_unit/cpu_i/microblaze_mcs_0/inst/rst_0/U0/EXT_LPF/slowest_sync_clk
    SLICE_X35Y64         FDRE                                         r  u_cpu_unit/cpu_i/microblaze_mcs_0/inst/rst_0/U0/EXT_LPF/AUX_LPF[2].asr_lpf_reg[2]/C
  -------------------------------------------------------------------    -------------------
    SLICE_X35Y64         FDRE (Prop_fdre_C_Q)         0.141    -0.338 r  u_cpu_unit/cpu_i/microblaze_mcs_0/inst/rst_0/U0/EXT_LPF/AUX_LPF[2].asr_lpf_reg[2]/Q
                         net (fo=2, routed)           0.065    -0.273    u_cpu_unit/cpu_i/microblaze_mcs_0/inst/rst_0/U0/EXT_LPF/ACTIVE_LOW_AUX.ACT_LO_AUX/p_1_in
    SLICE_X34Y64         LUT5 (Prop_lut5_I1_O)        0.045    -0.228 r  u_cpu_unit/cpu_i/microblaze_mcs_0/inst/rst_0/U0/EXT_LPF/ACTIVE_LOW_AUX.ACT_LO_AUX/lpf_asr_i_1/O
                         net (fo=1, routed)           0.000    -0.228    u_cpu_unit/cpu_i/microblaze_mcs_0/inst/rst_0/U0/EXT_LPF/ACTIVE_LOW_AUX.ACT_LO_AUX_n_0
    SLICE_X34Y64         FDRE                                         r  u_cpu_unit/cpu_i/microblaze_mcs_0/inst/rst_0/U0/EXT_LPF/lpf_asr_reg/D
  -------------------------------------------------------------------    -------------------

                         (clock clk_out1_clock_clk_wiz_0_0 rise edge)
                                                      0.000     0.000 r  
    R4                                                0.000     0.000 r  sys_clk_p (IN)
                         net (fo=0)                   0.000     0.000    u_clock_gen/clock_i/clk_wiz_0/inst/clk_in1_p
    R4                   IBUFDS (Prop_ibufds_I_O)     0.404     0.404 r  u_clock_gen/clock_i/clk_wiz_0/inst/clkin1_ibufgds/O
                         net (fo=1, routed)           0.480     0.884    u_clock_gen/clock_i/clk_wiz_0/inst/clk_in1_clock_clk_wiz_0_0
    MMCME2_ADV_X1Y0      MMCME2_ADV (Prop_mmcme2_adv_CLKIN1_CLKOUT0)
                                                     -3.142    -2.258 r  u_clock_gen/clock_i/clk_wiz_0/inst/mmcm_adv_inst/CLKOUT0
                         net (fo=1, routed)           0.530    -1.729    u_clock_gen/clock_i/clk_wiz_0/inst/clk_out1_clock_clk_wiz_0_0
    BUFGCTRL_X0Y0        BUFG (Prop_bufg_I_O)         0.029    -1.700 r  u_clock_gen/clock_i/clk_wiz_0/inst/clkout1_buf/O
                         net (fo=1199, routed)        0.823    -0.876    u_cpu_unit/cpu_i/microblaze_mcs_0/inst/rst_0/U0/EXT_LPF/slowest_sync_clk
    SLICE_X34Y64         FDRE                                         r  u_cpu_unit/cpu_i/microblaze_mcs_0/inst/rst_0/U0/EXT_LPF/lpf_asr_reg/C
                         clock pessimism              0.410    -0.466    
    SLICE_X34Y64         FDRE (Hold_fdre_C_D)         0.121    -0.345    u_cpu_unit/cpu_i/microblaze_mcs_0/inst/rst_0/U0/EXT_LPF/lpf_asr_reg
  -------------------------------------------------------------------
                         required time                          0.345    
                         arrival time                          -0.228    
  -------------------------------------------------------------------
                         slack                                  0.117    





Pulse Width Checks
--------------------------------------------------------------------------------------
Clock Name:         clk_out1_clock_clk_wiz_0_0
Waveform(ns):       { 0.000 5.000 }
Period(ns):         10.000
Sources:            { u_clock_gen/clock_i/clk_wiz_0/inst/mmcm_adv_inst/CLKOUT0 }

Check Type        Corner  Lib Pin             Reference Pin  Required(ns)  Actual(ns)  Slack(ns)  Location         Pin
Min Period        n/a     RAMB36E1/CLKARDCLK  n/a            2.170         10.000      7.830      RAMB36_X2Y14     u_cpu_unit/cpu_i/microblaze_mcs_0/inst/lmb_bram_I/U0/inst_blk_mem_gen/gnbram.gnative_mem_map_bmg.native_mem_map_blk_mem_gen/valid.cstr/ramloop[12].ram.r/prim_noinit.ram/DEVICE_7SERIES.WITH_BMM_INFO.TRUE_DP.SIMPLE_PRIM36.TDP_SP36_NO_ECC_ATTR.ram/CLKARDCLK
Min Period        n/a     RAMB36E1/CLKBWRCLK  n/a            2.170         10.000      7.830      RAMB36_X2Y14     u_cpu_unit/cpu_i/microblaze_mcs_0/inst/lmb_bram_I/U0/inst_blk_mem_gen/gnbram.gnative_mem_map_bmg.native_mem_map_blk_mem_gen/valid.cstr/ramloop[12].ram.r/prim_noinit.ram/DEVICE_7SERIES.WITH_BMM_INFO.TRUE_DP.SIMPLE_PRIM36.TDP_SP36_NO_ECC_ATTR.ram/CLKBWRCLK
Min Period        n/a     RAMB36E1/CLKARDCLK  n/a            2.170         10.000      7.830      RAMB36_X1Y14     u_cpu_unit/cpu_i/microblaze_mcs_0/inst/lmb_bram_I/U0/inst_blk_mem_gen/gnbram.gnative_mem_map_bmg.native_mem_map_blk_mem_gen/valid.cstr/ramloop[15].ram.r/prim_noinit.ram/DEVICE_7SERIES.WITH_BMM_INFO.TRUE_DP.SIMPLE_PRIM36.TDP_SP36_NO_ECC_ATTR.ram/CLKARDCLK
Min Period        n/a     RAMB36E1/CLKBWRCLK  n/a            2.170         10.000      7.830      RAMB36_X1Y14     u_cpu_unit/cpu_i/microblaze_mcs_0/inst/lmb_bram_I/U0/inst_blk_mem_gen/gnbram.gnative_mem_map_bmg.native_mem_map_blk_mem_gen/valid.cstr/ramloop[15].ram.r/prim_noinit.ram/DEVICE_7SERIES.WITH_BMM_INFO.TRUE_DP.SIMPLE_PRIM36.TDP_SP36_NO_ECC_ATTR.ram/CLKBWRCLK
Min Period        n/a     RAMB36E1/CLKARDCLK  n/a            2.170         10.000      7.830      RAMB36_X1Y5      u_cpu_unit/cpu_i/microblaze_mcs_0/inst/lmb_bram_I/U0/inst_blk_mem_gen/gnbram.gnative_mem_map_bmg.native_mem_map_blk_mem_gen/valid.cstr/ramloop[18].ram.r/prim_noinit.ram/DEVICE_7SERIES.WITH_BMM_INFO.TRUE_DP.SIMPLE_PRIM36.TDP_SP36_NO_ECC_ATTR.ram/CLKARDCLK
Min Period        n/a     RAMB36E1/CLKBWRCLK  n/a            2.170         10.000      7.830      RAMB36_X1Y5      u_cpu_unit/cpu_i/microblaze_mcs_0/inst/lmb_bram_I/U0/inst_blk_mem_gen/gnbram.gnative_mem_map_bmg.native_mem_map_blk_mem_gen/valid.cstr/ramloop[18].ram.r/prim_noinit.ram/DEVICE_7SERIES.WITH_BMM_INFO.TRUE_DP.SIMPLE_PRIM36.TDP_SP36_NO_ECC_ATTR.ram/CLKBWRCLK
Min Period        n/a     RAMB36E1/CLKARDCLK  n/a            2.170         10.000      7.830      RAMB36_X2Y7      u_cpu_unit/cpu_i/microblaze_mcs_0/inst/lmb_bram_I/U0/inst_blk_mem_gen/gnbram.gnative_mem_map_bmg.native_mem_map_blk_mem_gen/valid.cstr/ramloop[20].ram.r/prim_noinit.ram/DEVICE_7SERIES.WITH_BMM_INFO.TRUE_DP.SIMPLE_PRIM36.TDP_SP36_NO_ECC_ATTR.ram/CLKARDCLK
Min Period        n/a     RAMB36E1/CLKBWRCLK  n/a            2.170         10.000      7.830      RAMB36_X2Y7      u_cpu_unit/cpu_i/microblaze_mcs_0/inst/lmb_bram_I/U0/inst_blk_mem_gen/gnbram.gnative_mem_map_bmg.native_mem_map_blk_mem_gen/valid.cstr/ramloop[20].ram.r/prim_noinit.ram/DEVICE_7SERIES.WITH_BMM_INFO.TRUE_DP.SIMPLE_PRIM36.TDP_SP36_NO_ECC_ATTR.ram/CLKBWRCLK
Min Period        n/a     RAMB36E1/CLKARDCLK  n/a            2.170         10.000      7.830      RAMB36_X0Y10     u_cpu_unit/cpu_i/microblaze_mcs_0/inst/lmb_bram_I/U0/inst_blk_mem_gen/gnbram.gnative_mem_map_bmg.native_mem_map_blk_mem_gen/valid.cstr/ramloop[23].ram.r/prim_noinit.ram/DEVICE_7SERIES.WITH_BMM_INFO.TRUE_DP.SIMPLE_PRIM36.TDP_SP36_NO_ECC_ATTR.ram/CLKARDCLK
Min Period        n/a     RAMB36E1/CLKBWRCLK  n/a            2.170         10.000      7.830      RAMB36_X0Y10     u_cpu_unit/cpu_i/microblaze_mcs_0/inst/lmb_bram_I/U0/inst_blk_mem_gen/gnbram.gnative_mem_map_bmg.native_mem_map_blk_mem_gen/valid.cstr/ramloop[23].ram.r/prim_noinit.ram/DEVICE_7SERIES.WITH_BMM_INFO.TRUE_DP.SIMPLE_PRIM36.TDP_SP36_NO_ECC_ATTR.ram/CLKBWRCLK
Max Period        n/a     MMCME2_ADV/CLKOUT0  n/a            213.360       10.000      203.360    MMCME2_ADV_X1Y0  u_clock_gen/clock_i/clk_wiz_0/inst/mmcm_adv_inst/CLKOUT0
Low Pulse Width   Fast    RAMD32/CLK          n/a            1.130         5.000       3.870      SLICE_X42Y57     u_cpu_unit/cpu_i/microblaze_mcs_0/inst/microblaze_I/U0/MicroBlaze_Core_I/Area.Core/Data_Flow_I/Register_File_I/Using_FPGA.Gen_RegFile[1].Register_File_Bit_I/RegFile_X1/Using_FPGA.Native/DP/CLK
Low Pulse Width   Fast    RAMD32/CLK          n/a            1.130         5.000       3.870      SLICE_X42Y57     u_cpu_unit/cpu_i/microblaze_mcs_0/inst/microblaze_I/U0/MicroBlaze_Core_I/Area.Core/Data_Flow_I/Register_File_I/Using_FPGA.Gen_RegFile[1].Register_File_Bit_I/RegFile_X1/Using_FPGA.Native/SP/CLK
Low Pulse Width   Fast    RAMD32/CLK          n/a            1.130         5.000       3.870      SLICE_X42Y57     u_cpu_unit/cpu_i/microblaze_mcs_0/inst/microblaze_I/U0/MicroBlaze_Core_I/Area.Core/Data_Flow_I/Register_File_I/Using_FPGA.Gen_RegFile[1].Register_File_Bit_I/RegFile_X2/Using_FPGA.Native/DP/CLK
Low Pulse Width   Fast    RAMD32/CLK          n/a            1.130         5.000       3.870      SLICE_X42Y57     u_cpu_unit/cpu_i/microblaze_mcs_0/inst/microblaze_I/U0/MicroBlaze_Core_I/Area.Core/Data_Flow_I/Register_File_I/Using_FPGA.Gen_RegFile[1].Register_File_Bit_I/RegFile_X2/Using_FPGA.Native/SP/CLK
Low Pulse Width   Fast    RAMD32/CLK          n/a            1.130         5.000       3.870      SLICE_X46Y49     u_cpu_unit/cpu_i/microblaze_mcs_0/inst/microblaze_I/U0/MicroBlaze_Core_I/Area.Core/Data_Flow_I/Register_File_I/Using_FPGA.Gen_RegFile[29].Register_File_Bit_I/RegFile_X1/Using_FPGA.Native/DP/CLK
Low Pulse Width   Fast    RAMD32/CLK          n/a            1.130         5.000       3.870      SLICE_X46Y49     u_cpu_unit/cpu_i/microblaze_mcs_0/inst/microblaze_I/U0/MicroBlaze_Core_I/Area.Core/Data_Flow_I/Register_File_I/Using_FPGA.Gen_RegFile[29].Register_File_Bit_I/RegFile_X1/Using_FPGA.Native/SP/CLK
Low Pulse Width   Fast    RAMD32/CLK          n/a            1.130         5.000       3.870      SLICE_X46Y49     u_cpu_unit/cpu_i/microblaze_mcs_0/inst/microblaze_I/U0/MicroBlaze_Core_I/Area.Core/Data_Flow_I/Register_File_I/Using_FPGA.Gen_RegFile[29].Register_File_Bit_I/RegFile_X2/Using_FPGA.Native/DP/CLK
Low Pulse Width   Fast    RAMD32/CLK          n/a            1.130         5.000       3.870      SLICE_X46Y49     u_cpu_unit/cpu_i/microblaze_mcs_0/inst/microblaze_I/U0/MicroBlaze_Core_I/Area.Core/Data_Flow_I/Register_File_I/Using_FPGA.Gen_RegFile[29].Register_File_Bit_I/RegFile_X2/Using_FPGA.Native/SP/CLK
Low Pulse Width   Fast    RAMD32/CLK          n/a            1.130         5.000       3.870      SLICE_X38Y57     u_cpu_unit/cpu_i/microblaze_mcs_0/inst/microblaze_I/U0/MicroBlaze_Core_I/Area.Core/Data_Flow_I/Register_File_I/Using_FPGA.Gen_RegFile[5].Register_File_Bit_I/RegFile_X1/Using_FPGA.Native/DP/CLK
Low Pulse Width   Fast    RAMD32/CLK          n/a            1.130         5.000       3.870      SLICE_X38Y57     u_cpu_unit/cpu_i/microblaze_mcs_0/inst/microblaze_I/U0/MicroBlaze_Core_I/Area.Core/Data_Flow_I/Register_File_I/Using_FPGA.Gen_RegFile[5].Register_File_Bit_I/RegFile_X1/Using_FPGA.Native/SP/CLK
High Pulse Width  Fast    RAMD32/CLK          n/a            1.130         5.000       3.870      SLICE_X46Y57     u_cpu_unit/cpu_i/microblaze_mcs_0/inst/microblaze_I/U0/MicroBlaze_Core_I/Area.Core/Data_Flow_I/Register_File_I/Using_FPGA.Gen_RegFile[0].Register_File_Bit_I/RegFile_X1/Using_FPGA.Native/DP/CLK
High Pulse Width  Fast    RAMD32/CLK          n/a            1.130         5.000       3.870      SLICE_X46Y57     u_cpu_unit/cpu_i/microblaze_mcs_0/inst/microblaze_I/U0/MicroBlaze_Core_I/Area.Core/Data_Flow_I/Register_File_I/Using_FPGA.Gen_RegFile[0].Register_File_Bit_I/RegFile_X1/Using_FPGA.Native/SP/CLK
High Pulse Width  Fast    RAMD32/CLK          n/a            1.130         5.000       3.870      SLICE_X46Y57     u_cpu_unit/cpu_i/microblaze_mcs_0/inst/microblaze_I/U0/MicroBlaze_Core_I/Area.Core/Data_Flow_I/Register_File_I/Using_FPGA.Gen_RegFile[0].Register_File_Bit_I/RegFile_X2/Using_FPGA.Native/DP/CLK
High Pulse Width  Fast    RAMD32/CLK          n/a            1.130         5.000       3.870      SLICE_X46Y57     u_cpu_unit/cpu_i/microblaze_mcs_0/inst/microblaze_I/U0/MicroBlaze_Core_I/Area.Core/Data_Flow_I/Register_File_I/Using_FPGA.Gen_RegFile[0].Register_File_Bit_I/RegFile_X2/Using_FPGA.Native/SP/CLK
High Pulse Width  Slow    RAMD32/CLK          n/a            1.130         5.000       3.870      SLICE_X38Y52     u_cpu_unit/cpu_i/microblaze_mcs_0/inst/microblaze_I/U0/MicroBlaze_Core_I/Area.Core/Data_Flow_I/Register_File_I/Using_FPGA.Gen_RegFile[10].Register_File_Bit_I/RegFile_X1/Using_FPGA.Native/DP/CLK
High Pulse Width  Slow    RAMD32/CLK          n/a            1.130         5.000       3.870      SLICE_X38Y52     u_cpu_unit/cpu_i/microblaze_mcs_0/inst/microblaze_I/U0/MicroBlaze_Core_I/Area.Core/Data_Flow_I/Register_File_I/Using_FPGA.Gen_RegFile[10].Register_File_Bit_I/RegFile_X1/Using_FPGA.Native/SP/CLK
High Pulse Width  Slow    RAMD32/CLK          n/a            1.130         5.000       3.870      SLICE_X38Y52     u_cpu_unit/cpu_i/microblaze_mcs_0/inst/microblaze_I/U0/MicroBlaze_Core_I/Area.Core/Data_Flow_I/Register_File_I/Using_FPGA.Gen_RegFile[10].Register_File_Bit_I/RegFile_X2/Using_FPGA.Native/DP/CLK
High Pulse Width  Slow    RAMD32/CLK          n/a            1.130         5.000       3.870      SLICE_X38Y52     u_cpu_unit/cpu_i/microblaze_mcs_0/inst/microblaze_I/U0/MicroBlaze_Core_I/Area.Core/Data_Flow_I/Register_File_I/Using_FPGA.Gen_RegFile[10].Register_File_Bit_I/RegFile_X2/Using_FPGA.Native/SP/CLK
High Pulse Width  Slow    RAMD32/CLK          n/a            1.130         5.000       3.870      SLICE_X42Y50     u_cpu_unit/cpu_i/microblaze_mcs_0/inst/microblaze_I/U0/MicroBlaze_Core_I/Area.Core/Data_Flow_I/Register_File_I/Using_FPGA.Gen_RegFile[11].Register_File_Bit_I/RegFile_X1/Using_FPGA.Native/DP/CLK
High Pulse Width  Slow    RAMD32/CLK          n/a            1.130         5.000       3.870      SLICE_X42Y50     u_cpu_unit/cpu_i/microblaze_mcs_0/inst/microblaze_I/U0/MicroBlaze_Core_I/Area.Core/Data_Flow_I/Register_File_I/Using_FPGA.Gen_RegFile[11].Register_File_Bit_I/RegFile_X1/Using_FPGA.Native/SP/CLK



---------------------------------------------------------------------------------------------------
From Clock:  clkfbout_clock_clk_wiz_0_0
  To Clock:  clkfbout_clock_clk_wiz_0_0

Setup :           NA  Failing Endpoints,  Worst Slack           NA  ,  Total Violation           NA
Hold  :           NA  Failing Endpoints,  Worst Slack           NA  ,  Total Violation           NA
PW    :            0  Failing Endpoints,  Worst Slack        3.408ns,  Total Violation        0.000ns
---------------------------------------------------------------------------------------------------


Pulse Width Checks
--------------------------------------------------------------------------------------
Clock Name:         clkfbout_clock_clk_wiz_0_0
Waveform(ns):       { 0.000 2.500 }
Period(ns):         5.000
Sources:            { u_clock_gen/clock_i/clk_wiz_0/inst/mmcm_adv_inst/CLKFBOUT }

Check Type  Corner  Lib Pin              Reference Pin  Required(ns)  Actual(ns)  Slack(ns)  Location         Pin
Min Period  n/a     BUFG/I               n/a            1.592         5.000       3.408      BUFGCTRL_X0Y2    u_clock_gen/clock_i/clk_wiz_0/inst/clkf_buf/I
Min Period  n/a     MMCME2_ADV/CLKFBOUT  n/a            1.249         5.000       3.751      MMCME2_ADV_X1Y0  u_clock_gen/clock_i/clk_wiz_0/inst/mmcm_adv_inst/CLKFBOUT
Min Period  n/a     MMCME2_ADV/CLKFBIN   n/a            1.249         5.000       3.751      MMCME2_ADV_X1Y0  u_clock_gen/clock_i/clk_wiz_0/inst/mmcm_adv_inst/CLKFBIN
Max Period  n/a     MMCME2_ADV/CLKFBIN   n/a            100.000       5.000       95.000     MMCME2_ADV_X1Y0  u_clock_gen/clock_i/clk_wiz_0/inst/mmcm_adv_inst/CLKFBIN
Max Period  n/a     MMCME2_ADV/CLKFBOUT  n/a            213.360       5.000       208.360    MMCME2_ADV_X1Y0  u_clock_gen/clock_i/clk_wiz_0/inst/mmcm_adv_inst/CLKFBOUT



---------------------------------------------------------------------------------------------------
From Clock:  u_cpu_unit/cpu_i/microblaze_mcs_0/inst/mdm_0/U0/Use_E2.BSCAN_I/Use_E2.BSCANE2_I/DRCK
  To Clock:  u_cpu_unit/cpu_i/microblaze_mcs_0/inst/mdm_0/U0/Use_E2.BSCAN_I/Use_E2.BSCANE2_I/DRCK

Setup :            0  Failing Endpoints,  Worst Slack       13.994ns,  Total Violation        0.000ns
Hold  :            0  Failing Endpoints,  Worst Slack        0.154ns,  Total Violation        0.000ns
PW    :            0  Failing Endpoints,  Worst Slack       15.812ns,  Total Violation        0.000ns
---------------------------------------------------------------------------------------------------


Max Delay Paths
--------------------------------------------------------------------------------------
Slack (MET) :             13.994ns  (required time - arrival time)
  Source:                 u_cpu_unit/cpu_i/microblaze_mcs_0/inst/mdm_0/U0/MDM_Core_I1/JTAG_CONTROL_I/Use_Serial_Unified_Completion.completion_block_reg/C
                            (rising edge-triggered cell FDCE clocked by u_cpu_unit/cpu_i/microblaze_mcs_0/inst/mdm_0/U0/Use_E2.BSCAN_I/Use_E2.BSCANE2_I/DRCK  {rise@0.000ns fall@16.667ns period=33.333ns})
  Destination:            u_cpu_unit/cpu_i/microblaze_mcs_0/inst/mdm_0/U0/MDM_Core_I1/JTAG_CONTROL_I/Use_BSCAN.SYNC_FDRE/Using_FPGA.Native/CE
                            (falling edge-triggered cell FDRE clocked by u_cpu_unit/cpu_i/microblaze_mcs_0/inst/mdm_0/U0/Use_E2.BSCAN_I/Use_E2.BSCANE2_I/DRCK  {rise@0.000ns fall@16.667ns period=33.333ns})
  Path Group:             u_cpu_unit/cpu_i/microblaze_mcs_0/inst/mdm_0/U0/Use_E2.BSCAN_I/Use_E2.BSCANE2_I/DRCK
  Path Type:              Setup (Max at Slow Process Corner)
  Requirement:            16.667ns  (u_cpu_unit/cpu_i/microblaze_mcs_0/inst/mdm_0/U0/Use_E2.BSCAN_I/Use_E2.BSCANE2_I/DRCK fall@16.667ns - u_cpu_unit/cpu_i/microblaze_mcs_0/inst/mdm_0/U0/Use_E2.BSCAN_I/Use_E2.BSCANE2_I/DRCK rise@0.000ns)
  Data Path Delay:        2.460ns  (logic 0.589ns (23.945%)  route 1.871ns (76.055%))
  Logic Levels:           2  (LUT5=1 LUT6=1)
  Clock Path Skew:        -0.045ns (DCD - SCD + CPR)
    Destination Clock Delay (DCD):    2.655ns = ( 19.321 - 16.667 ) 
    Source Clock Delay      (SCD):    2.996ns
    Clock Pessimism Removal (CPR):    0.296ns
  Clock Uncertainty:      0.035ns  ((TSJ^2 + TIJ^2)^1/2 + DJ) / 2 + PE
    Total System Jitter     (TSJ):    0.071ns
    Total Input Jitter      (TIJ):    0.000ns
    Discrete Jitter          (DJ):    0.000ns
    Phase Error              (PE):    0.000ns

    Location             Delay type                Incr(ns)  Path(ns)    Netlist Resource(s)
  -------------------------------------------------------------------    -------------------
                         (clock u_cpu_unit/cpu_i/microblaze_mcs_0/inst/mdm_0/U0/Use_E2.BSCAN_I/Use_E2.BSCANE2_I/DRCK rise edge)
                                                      0.000     0.000 r  
    BSCAN_X0Y1           BSCANE2                      0.000     0.000 r  u_cpu_unit/cpu_i/microblaze_mcs_0/inst/mdm_0/U0/Use_E2.BSCAN_I/Use_E2.BSCANE2_I/DRCK
                         net (fo=1, routed)           1.564     1.564    u_cpu_unit/cpu_i/microblaze_mcs_0/inst/mdm_0/U0/No_Dbg_Reg_Access.BUFG_DRCK/drck_i
    BUFGCTRL_X0Y1        BUFG (Prop_bufg_I_O)         0.081     1.645 r  u_cpu_unit/cpu_i/microblaze_mcs_0/inst/mdm_0/U0/No_Dbg_Reg_Access.BUFG_DRCK/Using_FPGA.Native/O
                         net (fo=231, routed)         1.351     2.996    u_cpu_unit/cpu_i/microblaze_mcs_0/inst/mdm_0/U0/MDM_Core_I1/JTAG_CONTROL_I/Use_BSCAN.PORT_Selector_reg[0]
    SLICE_X32Y60         FDCE                                         r  u_cpu_unit/cpu_i/microblaze_mcs_0/inst/mdm_0/U0/MDM_Core_I1/JTAG_CONTROL_I/Use_Serial_Unified_Completion.completion_block_reg/C
  -------------------------------------------------------------------    -------------------
    SLICE_X32Y60         FDCE (Prop_fdce_C_Q)         0.379     3.375 f  u_cpu_unit/cpu_i/microblaze_mcs_0/inst/mdm_0/U0/MDM_Core_I1/JTAG_CONTROL_I/Use_Serial_Unified_Completion.completion_block_reg/Q
                         net (fo=14, routed)          0.643     4.018    u_cpu_unit/cpu_i/microblaze_mcs_0/inst/mdm_0/U0/MDM_Core_I1/JTAG_CONTROL_I/Use_BSCAN.FDC_I/Use_Serial_Unified_Completion.completion_block_reg_1
    SLICE_X31Y57         LUT6 (Prop_lut6_I4_O)        0.105     4.123 r  u_cpu_unit/cpu_i/microblaze_mcs_0/inst/mdm_0/U0/MDM_Core_I1/JTAG_CONTROL_I/Use_BSCAN.FDC_I/Using_FPGA.Native_i_2/O
                         net (fo=1, routed)           0.661     4.784    u_cpu_unit/cpu_i/microblaze_mcs_0/inst/mdm_0/U0/MDM_Core_I1/JTAG_CONTROL_I/Use_BSCAN.FDC_I/Using_FPGA.Native_i_2_n_0
    SLICE_X32Y56         LUT5 (Prop_lut5_I0_O)        0.105     4.889 r  u_cpu_unit/cpu_i/microblaze_mcs_0/inst/mdm_0/U0/MDM_Core_I1/JTAG_CONTROL_I/Use_BSCAN.FDC_I/Using_FPGA.Native_i_1/O
                         net (fo=1, routed)           0.567     5.456    u_cpu_unit/cpu_i/microblaze_mcs_0/inst/mdm_0/U0/MDM_Core_I1/JTAG_CONTROL_I/Use_BSCAN.SYNC_FDRE/CE
    SLICE_X34Y58         FDRE                                         r  u_cpu_unit/cpu_i/microblaze_mcs_0/inst/mdm_0/U0/MDM_Core_I1/JTAG_CONTROL_I/Use_BSCAN.SYNC_FDRE/Using_FPGA.Native/CE
  -------------------------------------------------------------------    -------------------

                         (clock u_cpu_unit/cpu_i/microblaze_mcs_0/inst/mdm_0/U0/Use_E2.BSCAN_I/Use_E2.BSCANE2_I/DRCK fall edge)
                                                     16.667    16.667 f  
    BSCAN_X0Y1           BSCANE2                      0.000    16.667 f  u_cpu_unit/cpu_i/microblaze_mcs_0/inst/mdm_0/U0/Use_E2.BSCAN_I/Use_E2.BSCANE2_I/DRCK
                         net (fo=1, routed)           1.338    18.004    u_cpu_unit/cpu_i/microblaze_mcs_0/inst/mdm_0/U0/No_Dbg_Reg_Access.BUFG_DRCK/drck_i
    BUFGCTRL_X0Y1        BUFG (Prop_bufg_I_O)         0.077    18.081 f  u_cpu_unit/cpu_i/microblaze_mcs_0/inst/mdm_0/U0/No_Dbg_Reg_Access.BUFG_DRCK/Using_FPGA.Native/O
                         net (fo=231, routed)         1.240    19.321    u_cpu_unit/cpu_i/microblaze_mcs_0/inst/mdm_0/U0/MDM_Core_I1/JTAG_CONTROL_I/Use_BSCAN.SYNC_FDRE/Use_BSCAN.PORT_Selector_reg[0]
    SLICE_X34Y58         FDRE                                         r  u_cpu_unit/cpu_i/microblaze_mcs_0/inst/mdm_0/U0/MDM_Core_I1/JTAG_CONTROL_I/Use_BSCAN.SYNC_FDRE/Using_FPGA.Native/C  (IS_INVERTED)
                         clock pessimism              0.296    19.618    
                         clock uncertainty           -0.035    19.582    
    SLICE_X34Y58         FDRE (Setup_fdre_C_CE)      -0.132    19.450    u_cpu_unit/cpu_i/microblaze_mcs_0/inst/mdm_0/U0/MDM_Core_I1/JTAG_CONTROL_I/Use_BSCAN.SYNC_FDRE/Using_FPGA.Native
  -------------------------------------------------------------------
                         required time                         19.450    
                         arrival time                          -5.456    
  -------------------------------------------------------------------
                         slack                                 13.994    

Slack (MET) :             14.257ns  (required time - arrival time)
  Source:                 u_cpu_unit/cpu_i/microblaze_mcs_0/inst/mdm_0/U0/MDM_Core_I1/JTAG_CONTROL_I/Use_BSCAN.SYNC_FDRE/Using_FPGA.Native/C
                            (falling edge-triggered cell FDRE clocked by u_cpu_unit/cpu_i/microblaze_mcs_0/inst/mdm_0/U0/Use_E2.BSCAN_I/Use_E2.BSCANE2_I/DRCK  {rise@0.000ns fall@16.667ns period=33.333ns})
  Destination:            u_cpu_unit/cpu_i/microblaze_mcs_0/inst/microblaze_I/U0/MicroBlaze_Core_I/Area.Core/Implement_Debug_Logic.Master_Core.Debug_Area/Serial_Dbg_Intf.shift_count_reg[6]/D
                            (rising edge-triggered cell FDCE clocked by u_cpu_unit/cpu_i/microblaze_mcs_0/inst/mdm_0/U0/Use_E2.BSCAN_I/Use_E2.BSCANE2_I/DRCK  {rise@0.000ns fall@16.667ns period=33.333ns})
  Path Group:             u_cpu_unit/cpu_i/microblaze_mcs_0/inst/mdm_0/U0/Use_E2.BSCAN_I/Use_E2.BSCANE2_I/DRCK
  Path Type:              Setup (Max at Slow Process Corner)
  Requirement:            16.667ns  (u_cpu_unit/cpu_i/microblaze_mcs_0/inst/mdm_0/U0/Use_E2.BSCAN_I/Use_E2.BSCANE2_I/DRCK rise@33.333ns - u_cpu_unit/cpu_i/microblaze_mcs_0/inst/mdm_0/U0/Use_E2.BSCAN_I/Use_E2.BSCANE2_I/DRCK fall@16.667ns)
  Data Path Delay:        2.305ns  (logic 0.647ns (28.073%)  route 1.658ns (71.927%))
  Logic Levels:           2  (LUT3=1 LUT6=1)
  Clock Path Skew:        -0.101ns (DCD - SCD + CPR)
    Destination Clock Delay (DCD):    2.657ns = ( 35.990 - 33.333 ) 
    Source Clock Delay      (SCD):    2.995ns = ( 19.662 - 16.667 ) 
    Clock Pessimism Removal (CPR):    0.237ns
  Clock Uncertainty:      0.035ns  ((TSJ^2 + TIJ^2)^1/2 + DJ) / 2 + PE
    Total System Jitter     (TSJ):    0.071ns
    Total Input Jitter      (TIJ):    0.000ns
    Discrete Jitter          (DJ):    0.000ns
    Phase Error              (PE):    0.000ns

    Location             Delay type                Incr(ns)  Path(ns)    Netlist Resource(s)
  -------------------------------------------------------------------    -------------------
                         (clock u_cpu_unit/cpu_i/microblaze_mcs_0/inst/mdm_0/U0/Use_E2.BSCAN_I/Use_E2.BSCANE2_I/DRCK fall edge)
                                                     16.667    16.667 f  
    BSCAN_X0Y1           BSCANE2                      0.000    16.667 f  u_cpu_unit/cpu_i/microblaze_mcs_0/inst/mdm_0/U0/Use_E2.BSCAN_I/Use_E2.BSCANE2_I/DRCK
                         net (fo=1, routed)           1.564    18.230    u_cpu_unit/cpu_i/microblaze_mcs_0/inst/mdm_0/U0/No_Dbg_Reg_Access.BUFG_DRCK/drck_i
    BUFGCTRL_X0Y1        BUFG (Prop_bufg_I_O)         0.081    18.311 f  u_cpu_unit/cpu_i/microblaze_mcs_0/inst/mdm_0/U0/No_Dbg_Reg_Access.BUFG_DRCK/Using_FPGA.Native/O
                         net (fo=231, routed)         1.350    19.662    u_cpu_unit/cpu_i/microblaze_mcs_0/inst/mdm_0/U0/MDM_Core_I1/JTAG_CONTROL_I/Use_BSCAN.SYNC_FDRE/Use_BSCAN.PORT_Selector_reg[0]
    SLICE_X34Y58         FDRE                                         r  u_cpu_unit/cpu_i/microblaze_mcs_0/inst/mdm_0/U0/MDM_Core_I1/JTAG_CONTROL_I/Use_BSCAN.SYNC_FDRE/Using_FPGA.Native/C  (IS_INVERTED)
  -------------------------------------------------------------------    -------------------
    SLICE_X34Y58         FDRE (Prop_fdre_C_Q)         0.437    20.099 r  u_cpu_unit/cpu_i/microblaze_mcs_0/inst/mdm_0/U0/MDM_Core_I1/JTAG_CONTROL_I/Use_BSCAN.SYNC_FDRE/Using_FPGA.Native/Q
                         net (fo=4, routed)           0.480    20.579    u_cpu_unit/cpu_i/microblaze_mcs_0/inst/mdm_0/U0/MDM_Core_I1/JTAG_CONTROL_I/Use_BSCAN.SYNC_FDRE/sync
    SLICE_X33Y59         LUT6 (Prop_lut6_I0_O)        0.105    20.684 r  u_cpu_unit/cpu_i/microblaze_mcs_0/inst/mdm_0/U0/MDM_Core_I1/JTAG_CONTROL_I/Use_BSCAN.SYNC_FDRE/Dbg_Shift_31_INST_0/O
                         net (fo=8, routed)           1.178    21.861    u_cpu_unit/cpu_i/microblaze_mcs_0/inst/microblaze_I/U0/MicroBlaze_Core_I/Area.Core/Implement_Debug_Logic.Master_Core.Debug_Area/Dbg_Shift
    SLICE_X40Y61         LUT3 (Prop_lut3_I0_O)        0.105    21.966 r  u_cpu_unit/cpu_i/microblaze_mcs_0/inst/microblaze_I/U0/MicroBlaze_Core_I/Area.Core/Implement_Debug_Logic.Master_Core.Debug_Area/Serial_Dbg_Intf.shift_count[6]_i_1/O
                         net (fo=1, routed)           0.000    21.966    u_cpu_unit/cpu_i/microblaze_mcs_0/inst/microblaze_I/U0/MicroBlaze_Core_I/Area.Core/Implement_Debug_Logic.Master_Core.Debug_Area/Serial_Dbg_Intf.shift_count[6]_i_1_n_0
    SLICE_X40Y61         FDCE                                         r  u_cpu_unit/cpu_i/microblaze_mcs_0/inst/microblaze_I/U0/MicroBlaze_Core_I/Area.Core/Implement_Debug_Logic.Master_Core.Debug_Area/Serial_Dbg_Intf.shift_count_reg[6]/D
  -------------------------------------------------------------------    -------------------

                         (clock u_cpu_unit/cpu_i/microblaze_mcs_0/inst/mdm_0/U0/Use_E2.BSCAN_I/Use_E2.BSCANE2_I/DRCK rise edge)
                                                     33.333    33.333 r  
    BSCAN_X0Y1           BSCANE2                      0.000    33.333 r  u_cpu_unit/cpu_i/microblaze_mcs_0/inst/mdm_0/U0/Use_E2.BSCAN_I/Use_E2.BSCANE2_I/DRCK
                         net (fo=1, routed)           1.338    34.671    u_cpu_unit/cpu_i/microblaze_mcs_0/inst/mdm_0/U0/No_Dbg_Reg_Access.BUFG_DRCK/drck_i
    BUFGCTRL_X0Y1        BUFG (Prop_bufg_I_O)         0.077    34.748 r  u_cpu_unit/cpu_i/microblaze_mcs_0/inst/mdm_0/U0/No_Dbg_Reg_Access.BUFG_DRCK/Using_FPGA.Native/O
                         net (fo=231, routed)         1.242    35.990    u_cpu_unit/cpu_i/microblaze_mcs_0/inst/microblaze_I/U0/MicroBlaze_Core_I/Area.Core/Implement_Debug_Logic.Master_Core.Debug_Area/Dbg_Clk
    SLICE_X40Y61         FDCE                                         r  u_cpu_unit/cpu_i/microblaze_mcs_0/inst/microblaze_I/U0/MicroBlaze_Core_I/Area.Core/Implement_Debug_Logic.Master_Core.Debug_Area/Serial_Dbg_Intf.shift_count_reg[6]/C
                         clock pessimism              0.237    36.227    
                         clock uncertainty           -0.035    36.192    
    SLICE_X40Y61         FDCE (Setup_fdce_C_D)        0.032    36.224    u_cpu_unit/cpu_i/microblaze_mcs_0/inst/microblaze_I/U0/MicroBlaze_Core_I/Area.Core/Implement_Debug_Logic.Master_Core.Debug_Area/Serial_Dbg_Intf.shift_count_reg[6]
  -------------------------------------------------------------------
                         required time                         36.224    
                         arrival time                         -21.966    
  -------------------------------------------------------------------
                         slack                                 14.257    

Slack (MET) :             14.272ns  (required time - arrival time)
  Source:                 u_cpu_unit/cpu_i/microblaze_mcs_0/inst/mdm_0/U0/MDM_Core_I1/JTAG_CONTROL_I/Use_BSCAN.SYNC_FDRE/Using_FPGA.Native/C
                            (falling edge-triggered cell FDRE clocked by u_cpu_unit/cpu_i/microblaze_mcs_0/inst/mdm_0/U0/Use_E2.BSCAN_I/Use_E2.BSCANE2_I/DRCK  {rise@0.000ns fall@16.667ns period=33.333ns})
  Destination:            u_cpu_unit/cpu_i/microblaze_mcs_0/inst/microblaze_I/U0/MicroBlaze_Core_I/Area.Core/Implement_Debug_Logic.Master_Core.Debug_Area/Serial_Dbg_Intf.shift_count_reg[7]/D
                            (rising edge-triggered cell FDCE clocked by u_cpu_unit/cpu_i/microblaze_mcs_0/inst/mdm_0/U0/Use_E2.BSCAN_I/Use_E2.BSCANE2_I/DRCK  {rise@0.000ns fall@16.667ns period=33.333ns})
  Path Group:             u_cpu_unit/cpu_i/microblaze_mcs_0/inst/mdm_0/U0/Use_E2.BSCAN_I/Use_E2.BSCANE2_I/DRCK
  Path Type:              Setup (Max at Slow Process Corner)
  Requirement:            16.667ns  (u_cpu_unit/cpu_i/microblaze_mcs_0/inst/mdm_0/U0/Use_E2.BSCAN_I/Use_E2.BSCANE2_I/DRCK rise@33.333ns - u_cpu_unit/cpu_i/microblaze_mcs_0/inst/mdm_0/U0/Use_E2.BSCAN_I/Use_E2.BSCANE2_I/DRCK fall@16.667ns)
  Data Path Delay:        2.327ns  (logic 0.669ns (28.753%)  route 1.658ns (71.247%))
  Logic Levels:           2  (LUT4=1 LUT6=1)
  Clock Path Skew:        -0.101ns (DCD - SCD + CPR)
    Destination Clock Delay (DCD):    2.657ns = ( 35.990 - 33.333 ) 
    Source Clock Delay      (SCD):    2.995ns = ( 19.662 - 16.667 ) 
    Clock Pessimism Removal (CPR):    0.237ns
  Clock Uncertainty:      0.035ns  ((TSJ^2 + TIJ^2)^1/2 + DJ) / 2 + PE
    Total System Jitter     (TSJ):    0.071ns
    Total Input Jitter      (TIJ):    0.000ns
    Discrete Jitter          (DJ):    0.000ns
    Phase Error              (PE):    0.000ns

    Location             Delay type                Incr(ns)  Path(ns)    Netlist Resource(s)
  -------------------------------------------------------------------    -------------------
                         (clock u_cpu_unit/cpu_i/microblaze_mcs_0/inst/mdm_0/U0/Use_E2.BSCAN_I/Use_E2.BSCANE2_I/DRCK fall edge)
                                                     16.667    16.667 f  
    BSCAN_X0Y1           BSCANE2                      0.000    16.667 f  u_cpu_unit/cpu_i/microblaze_mcs_0/inst/mdm_0/U0/Use_E2.BSCAN_I/Use_E2.BSCANE2_I/DRCK
                         net (fo=1, routed)           1.564    18.230    u_cpu_unit/cpu_i/microblaze_mcs_0/inst/mdm_0/U0/No_Dbg_Reg_Access.BUFG_DRCK/drck_i
    BUFGCTRL_X0Y1        BUFG (Prop_bufg_I_O)         0.081    18.311 f  u_cpu_unit/cpu_i/microblaze_mcs_0/inst/mdm_0/U0/No_Dbg_Reg_Access.BUFG_DRCK/Using_FPGA.Native/O
                         net (fo=231, routed)         1.350    19.662    u_cpu_unit/cpu_i/microblaze_mcs_0/inst/mdm_0/U0/MDM_Core_I1/JTAG_CONTROL_I/Use_BSCAN.SYNC_FDRE/Use_BSCAN.PORT_Selector_reg[0]
    SLICE_X34Y58         FDRE                                         r  u_cpu_unit/cpu_i/microblaze_mcs_0/inst/mdm_0/U0/MDM_Core_I1/JTAG_CONTROL_I/Use_BSCAN.SYNC_FDRE/Using_FPGA.Native/C  (IS_INVERTED)
  -------------------------------------------------------------------    -------------------
    SLICE_X34Y58         FDRE (Prop_fdre_C_Q)         0.437    20.099 r  u_cpu_unit/cpu_i/microblaze_mcs_0/inst/mdm_0/U0/MDM_Core_I1/JTAG_CONTROL_I/Use_BSCAN.SYNC_FDRE/Using_FPGA.Native/Q
                         net (fo=4, routed)           0.480    20.579    u_cpu_unit/cpu_i/microblaze_mcs_0/inst/mdm_0/U0/MDM_Core_I1/JTAG_CONTROL_I/Use_BSCAN.SYNC_FDRE/sync
    SLICE_X33Y59         LUT6 (Prop_lut6_I0_O)        0.105    20.684 r  u_cpu_unit/cpu_i/microblaze_mcs_0/inst/mdm_0/U0/MDM_Core_I1/JTAG_CONTROL_I/Use_BSCAN.SYNC_FDRE/Dbg_Shift_31_INST_0/O
                         net (fo=8, routed)           1.178    21.861    u_cpu_unit/cpu_i/microblaze_mcs_0/inst/microblaze_I/U0/MicroBlaze_Core_I/Area.Core/Implement_Debug_Logic.Master_Core.Debug_Area/Dbg_Shift
    SLICE_X40Y61         LUT4 (Prop_lut4_I0_O)        0.127    21.988 r  u_cpu_unit/cpu_i/microblaze_mcs_0/inst/microblaze_I/U0/MicroBlaze_Core_I/Area.Core/Implement_Debug_Logic.Master_Core.Debug_Area/Serial_Dbg_Intf.shift_count[7]_i_1/O
                         net (fo=1, routed)           0.000    21.988    u_cpu_unit/cpu_i/microblaze_mcs_0/inst/microblaze_I/U0/MicroBlaze_Core_I/Area.Core/Implement_Debug_Logic.Master_Core.Debug_Area/Serial_Dbg_Intf.shift_count[7]_i_1_n_0
    SLICE_X40Y61         FDCE                                         r  u_cpu_unit/cpu_i/microblaze_mcs_0/inst/microblaze_I/U0/MicroBlaze_Core_I/Area.Core/Implement_Debug_Logic.Master_Core.Debug_Area/Serial_Dbg_Intf.shift_count_reg[7]/D
  -------------------------------------------------------------------    -------------------

                         (clock u_cpu_unit/cpu_i/microblaze_mcs_0/inst/mdm_0/U0/Use_E2.BSCAN_I/Use_E2.BSCANE2_I/DRCK rise edge)
                                                     33.333    33.333 r  
    BSCAN_X0Y1           BSCANE2                      0.000    33.333 r  u_cpu_unit/cpu_i/microblaze_mcs_0/inst/mdm_0/U0/Use_E2.BSCAN_I/Use_E2.BSCANE2_I/DRCK
                         net (fo=1, routed)           1.338    34.671    u_cpu_unit/cpu_i/microblaze_mcs_0/inst/mdm_0/U0/No_Dbg_Reg_Access.BUFG_DRCK/drck_i
    BUFGCTRL_X0Y1        BUFG (Prop_bufg_I_O)         0.077    34.748 r  u_cpu_unit/cpu_i/microblaze_mcs_0/inst/mdm_0/U0/No_Dbg_Reg_Access.BUFG_DRCK/Using_FPGA.Native/O
                         net (fo=231, routed)         1.242    35.990    u_cpu_unit/cpu_i/microblaze_mcs_0/inst/microblaze_I/U0/MicroBlaze_Core_I/Area.Core/Implement_Debug_Logic.Master_Core.Debug_Area/Dbg_Clk
    SLICE_X40Y61         FDCE                                         r  u_cpu_unit/cpu_i/microblaze_mcs_0/inst/microblaze_I/U0/MicroBlaze_Core_I/Area.Core/Implement_Debug_Logic.Master_Core.Debug_Area/Serial_Dbg_Intf.shift_count_reg[7]/C
                         clock pessimism              0.237    36.227    
                         clock uncertainty           -0.035    36.192    
    SLICE_X40Y61         FDCE (Setup_fdce_C_D)        0.069    36.261    u_cpu_unit/cpu_i/microblaze_mcs_0/inst/microblaze_I/U0/MicroBlaze_Core_I/Area.Core/Implement_Debug_Logic.Master_Core.Debug_Area/Serial_Dbg_Intf.shift_count_reg[7]
  -------------------------------------------------------------------
                         required time                         36.261    
                         arrival time                         -21.988    
  -------------------------------------------------------------------
                         slack                                 14.272    

Slack (MET) :             14.383ns  (required time - arrival time)
  Source:                 u_cpu_unit/cpu_i/microblaze_mcs_0/inst/mdm_0/U0/MDM_Core_I1/JTAG_CONTROL_I/Use_BSCAN.SYNC_FDRE/Using_FPGA.Native/C
                            (falling edge-triggered cell FDRE clocked by u_cpu_unit/cpu_i/microblaze_mcs_0/inst/mdm_0/U0/Use_E2.BSCAN_I/Use_E2.BSCANE2_I/DRCK  {rise@0.000ns fall@16.667ns period=33.333ns})
  Destination:            u_cpu_unit/cpu_i/microblaze_mcs_0/inst/microblaze_I/U0/MicroBlaze_Core_I/Area.Core/Implement_Debug_Logic.Master_Core.Debug_Area/Serial_Dbg_Intf.shift_count_reg[4]/D
                            (rising edge-triggered cell FDCE clocked by u_cpu_unit/cpu_i/microblaze_mcs_0/inst/mdm_0/U0/Use_E2.BSCAN_I/Use_E2.BSCANE2_I/DRCK  {rise@0.000ns fall@16.667ns period=33.333ns})
  Path Group:             u_cpu_unit/cpu_i/microblaze_mcs_0/inst/mdm_0/U0/Use_E2.BSCAN_I/Use_E2.BSCANE2_I/DRCK
  Path Type:              Setup (Max at Slow Process Corner)
  Requirement:            16.667ns  (u_cpu_unit/cpu_i/microblaze_mcs_0/inst/mdm_0/U0/Use_E2.BSCAN_I/Use_E2.BSCANE2_I/DRCK rise@33.333ns - u_cpu_unit/cpu_i/microblaze_mcs_0/inst/mdm_0/U0/Use_E2.BSCAN_I/Use_E2.BSCANE2_I/DRCK fall@16.667ns)
  Data Path Delay:        2.177ns  (logic 0.647ns (29.713%)  route 1.530ns (70.287%))
  Logic Levels:           2  (LUT6=2)
  Clock Path Skew:        -0.102ns (DCD - SCD + CPR)
    Destination Clock Delay (DCD):    2.656ns = ( 35.989 - 33.333 ) 
    Source Clock Delay      (SCD):    2.995ns = ( 19.662 - 16.667 ) 
    Clock Pessimism Removal (CPR):    0.237ns
  Clock Uncertainty:      0.035ns  ((TSJ^2 + TIJ^2)^1/2 + DJ) / 2 + PE
    Total System Jitter     (TSJ):    0.071ns
    Total Input Jitter      (TIJ):    0.000ns
    Discrete Jitter          (DJ):    0.000ns
    Phase Error              (PE):    0.000ns

    Location             Delay type                Incr(ns)  Path(ns)    Netlist Resource(s)
  -------------------------------------------------------------------    -------------------
                         (clock u_cpu_unit/cpu_i/microblaze_mcs_0/inst/mdm_0/U0/Use_E2.BSCAN_I/Use_E2.BSCANE2_I/DRCK fall edge)
                                                     16.667    16.667 f  
    BSCAN_X0Y1           BSCANE2                      0.000    16.667 f  u_cpu_unit/cpu_i/microblaze_mcs_0/inst/mdm_0/U0/Use_E2.BSCAN_I/Use_E2.BSCANE2_I/DRCK
                         net (fo=1, routed)           1.564    18.230    u_cpu_unit/cpu_i/microblaze_mcs_0/inst/mdm_0/U0/No_Dbg_Reg_Access.BUFG_DRCK/drck_i
    BUFGCTRL_X0Y1        BUFG (Prop_bufg_I_O)         0.081    18.311 f  u_cpu_unit/cpu_i/microblaze_mcs_0/inst/mdm_0/U0/No_Dbg_Reg_Access.BUFG_DRCK/Using_FPGA.Native/O
                         net (fo=231, routed)         1.350    19.662    u_cpu_unit/cpu_i/microblaze_mcs_0/inst/mdm_0/U0/MDM_Core_I1/JTAG_CONTROL_I/Use_BSCAN.SYNC_FDRE/Use_BSCAN.PORT_Selector_reg[0]
    SLICE_X34Y58         FDRE                                         r  u_cpu_unit/cpu_i/microblaze_mcs_0/inst/mdm_0/U0/MDM_Core_I1/JTAG_CONTROL_I/Use_BSCAN.SYNC_FDRE/Using_FPGA.Native/C  (IS_INVERTED)
  -------------------------------------------------------------------    -------------------
    SLICE_X34Y58         FDRE (Prop_fdre_C_Q)         0.437    20.099 r  u_cpu_unit/cpu_i/microblaze_mcs_0/inst/mdm_0/U0/MDM_Core_I1/JTAG_CONTROL_I/Use_BSCAN.SYNC_FDRE/Using_FPGA.Native/Q
                         net (fo=4, routed)           0.480    20.579    u_cpu_unit/cpu_i/microblaze_mcs_0/inst/mdm_0/U0/MDM_Core_I1/JTAG_CONTROL_I/Use_BSCAN.SYNC_FDRE/sync
    SLICE_X33Y59         LUT6 (Prop_lut6_I0_O)        0.105    20.684 r  u_cpu_unit/cpu_i/microblaze_mcs_0/inst/mdm_0/U0/MDM_Core_I1/JTAG_CONTROL_I/Use_BSCAN.SYNC_FDRE/Dbg_Shift_31_INST_0/O
                         net (fo=8, routed)           1.051    21.734    u_cpu_unit/cpu_i/microblaze_mcs_0/inst/microblaze_I/U0/MicroBlaze_Core_I/Area.Core/Implement_Debug_Logic.Master_Core.Debug_Area/Dbg_Shift
    SLICE_X39Y62         LUT6 (Prop_lut6_I0_O)        0.105    21.839 r  u_cpu_unit/cpu_i/microblaze_mcs_0/inst/microblaze_I/U0/MicroBlaze_Core_I/Area.Core/Implement_Debug_Logic.Master_Core.Debug_Area/Serial_Dbg_Intf.shift_count[4]_i_1/O
                         net (fo=1, routed)           0.000    21.839    u_cpu_unit/cpu_i/microblaze_mcs_0/inst/microblaze_I/U0/MicroBlaze_Core_I/Area.Core/Implement_Debug_Logic.Master_Core.Debug_Area/Serial_Dbg_Intf.shift_count[4]_i_1_n_0
    SLICE_X39Y62         FDCE                                         r  u_cpu_unit/cpu_i/microblaze_mcs_0/inst/microblaze_I/U0/MicroBlaze_Core_I/Area.Core/Implement_Debug_Logic.Master_Core.Debug_Area/Serial_Dbg_Intf.shift_count_reg[4]/D
  -------------------------------------------------------------------    -------------------

                         (clock u_cpu_unit/cpu_i/microblaze_mcs_0/inst/mdm_0/U0/Use_E2.BSCAN_I/Use_E2.BSCANE2_I/DRCK rise edge)
                                                     33.333    33.333 r  
    BSCAN_X0Y1           BSCANE2                      0.000    33.333 r  u_cpu_unit/cpu_i/microblaze_mcs_0/inst/mdm_0/U0/Use_E2.BSCAN_I/Use_E2.BSCANE2_I/DRCK
                         net (fo=1, routed)           1.338    34.671    u_cpu_unit/cpu_i/microblaze_mcs_0/inst/mdm_0/U0/No_Dbg_Reg_Access.BUFG_DRCK/drck_i
    BUFGCTRL_X0Y1        BUFG (Prop_bufg_I_O)         0.077    34.748 r  u_cpu_unit/cpu_i/microblaze_mcs_0/inst/mdm_0/U0/No_Dbg_Reg_Access.BUFG_DRCK/Using_FPGA.Native/O
                         net (fo=231, routed)         1.241    35.989    u_cpu_unit/cpu_i/microblaze_mcs_0/inst/microblaze_I/U0/MicroBlaze_Core_I/Area.Core/Implement_Debug_Logic.Master_Core.Debug_Area/Dbg_Clk
    SLICE_X39Y62         FDCE                                         r  u_cpu_unit/cpu_i/microblaze_mcs_0/inst/microblaze_I/U0/MicroBlaze_Core_I/Area.Core/Implement_Debug_Logic.Master_Core.Debug_Area/Serial_Dbg_Intf.shift_count_reg[4]/C
                         clock pessimism              0.237    36.226    
                         clock uncertainty           -0.035    36.191    
    SLICE_X39Y62         FDCE (Setup_fdce_C_D)        0.032    36.223    u_cpu_unit/cpu_i/microblaze_mcs_0/inst/microblaze_I/U0/MicroBlaze_Core_I/Area.Core/Implement_Debug_Logic.Master_Core.Debug_Area/Serial_Dbg_Intf.shift_count_reg[4]
  -------------------------------------------------------------------
                         required time                         36.223    
                         arrival time                         -21.839    
  -------------------------------------------------------------------
                         slack                                 14.383    

Slack (MET) :             14.385ns  (required time - arrival time)
  Source:                 u_cpu_unit/cpu_i/microblaze_mcs_0/inst/mdm_0/U0/MDM_Core_I1/JTAG_CONTROL_I/Use_BSCAN.SYNC_FDRE/Using_FPGA.Native/C
                            (falling edge-triggered cell FDRE clocked by u_cpu_unit/cpu_i/microblaze_mcs_0/inst/mdm_0/U0/Use_E2.BSCAN_I/Use_E2.BSCANE2_I/DRCK  {rise@0.000ns fall@16.667ns period=33.333ns})
  Destination:            u_cpu_unit/cpu_i/microblaze_mcs_0/inst/microblaze_I/U0/MicroBlaze_Core_I/Area.Core/Implement_Debug_Logic.Master_Core.Debug_Area/Serial_Dbg_Intf.shift_count_reg[2]/D
                            (rising edge-triggered cell FDCE clocked by u_cpu_unit/cpu_i/microblaze_mcs_0/inst/mdm_0/U0/Use_E2.BSCAN_I/Use_E2.BSCANE2_I/DRCK  {rise@0.000ns fall@16.667ns period=33.333ns})
  Path Group:             u_cpu_unit/cpu_i/microblaze_mcs_0/inst/mdm_0/U0/Use_E2.BSCAN_I/Use_E2.BSCANE2_I/DRCK
  Path Type:              Setup (Max at Slow Process Corner)
  Requirement:            16.667ns  (u_cpu_unit/cpu_i/microblaze_mcs_0/inst/mdm_0/U0/Use_E2.BSCAN_I/Use_E2.BSCANE2_I/DRCK rise@33.333ns - u_cpu_unit/cpu_i/microblaze_mcs_0/inst/mdm_0/U0/Use_E2.BSCAN_I/Use_E2.BSCANE2_I/DRCK fall@16.667ns)
  Data Path Delay:        2.173ns  (logic 0.647ns (29.768%)  route 1.526ns (70.232%))
  Logic Levels:           2  (LUT4=1 LUT6=1)
  Clock Path Skew:        -0.102ns (DCD - SCD + CPR)
    Destination Clock Delay (DCD):    2.656ns = ( 35.989 - 33.333 ) 
    Source Clock Delay      (SCD):    2.995ns = ( 19.662 - 16.667 ) 
    Clock Pessimism Removal (CPR):    0.237ns
  Clock Uncertainty:      0.035ns  ((TSJ^2 + TIJ^2)^1/2 + DJ) / 2 + PE
    Total System Jitter     (TSJ):    0.071ns
    Total Input Jitter      (TIJ):    0.000ns
    Discrete Jitter          (DJ):    0.000ns
    Phase Error              (PE):    0.000ns

    Location             Delay type                Incr(ns)  Path(ns)    Netlist Resource(s)
  -------------------------------------------------------------------    -------------------
                         (clock u_cpu_unit/cpu_i/microblaze_mcs_0/inst/mdm_0/U0/Use_E2.BSCAN_I/Use_E2.BSCANE2_I/DRCK fall edge)
                                                     16.667    16.667 f  
    BSCAN_X0Y1           BSCANE2                      0.000    16.667 f  u_cpu_unit/cpu_i/microblaze_mcs_0/inst/mdm_0/U0/Use_E2.BSCAN_I/Use_E2.BSCANE2_I/DRCK
                         net (fo=1, routed)           1.564    18.230    u_cpu_unit/cpu_i/microblaze_mcs_0/inst/mdm_0/U0/No_Dbg_Reg_Access.BUFG_DRCK/drck_i
    BUFGCTRL_X0Y1        BUFG (Prop_bufg_I_O)         0.081    18.311 f  u_cpu_unit/cpu_i/microblaze_mcs_0/inst/mdm_0/U0/No_Dbg_Reg_Access.BUFG_DRCK/Using_FPGA.Native/O
                         net (fo=231, routed)         1.350    19.662    u_cpu_unit/cpu_i/microblaze_mcs_0/inst/mdm_0/U0/MDM_Core_I1/JTAG_CONTROL_I/Use_BSCAN.SYNC_FDRE/Use_BSCAN.PORT_Selector_reg[0]
    SLICE_X34Y58         FDRE                                         r  u_cpu_unit/cpu_i/microblaze_mcs_0/inst/mdm_0/U0/MDM_Core_I1/JTAG_CONTROL_I/Use_BSCAN.SYNC_FDRE/Using_FPGA.Native/C  (IS_INVERTED)
  -------------------------------------------------------------------    -------------------
    SLICE_X34Y58         FDRE (Prop_fdre_C_Q)         0.437    20.099 r  u_cpu_unit/cpu_i/microblaze_mcs_0/inst/mdm_0/U0/MDM_Core_I1/JTAG_CONTROL_I/Use_BSCAN.SYNC_FDRE/Using_FPGA.Native/Q
                         net (fo=4, routed)           0.480    20.579    u_cpu_unit/cpu_i/microblaze_mcs_0/inst/mdm_0/U0/MDM_Core_I1/JTAG_CONTROL_I/Use_BSCAN.SYNC_FDRE/sync
    SLICE_X33Y59         LUT6 (Prop_lut6_I0_O)        0.105    20.684 r  u_cpu_unit/cpu_i/microblaze_mcs_0/inst/mdm_0/U0/MDM_Core_I1/JTAG_CONTROL_I/Use_BSCAN.SYNC_FDRE/Dbg_Shift_31_INST_0/O
                         net (fo=8, routed)           1.047    21.730    u_cpu_unit/cpu_i/microblaze_mcs_0/inst/microblaze_I/U0/MicroBlaze_Core_I/Area.Core/Implement_Debug_Logic.Master_Core.Debug_Area/Dbg_Shift
    SLICE_X39Y62         LUT4 (Prop_lut4_I0_O)        0.105    21.835 r  u_cpu_unit/cpu_i/microblaze_mcs_0/inst/microblaze_I/U0/MicroBlaze_Core_I/Area.Core/Implement_Debug_Logic.Master_Core.Debug_Area/Serial_Dbg_Intf.shift_count[2]_i_1/O
                         net (fo=1, routed)           0.000    21.835    u_cpu_unit/cpu_i/microblaze_mcs_0/inst/microblaze_I/U0/MicroBlaze_Core_I/Area.Core/Implement_Debug_Logic.Master_Core.Debug_Area/Serial_Dbg_Intf.shift_count[2]_i_1_n_0
    SLICE_X39Y62         FDCE                                         r  u_cpu_unit/cpu_i/microblaze_mcs_0/inst/microblaze_I/U0/MicroBlaze_Core_I/Area.Core/Implement_Debug_Logic.Master_Core.Debug_Area/Serial_Dbg_Intf.shift_count_reg[2]/D
  -------------------------------------------------------------------    -------------------

                         (clock u_cpu_unit/cpu_i/microblaze_mcs_0/inst/mdm_0/U0/Use_E2.BSCAN_I/Use_E2.BSCANE2_I/DRCK rise edge)
                                                     33.333    33.333 r  
    BSCAN_X0Y1           BSCANE2                      0.000    33.333 r  u_cpu_unit/cpu_i/microblaze_mcs_0/inst/mdm_0/U0/Use_E2.BSCAN_I/Use_E2.BSCANE2_I/DRCK
                         net (fo=1, routed)           1.338    34.671    u_cpu_unit/cpu_i/microblaze_mcs_0/inst/mdm_0/U0/No_Dbg_Reg_Access.BUFG_DRCK/drck_i
    BUFGCTRL_X0Y1        BUFG (Prop_bufg_I_O)         0.077    34.748 r  u_cpu_unit/cpu_i/microblaze_mcs_0/inst/mdm_0/U0/No_Dbg_Reg_Access.BUFG_DRCK/Using_FPGA.Native/O
                         net (fo=231, routed)         1.241    35.989    u_cpu_unit/cpu_i/microblaze_mcs_0/inst/microblaze_I/U0/MicroBlaze_Core_I/Area.Core/Implement_Debug_Logic.Master_Core.Debug_Area/Dbg_Clk
    SLICE_X39Y62         FDCE                                         r  u_cpu_unit/cpu_i/microblaze_mcs_0/inst/microblaze_I/U0/MicroBlaze_Core_I/Area.Core/Implement_Debug_Logic.Master_Core.Debug_Area/Serial_Dbg_Intf.shift_count_reg[2]/C
                         clock pessimism              0.237    36.226    
                         clock uncertainty           -0.035    36.191    
    SLICE_X39Y62         FDCE (Setup_fdce_C_D)        0.030    36.221    u_cpu_unit/cpu_i/microblaze_mcs_0/inst/microblaze_I/U0/MicroBlaze_Core_I/Area.Core/Implement_Debug_Logic.Master_Core.Debug_Area/Serial_Dbg_Intf.shift_count_reg[2]
  -------------------------------------------------------------------
                         required time                         36.221    
                         arrival time                         -21.835    
  -------------------------------------------------------------------
                         slack                                 14.385    

Slack (MET) :             14.405ns  (required time - arrival time)
  Source:                 u_cpu_unit/cpu_i/microblaze_mcs_0/inst/mdm_0/U0/MDM_Core_I1/JTAG_CONTROL_I/Use_BSCAN.SYNC_FDRE/Using_FPGA.Native/C
                            (falling edge-triggered cell FDRE clocked by u_cpu_unit/cpu_i/microblaze_mcs_0/inst/mdm_0/U0/Use_E2.BSCAN_I/Use_E2.BSCANE2_I/DRCK  {rise@0.000ns fall@16.667ns period=33.333ns})
  Destination:            u_cpu_unit/cpu_i/microblaze_mcs_0/inst/microblaze_I/U0/MicroBlaze_Core_I/Area.Core/Implement_Debug_Logic.Master_Core.Debug_Area/Serial_Dbg_Intf.shift_count_reg[3]/D
                            (rising edge-triggered cell FDCE clocked by u_cpu_unit/cpu_i/microblaze_mcs_0/inst/mdm_0/U0/Use_E2.BSCAN_I/Use_E2.BSCANE2_I/DRCK  {rise@0.000ns fall@16.667ns period=33.333ns})
  Path Group:             u_cpu_unit/cpu_i/microblaze_mcs_0/inst/mdm_0/U0/Use_E2.BSCAN_I/Use_E2.BSCANE2_I/DRCK
  Path Type:              Setup (Max at Slow Process Corner)
  Requirement:            16.667ns  (u_cpu_unit/cpu_i/microblaze_mcs_0/inst/mdm_0/U0/Use_E2.BSCAN_I/Use_E2.BSCANE2_I/DRCK rise@33.333ns - u_cpu_unit/cpu_i/microblaze_mcs_0/inst/mdm_0/U0/Use_E2.BSCAN_I/Use_E2.BSCANE2_I/DRCK fall@16.667ns)
  Data Path Delay:        2.192ns  (logic 0.666ns (30.376%)  route 1.526ns (69.623%))
  Logic Levels:           2  (LUT5=1 LUT6=1)
  Clock Path Skew:        -0.102ns (DCD - SCD + CPR)
    Destination Clock Delay (DCD):    2.656ns = ( 35.989 - 33.333 ) 
    Source Clock Delay      (SCD):    2.995ns = ( 19.662 - 16.667 ) 
    Clock Pessimism Removal (CPR):    0.237ns
  Clock Uncertainty:      0.035ns  ((TSJ^2 + TIJ^2)^1/2 + DJ) / 2 + PE
    Total System Jitter     (TSJ):    0.071ns
    Total Input Jitter      (TIJ):    0.000ns
    Discrete Jitter          (DJ):    0.000ns
    Phase Error              (PE):    0.000ns

    Location             Delay type                Incr(ns)  Path(ns)    Netlist Resource(s)
  -------------------------------------------------------------------    -------------------
                         (clock u_cpu_unit/cpu_i/microblaze_mcs_0/inst/mdm_0/U0/Use_E2.BSCAN_I/Use_E2.BSCANE2_I/DRCK fall edge)
                                                     16.667    16.667 f  
    BSCAN_X0Y1           BSCANE2                      0.000    16.667 f  u_cpu_unit/cpu_i/microblaze_mcs_0/inst/mdm_0/U0/Use_E2.BSCAN_I/Use_E2.BSCANE2_I/DRCK
                         net (fo=1, routed)           1.564    18.230    u_cpu_unit/cpu_i/microblaze_mcs_0/inst/mdm_0/U0/No_Dbg_Reg_Access.BUFG_DRCK/drck_i
    BUFGCTRL_X0Y1        BUFG (Prop_bufg_I_O)         0.081    18.311 f  u_cpu_unit/cpu_i/microblaze_mcs_0/inst/mdm_0/U0/No_Dbg_Reg_Access.BUFG_DRCK/Using_FPGA.Native/O
                         net (fo=231, routed)         1.350    19.662    u_cpu_unit/cpu_i/microblaze_mcs_0/inst/mdm_0/U0/MDM_Core_I1/JTAG_CONTROL_I/Use_BSCAN.SYNC_FDRE/Use_BSCAN.PORT_Selector_reg[0]
    SLICE_X34Y58         FDRE                                         r  u_cpu_unit/cpu_i/microblaze_mcs_0/inst/mdm_0/U0/MDM_Core_I1/JTAG_CONTROL_I/Use_BSCAN.SYNC_FDRE/Using_FPGA.Native/C  (IS_INVERTED)
  -------------------------------------------------------------------    -------------------
    SLICE_X34Y58         FDRE (Prop_fdre_C_Q)         0.437    20.099 r  u_cpu_unit/cpu_i/microblaze_mcs_0/inst/mdm_0/U0/MDM_Core_I1/JTAG_CONTROL_I/Use_BSCAN.SYNC_FDRE/Using_FPGA.Native/Q
                         net (fo=4, routed)           0.480    20.579    u_cpu_unit/cpu_i/microblaze_mcs_0/inst/mdm_0/U0/MDM_Core_I1/JTAG_CONTROL_I/Use_BSCAN.SYNC_FDRE/sync
    SLICE_X33Y59         LUT6 (Prop_lut6_I0_O)        0.105    20.684 r  u_cpu_unit/cpu_i/microblaze_mcs_0/inst/mdm_0/U0/MDM_Core_I1/JTAG_CONTROL_I/Use_BSCAN.SYNC_FDRE/Dbg_Shift_31_INST_0/O
                         net (fo=8, routed)           1.047    21.730    u_cpu_unit/cpu_i/microblaze_mcs_0/inst/microblaze_I/U0/MicroBlaze_Core_I/Area.Core/Implement_Debug_Logic.Master_Core.Debug_Area/Dbg_Shift
    SLICE_X39Y62         LUT5 (Prop_lut5_I0_O)        0.124    21.854 r  u_cpu_unit/cpu_i/microblaze_mcs_0/inst/microblaze_I/U0/MicroBlaze_Core_I/Area.Core/Implement_Debug_Logic.Master_Core.Debug_Area/Serial_Dbg_Intf.shift_count[3]_i_1/O
                         net (fo=1, routed)           0.000    21.854    u_cpu_unit/cpu_i/microblaze_mcs_0/inst/microblaze_I/U0/MicroBlaze_Core_I/Area.Core/Implement_Debug_Logic.Master_Core.Debug_Area/Serial_Dbg_Intf.shift_count[3]_i_1_n_0
    SLICE_X39Y62         FDCE                                         r  u_cpu_unit/cpu_i/microblaze_mcs_0/inst/microblaze_I/U0/MicroBlaze_Core_I/Area.Core/Implement_Debug_Logic.Master_Core.Debug_Area/Serial_Dbg_Intf.shift_count_reg[3]/D
  -------------------------------------------------------------------    -------------------

                         (clock u_cpu_unit/cpu_i/microblaze_mcs_0/inst/mdm_0/U0/Use_E2.BSCAN_I/Use_E2.BSCANE2_I/DRCK rise edge)
                                                     33.333    33.333 r  
    BSCAN_X0Y1           BSCANE2                      0.000    33.333 r  u_cpu_unit/cpu_i/microblaze_mcs_0/inst/mdm_0/U0/Use_E2.BSCAN_I/Use_E2.BSCANE2_I/DRCK
                         net (fo=1, routed)           1.338    34.671    u_cpu_unit/cpu_i/microblaze_mcs_0/inst/mdm_0/U0/No_Dbg_Reg_Access.BUFG_DRCK/drck_i
    BUFGCTRL_X0Y1        BUFG (Prop_bufg_I_O)         0.077    34.748 r  u_cpu_unit/cpu_i/microblaze_mcs_0/inst/mdm_0/U0/No_Dbg_Reg_Access.BUFG_DRCK/Using_FPGA.Native/O
                         net (fo=231, routed)         1.241    35.989    u_cpu_unit/cpu_i/microblaze_mcs_0/inst/microblaze_I/U0/MicroBlaze_Core_I/Area.Core/Implement_Debug_Logic.Master_Core.Debug_Area/Dbg_Clk
    SLICE_X39Y62         FDCE                                         r  u_cpu_unit/cpu_i/microblaze_mcs_0/inst/microblaze_I/U0/MicroBlaze_Core_I/Area.Core/Implement_Debug_Logic.Master_Core.Debug_Area/Serial_Dbg_Intf.shift_count_reg[3]/C
                         clock pessimism              0.237    36.226    
                         clock uncertainty           -0.035    36.191    
    SLICE_X39Y62         FDCE (Setup_fdce_C_D)        0.069    36.260    u_cpu_unit/cpu_i/microblaze_mcs_0/inst/microblaze_I/U0/MicroBlaze_Core_I/Area.Core/Implement_Debug_Logic.Master_Core.Debug_Area/Serial_Dbg_Intf.shift_count_reg[3]
  -------------------------------------------------------------------
                         required time                         36.260    
                         arrival time                         -21.854    
  -------------------------------------------------------------------
                         slack                                 14.405    

Slack (MET) :             14.543ns  (required time - arrival time)
  Source:                 u_cpu_unit/cpu_i/microblaze_mcs_0/inst/mdm_0/U0/MDM_Core_I1/JTAG_CONTROL_I/Use_BSCAN.SYNC_FDRE/Using_FPGA.Native/C
                            (falling edge-triggered cell FDRE clocked by u_cpu_unit/cpu_i/microblaze_mcs_0/inst/mdm_0/U0/Use_E2.BSCAN_I/Use_E2.BSCANE2_I/DRCK  {rise@0.000ns fall@16.667ns period=33.333ns})
  Destination:            u_cpu_unit/cpu_i/microblaze_mcs_0/inst/microblaze_I/U0/MicroBlaze_Core_I/Area.Core/Implement_Debug_Logic.Master_Core.Debug_Area/Serial_Dbg_Intf.shift_count_reg[0]/D
                            (rising edge-triggered cell FDCE clocked by u_cpu_unit/cpu_i/microblaze_mcs_0/inst/mdm_0/U0/Use_E2.BSCAN_I/Use_E2.BSCANE2_I/DRCK  {rise@0.000ns fall@16.667ns period=33.333ns})
  Path Group:             u_cpu_unit/cpu_i/microblaze_mcs_0/inst/mdm_0/U0/Use_E2.BSCAN_I/Use_E2.BSCANE2_I/DRCK
  Path Type:              Setup (Max at Slow Process Corner)
  Requirement:            16.667ns  (u_cpu_unit/cpu_i/microblaze_mcs_0/inst/mdm_0/U0/Use_E2.BSCAN_I/Use_E2.BSCANE2_I/DRCK rise@33.333ns - u_cpu_unit/cpu_i/microblaze_mcs_0/inst/mdm_0/U0/Use_E2.BSCAN_I/Use_E2.BSCANE2_I/DRCK fall@16.667ns)
  Data Path Delay:        2.019ns  (logic 0.647ns (32.043%)  route 1.372ns (67.957%))
  Logic Levels:           2  (LUT2=1 LUT6=1)
  Clock Path Skew:        -0.101ns (DCD - SCD + CPR)
    Destination Clock Delay (DCD):    2.657ns = ( 35.990 - 33.333 ) 
    Source Clock Delay      (SCD):    2.995ns = ( 19.662 - 16.667 ) 
    Clock Pessimism Removal (CPR):    0.237ns
  Clock Uncertainty:      0.035ns  ((TSJ^2 + TIJ^2)^1/2 + DJ) / 2 + PE
    Total System Jitter     (TSJ):    0.071ns
    Total Input Jitter      (TIJ):    0.000ns
    Discrete Jitter          (DJ):    0.000ns
    Phase Error              (PE):    0.000ns

    Location             Delay type                Incr(ns)  Path(ns)    Netlist Resource(s)
  -------------------------------------------------------------------    -------------------
                         (clock u_cpu_unit/cpu_i/microblaze_mcs_0/inst/mdm_0/U0/Use_E2.BSCAN_I/Use_E2.BSCANE2_I/DRCK fall edge)
                                                     16.667    16.667 f  
    BSCAN_X0Y1           BSCANE2                      0.000    16.667 f  u_cpu_unit/cpu_i/microblaze_mcs_0/inst/mdm_0/U0/Use_E2.BSCAN_I/Use_E2.BSCANE2_I/DRCK
                         net (fo=1, routed)           1.564    18.230    u_cpu_unit/cpu_i/microblaze_mcs_0/inst/mdm_0/U0/No_Dbg_Reg_Access.BUFG_DRCK/drck_i
    BUFGCTRL_X0Y1        BUFG (Prop_bufg_I_O)         0.081    18.311 f  u_cpu_unit/cpu_i/microblaze_mcs_0/inst/mdm_0/U0/No_Dbg_Reg_Access.BUFG_DRCK/Using_FPGA.Native/O
                         net (fo=231, routed)         1.350    19.662    u_cpu_unit/cpu_i/microblaze_mcs_0/inst/mdm_0/U0/MDM_Core_I1/JTAG_CONTROL_I/Use_BSCAN.SYNC_FDRE/Use_BSCAN.PORT_Selector_reg[0]
    SLICE_X34Y58         FDRE                                         r  u_cpu_unit/cpu_i/microblaze_mcs_0/inst/mdm_0/U0/MDM_Core_I1/JTAG_CONTROL_I/Use_BSCAN.SYNC_FDRE/Using_FPGA.Native/C  (IS_INVERTED)
  -------------------------------------------------------------------    -------------------
    SLICE_X34Y58         FDRE (Prop_fdre_C_Q)         0.437    20.099 r  u_cpu_unit/cpu_i/microblaze_mcs_0/inst/mdm_0/U0/MDM_Core_I1/JTAG_CONTROL_I/Use_BSCAN.SYNC_FDRE/Using_FPGA.Native/Q
                         net (fo=4, routed)           0.480    20.579    u_cpu_unit/cpu_i/microblaze_mcs_0/inst/mdm_0/U0/MDM_Core_I1/JTAG_CONTROL_I/Use_BSCAN.SYNC_FDRE/sync
    SLICE_X33Y59         LUT6 (Prop_lut6_I0_O)        0.105    20.684 r  u_cpu_unit/cpu_i/microblaze_mcs_0/inst/mdm_0/U0/MDM_Core_I1/JTAG_CONTROL_I/Use_BSCAN.SYNC_FDRE/Dbg_Shift_31_INST_0/O
                         net (fo=8, routed)           0.892    21.576    u_cpu_unit/cpu_i/microblaze_mcs_0/inst/microblaze_I/U0/MicroBlaze_Core_I/Area.Core/Implement_Debug_Logic.Master_Core.Debug_Area/Dbg_Shift
    SLICE_X40Y61         LUT2 (Prop_lut2_I0_O)        0.105    21.681 r  u_cpu_unit/cpu_i/microblaze_mcs_0/inst/microblaze_I/U0/MicroBlaze_Core_I/Area.Core/Implement_Debug_Logic.Master_Core.Debug_Area/Serial_Dbg_Intf.shift_count[0]_i_1/O
                         net (fo=1, routed)           0.000    21.681    u_cpu_unit/cpu_i/microblaze_mcs_0/inst/microblaze_I/U0/MicroBlaze_Core_I/Area.Core/Implement_Debug_Logic.Master_Core.Debug_Area/Serial_Dbg_Intf.shift_count[0]_i_1_n_0
    SLICE_X40Y61         FDCE                                         r  u_cpu_unit/cpu_i/microblaze_mcs_0/inst/microblaze_I/U0/MicroBlaze_Core_I/Area.Core/Implement_Debug_Logic.Master_Core.Debug_Area/Serial_Dbg_Intf.shift_count_reg[0]/D
  -------------------------------------------------------------------    -------------------

                         (clock u_cpu_unit/cpu_i/microblaze_mcs_0/inst/mdm_0/U0/Use_E2.BSCAN_I/Use_E2.BSCANE2_I/DRCK rise edge)
                                                     33.333    33.333 r  
    BSCAN_X0Y1           BSCANE2                      0.000    33.333 r  u_cpu_unit/cpu_i/microblaze_mcs_0/inst/mdm_0/U0/Use_E2.BSCAN_I/Use_E2.BSCANE2_I/DRCK
                         net (fo=1, routed)           1.338    34.671    u_cpu_unit/cpu_i/microblaze_mcs_0/inst/mdm_0/U0/No_Dbg_Reg_Access.BUFG_DRCK/drck_i
    BUFGCTRL_X0Y1        BUFG (Prop_bufg_I_O)         0.077    34.748 r  u_cpu_unit/cpu_i/microblaze_mcs_0/inst/mdm_0/U0/No_Dbg_Reg_Access.BUFG_DRCK/Using_FPGA.Native/O
                         net (fo=231, routed)         1.242    35.990    u_cpu_unit/cpu_i/microblaze_mcs_0/inst/microblaze_I/U0/MicroBlaze_Core_I/Area.Core/Implement_Debug_Logic.Master_Core.Debug_Area/Dbg_Clk
    SLICE_X40Y61         FDCE                                         r  u_cpu_unit/cpu_i/microblaze_mcs_0/inst/microblaze_I/U0/MicroBlaze_Core_I/Area.Core/Implement_Debug_Logic.Master_Core.Debug_Area/Serial_Dbg_Intf.shift_count_reg[0]/C
                         clock pessimism              0.237    36.227    
                         clock uncertainty           -0.035    36.192    
    SLICE_X40Y61         FDCE (Setup_fdce_C_D)        0.032    36.224    u_cpu_unit/cpu_i/microblaze_mcs_0/inst/microblaze_I/U0/MicroBlaze_Core_I/Area.Core/Implement_Debug_Logic.Master_Core.Debug_Area/Serial_Dbg_Intf.shift_count_reg[0]
  -------------------------------------------------------------------
                         required time                         36.224    
                         arrival time                         -21.681    
  -------------------------------------------------------------------
                         slack                                 14.543    

Slack (MET) :             14.560ns  (required time - arrival time)
  Source:                 u_cpu_unit/cpu_i/microblaze_mcs_0/inst/mdm_0/U0/MDM_Core_I1/JTAG_CONTROL_I/Use_BSCAN.SYNC_FDRE/Using_FPGA.Native/C
                            (falling edge-triggered cell FDRE clocked by u_cpu_unit/cpu_i/microblaze_mcs_0/inst/mdm_0/U0/Use_E2.BSCAN_I/Use_E2.BSCANE2_I/DRCK  {rise@0.000ns fall@16.667ns period=33.333ns})
  Destination:            u_cpu_unit/cpu_i/microblaze_mcs_0/inst/microblaze_I/U0/MicroBlaze_Core_I/Area.Core/Implement_Debug_Logic.Master_Core.Debug_Area/Serial_Dbg_Intf.shift_count_reg[5]/D
                            (rising edge-triggered cell FDCE clocked by u_cpu_unit/cpu_i/microblaze_mcs_0/inst/mdm_0/U0/Use_E2.BSCAN_I/Use_E2.BSCANE2_I/DRCK  {rise@0.000ns fall@16.667ns period=33.333ns})
  Path Group:             u_cpu_unit/cpu_i/microblaze_mcs_0/inst/mdm_0/U0/Use_E2.BSCAN_I/Use_E2.BSCANE2_I/DRCK
  Path Type:              Setup (Max at Slow Process Corner)
  Requirement:            16.667ns  (u_cpu_unit/cpu_i/microblaze_mcs_0/inst/mdm_0/U0/Use_E2.BSCAN_I/Use_E2.BSCANE2_I/DRCK rise@33.333ns - u_cpu_unit/cpu_i/microblaze_mcs_0/inst/mdm_0/U0/Use_E2.BSCAN_I/Use_E2.BSCANE2_I/DRCK fall@16.667ns)
  Data Path Delay:        2.039ns  (logic 0.667ns (32.710%)  route 1.372ns (67.290%))
  Logic Levels:           2  (LUT3=1 LUT6=1)
  Clock Path Skew:        -0.101ns (DCD - SCD + CPR)
    Destination Clock Delay (DCD):    2.657ns = ( 35.990 - 33.333 ) 
    Source Clock Delay      (SCD):    2.995ns = ( 19.662 - 16.667 ) 
    Clock Pessimism Removal (CPR):    0.237ns
  Clock Uncertainty:      0.035ns  ((TSJ^2 + TIJ^2)^1/2 + DJ) / 2 + PE
    Total System Jitter     (TSJ):    0.071ns
    Total Input Jitter      (TIJ):    0.000ns
    Discrete Jitter          (DJ):    0.000ns
    Phase Error              (PE):    0.000ns

    Location             Delay type                Incr(ns)  Path(ns)    Netlist Resource(s)
  -------------------------------------------------------------------    -------------------
                         (clock u_cpu_unit/cpu_i/microblaze_mcs_0/inst/mdm_0/U0/Use_E2.BSCAN_I/Use_E2.BSCANE2_I/DRCK fall edge)
                                                     16.667    16.667 f  
    BSCAN_X0Y1           BSCANE2                      0.000    16.667 f  u_cpu_unit/cpu_i/microblaze_mcs_0/inst/mdm_0/U0/Use_E2.BSCAN_I/Use_E2.BSCANE2_I/DRCK
                         net (fo=1, routed)           1.564    18.230    u_cpu_unit/cpu_i/microblaze_mcs_0/inst/mdm_0/U0/No_Dbg_Reg_Access.BUFG_DRCK/drck_i
    BUFGCTRL_X0Y1        BUFG (Prop_bufg_I_O)         0.081    18.311 f  u_cpu_unit/cpu_i/microblaze_mcs_0/inst/mdm_0/U0/No_Dbg_Reg_Access.BUFG_DRCK/Using_FPGA.Native/O
                         net (fo=231, routed)         1.350    19.662    u_cpu_unit/cpu_i/microblaze_mcs_0/inst/mdm_0/U0/MDM_Core_I1/JTAG_CONTROL_I/Use_BSCAN.SYNC_FDRE/Use_BSCAN.PORT_Selector_reg[0]
    SLICE_X34Y58         FDRE                                         r  u_cpu_unit/cpu_i/microblaze_mcs_0/inst/mdm_0/U0/MDM_Core_I1/JTAG_CONTROL_I/Use_BSCAN.SYNC_FDRE/Using_FPGA.Native/C  (IS_INVERTED)
  -------------------------------------------------------------------    -------------------
    SLICE_X34Y58         FDRE (Prop_fdre_C_Q)         0.437    20.099 r  u_cpu_unit/cpu_i/microblaze_mcs_0/inst/mdm_0/U0/MDM_Core_I1/JTAG_CONTROL_I/Use_BSCAN.SYNC_FDRE/Using_FPGA.Native/Q
                         net (fo=4, routed)           0.480    20.579    u_cpu_unit/cpu_i/microblaze_mcs_0/inst/mdm_0/U0/MDM_Core_I1/JTAG_CONTROL_I/Use_BSCAN.SYNC_FDRE/sync
    SLICE_X33Y59         LUT6 (Prop_lut6_I0_O)        0.105    20.684 r  u_cpu_unit/cpu_i/microblaze_mcs_0/inst/mdm_0/U0/MDM_Core_I1/JTAG_CONTROL_I/Use_BSCAN.SYNC_FDRE/Dbg_Shift_31_INST_0/O
                         net (fo=8, routed)           0.892    21.576    u_cpu_unit/cpu_i/microblaze_mcs_0/inst/microblaze_I/U0/MicroBlaze_Core_I/Area.Core/Implement_Debug_Logic.Master_Core.Debug_Area/Dbg_Shift
    SLICE_X40Y61         LUT3 (Prop_lut3_I0_O)        0.125    21.701 r  u_cpu_unit/cpu_i/microblaze_mcs_0/inst/microblaze_I/U0/MicroBlaze_Core_I/Area.Core/Implement_Debug_Logic.Master_Core.Debug_Area/Serial_Dbg_Intf.shift_count[5]_i_1/O
                         net (fo=1, routed)           0.000    21.701    u_cpu_unit/cpu_i/microblaze_mcs_0/inst/microblaze_I/U0/MicroBlaze_Core_I/Area.Core/Implement_Debug_Logic.Master_Core.Debug_Area/Serial_Dbg_Intf.shift_count[5]_i_1_n_0
    SLICE_X40Y61         FDCE                                         r  u_cpu_unit/cpu_i/microblaze_mcs_0/inst/microblaze_I/U0/MicroBlaze_Core_I/Area.Core/Implement_Debug_Logic.Master_Core.Debug_Area/Serial_Dbg_Intf.shift_count_reg[5]/D
  -------------------------------------------------------------------    -------------------

                         (clock u_cpu_unit/cpu_i/microblaze_mcs_0/inst/mdm_0/U0/Use_E2.BSCAN_I/Use_E2.BSCANE2_I/DRCK rise edge)
                                                     33.333    33.333 r  
    BSCAN_X0Y1           BSCANE2                      0.000    33.333 r  u_cpu_unit/cpu_i/microblaze_mcs_0/inst/mdm_0/U0/Use_E2.BSCAN_I/Use_E2.BSCANE2_I/DRCK
                         net (fo=1, routed)           1.338    34.671    u_cpu_unit/cpu_i/microblaze_mcs_0/inst/mdm_0/U0/No_Dbg_Reg_Access.BUFG_DRCK/drck_i
    BUFGCTRL_X0Y1        BUFG (Prop_bufg_I_O)         0.077    34.748 r  u_cpu_unit/cpu_i/microblaze_mcs_0/inst/mdm_0/U0/No_Dbg_Reg_Access.BUFG_DRCK/Using_FPGA.Native/O
                         net (fo=231, routed)         1.242    35.990    u_cpu_unit/cpu_i/microblaze_mcs_0/inst/microblaze_I/U0/MicroBlaze_Core_I/Area.Core/Implement_Debug_Logic.Master_Core.Debug_Area/Dbg_Clk
    SLICE_X40Y61         FDCE                                         r  u_cpu_unit/cpu_i/microblaze_mcs_0/inst/microblaze_I/U0/MicroBlaze_Core_I/Area.Core/Implement_Debug_Logic.Master_Core.Debug_Area/Serial_Dbg_Intf.shift_count_reg[5]/C
                         clock pessimism              0.237    36.227    
                         clock uncertainty           -0.035    36.192    
    SLICE_X40Y61         FDCE (Setup_fdce_C_D)        0.069    36.261    u_cpu_unit/cpu_i/microblaze_mcs_0/inst/microblaze_I/U0/MicroBlaze_Core_I/Area.Core/Implement_Debug_Logic.Master_Core.Debug_Area/Serial_Dbg_Intf.shift_count_reg[5]
  -------------------------------------------------------------------
                         required time                         36.261    
                         arrival time                         -21.701    
  -------------------------------------------------------------------
                         slack                                 14.560    

Slack (MET) :             14.588ns  (required time - arrival time)
  Source:                 u_cpu_unit/cpu_i/microblaze_mcs_0/inst/mdm_0/U0/MDM_Core_I1/JTAG_CONTROL_I/Use_BSCAN.SYNC_FDRE/Using_FPGA.Native/C
                            (falling edge-triggered cell FDRE clocked by u_cpu_unit/cpu_i/microblaze_mcs_0/inst/mdm_0/U0/Use_E2.BSCAN_I/Use_E2.BSCANE2_I/DRCK  {rise@0.000ns fall@16.667ns period=33.333ns})
  Destination:            u_cpu_unit/cpu_i/microblaze_mcs_0/inst/mdm_0/U0/MDM_Core_I1/JTAG_CONTROL_I/Use_Serial_Unified_Completion.mb_instr_error_reg/D
                            (rising edge-triggered cell FDCE clocked by u_cpu_unit/cpu_i/microblaze_mcs_0/inst/mdm_0/U0/Use_E2.BSCAN_I/Use_E2.BSCANE2_I/DRCK  {rise@0.000ns fall@16.667ns period=33.333ns})
  Path Group:             u_cpu_unit/cpu_i/microblaze_mcs_0/inst/mdm_0/U0/Use_E2.BSCAN_I/Use_E2.BSCANE2_I/DRCK
  Path Type:              Setup (Max at Slow Process Corner)
  Requirement:            16.667ns  (u_cpu_unit/cpu_i/microblaze_mcs_0/inst/mdm_0/U0/Use_E2.BSCAN_I/Use_E2.BSCANE2_I/DRCK rise@33.333ns - u_cpu_unit/cpu_i/microblaze_mcs_0/inst/mdm_0/U0/Use_E2.BSCAN_I/Use_E2.BSCANE2_I/DRCK fall@16.667ns)
  Data Path Delay:        2.033ns  (logic 0.647ns (31.832%)  route 1.386ns (68.168%))
  Logic Levels:           2  (LUT6=2)
  Clock Path Skew:        -0.041ns (DCD - SCD + CPR)
    Destination Clock Delay (DCD):    2.658ns = ( 35.991 - 33.333 ) 
    Source Clock Delay      (SCD):    2.995ns = ( 19.662 - 16.667 ) 
    Clock Pessimism Removal (CPR):    0.296ns
  Clock Uncertainty:      0.035ns  ((TSJ^2 + TIJ^2)^1/2 + DJ) / 2 + PE
    Total System Jitter     (TSJ):    0.071ns
    Total Input Jitter      (TIJ):    0.000ns
    Discrete Jitter          (DJ):    0.000ns
    Phase Error              (PE):    0.000ns

    Location             Delay type                Incr(ns)  Path(ns)    Netlist Resource(s)
  -------------------------------------------------------------------    -------------------
                         (clock u_cpu_unit/cpu_i/microblaze_mcs_0/inst/mdm_0/U0/Use_E2.BSCAN_I/Use_E2.BSCANE2_I/DRCK fall edge)
                                                     16.667    16.667 f  
    BSCAN_X0Y1           BSCANE2                      0.000    16.667 f  u_cpu_unit/cpu_i/microblaze_mcs_0/inst/mdm_0/U0/Use_E2.BSCAN_I/Use_E2.BSCANE2_I/DRCK
                         net (fo=1, routed)           1.564    18.230    u_cpu_unit/cpu_i/microblaze_mcs_0/inst/mdm_0/U0/No_Dbg_Reg_Access.BUFG_DRCK/drck_i
    BUFGCTRL_X0Y1        BUFG (Prop_bufg_I_O)         0.081    18.311 f  u_cpu_unit/cpu_i/microblaze_mcs_0/inst/mdm_0/U0/No_Dbg_Reg_Access.BUFG_DRCK/Using_FPGA.Native/O
                         net (fo=231, routed)         1.350    19.662    u_cpu_unit/cpu_i/microblaze_mcs_0/inst/mdm_0/U0/MDM_Core_I1/JTAG_CONTROL_I/Use_BSCAN.SYNC_FDRE/Use_BSCAN.PORT_Selector_reg[0]
    SLICE_X34Y58         FDRE                                         r  u_cpu_unit/cpu_i/microblaze_mcs_0/inst/mdm_0/U0/MDM_Core_I1/JTAG_CONTROL_I/Use_BSCAN.SYNC_FDRE/Using_FPGA.Native/C  (IS_INVERTED)
  -------------------------------------------------------------------    -------------------
    SLICE_X34Y58         FDRE (Prop_fdre_C_Q)         0.437    20.099 r  u_cpu_unit/cpu_i/microblaze_mcs_0/inst/mdm_0/U0/MDM_Core_I1/JTAG_CONTROL_I/Use_BSCAN.SYNC_FDRE/Using_FPGA.Native/Q
                         net (fo=4, routed)           0.719    20.818    u_cpu_unit/cpu_i/microblaze_mcs_0/inst/mdm_0/U0/MDM_Core_I1/JTAG_CONTROL_I/Use_BSCAN.FDC_I/sync
    SLICE_X32Y59         LUT6 (Prop_lut6_I4_O)        0.105    20.923 r  u_cpu_unit/cpu_i/microblaze_mcs_0/inst/mdm_0/U0/MDM_Core_I1/JTAG_CONTROL_I/Use_BSCAN.FDC_I/Use_Serial_Unified_Completion.mb_instr_overrun_i_3/O
                         net (fo=2, routed)           0.667    21.589    u_cpu_unit/cpu_i/microblaze_mcs_0/inst/mdm_0/U0/MDM_Core_I1/JTAG_CONTROL_I/Use_BSCAN.FDC_I/p_25_out__0
    SLICE_X31Y59         LUT6 (Prop_lut6_I1_O)        0.105    21.694 r  u_cpu_unit/cpu_i/microblaze_mcs_0/inst/mdm_0/U0/MDM_Core_I1/JTAG_CONTROL_I/Use_BSCAN.FDC_I/Use_Serial_Unified_Completion.mb_instr_error_i_1/O
                         net (fo=1, routed)           0.000    21.694    u_cpu_unit/cpu_i/microblaze_mcs_0/inst/mdm_0/U0/MDM_Core_I1/JTAG_CONTROL_I/Use_BSCAN.FDC_I_n_31
    SLICE_X31Y59         FDCE                                         r  u_cpu_unit/cpu_i/microblaze_mcs_0/inst/mdm_0/U0/MDM_Core_I1/JTAG_CONTROL_I/Use_Serial_Unified_Completion.mb_instr_error_reg/D
  -------------------------------------------------------------------    -------------------

                         (clock u_cpu_unit/cpu_i/microblaze_mcs_0/inst/mdm_0/U0/Use_E2.BSCAN_I/Use_E2.BSCANE2_I/DRCK rise edge)
                                                     33.333    33.333 r  
    BSCAN_X0Y1           BSCANE2                      0.000    33.333 r  u_cpu_unit/cpu_i/microblaze_mcs_0/inst/mdm_0/U0/Use_E2.BSCAN_I/Use_E2.BSCANE2_I/DRCK
                         net (fo=1, routed)           1.338    34.671    u_cpu_unit/cpu_i/microblaze_mcs_0/inst/mdm_0/U0/No_Dbg_Reg_Access.BUFG_DRCK/drck_i
    BUFGCTRL_X0Y1        BUFG (Prop_bufg_I_O)         0.077    34.748 r  u_cpu_unit/cpu_i/microblaze_mcs_0/inst/mdm_0/U0/No_Dbg_Reg_Access.BUFG_DRCK/Using_FPGA.Native/O
                         net (fo=231, routed)         1.243    35.991    u_cpu_unit/cpu_i/microblaze_mcs_0/inst/mdm_0/U0/MDM_Core_I1/JTAG_CONTROL_I/Use_BSCAN.PORT_Selector_reg[0]
    SLICE_X31Y59         FDCE                                         r  u_cpu_unit/cpu_i/microblaze_mcs_0/inst/mdm_0/U0/MDM_Core_I1/JTAG_CONTROL_I/Use_Serial_Unified_Completion.mb_instr_error_reg/C
                         clock pessimism              0.296    36.287    
                         clock uncertainty           -0.035    36.252    
    SLICE_X31Y59         FDCE (Setup_fdce_C_D)        0.030    36.282    u_cpu_unit/cpu_i/microblaze_mcs_0/inst/mdm_0/U0/MDM_Core_I1/JTAG_CONTROL_I/Use_Serial_Unified_Completion.mb_instr_error_reg
  -------------------------------------------------------------------
                         required time                         36.282    
                         arrival time                         -21.694    
  -------------------------------------------------------------------
                         slack                                 14.588    

Slack (MET) :             14.645ns  (required time - arrival time)
  Source:                 u_cpu_unit/cpu_i/microblaze_mcs_0/inst/mdm_0/U0/MDM_Core_I1/JTAG_CONTROL_I/Use_BSCAN.SYNC_FDRE/Using_FPGA.Native/C
                            (falling edge-triggered cell FDRE clocked by u_cpu_unit/cpu_i/microblaze_mcs_0/inst/mdm_0/U0/Use_E2.BSCAN_I/Use_E2.BSCANE2_I/DRCK  {rise@0.000ns fall@16.667ns period=33.333ns})
  Destination:            u_cpu_unit/cpu_i/microblaze_mcs_0/inst/microblaze_I/U0/MicroBlaze_Core_I/Area.Core/Implement_Debug_Logic.Master_Core.Debug_Area/Serial_Dbg_Intf.shift_count_reg[1]/D
                            (rising edge-triggered cell FDCE clocked by u_cpu_unit/cpu_i/microblaze_mcs_0/inst/mdm_0/U0/Use_E2.BSCAN_I/Use_E2.BSCANE2_I/DRCK  {rise@0.000ns fall@16.667ns period=33.333ns})
  Path Group:             u_cpu_unit/cpu_i/microblaze_mcs_0/inst/mdm_0/U0/Use_E2.BSCAN_I/Use_E2.BSCANE2_I/DRCK
  Path Type:              Setup (Max at Slow Process Corner)
  Requirement:            16.667ns  (u_cpu_unit/cpu_i/microblaze_mcs_0/inst/mdm_0/U0/Use_E2.BSCAN_I/Use_E2.BSCANE2_I/DRCK rise@33.333ns - u_cpu_unit/cpu_i/microblaze_mcs_0/inst/mdm_0/U0/Use_E2.BSCAN_I/Use_E2.BSCANE2_I/DRCK fall@16.667ns)
  Data Path Delay:        1.931ns  (logic 0.661ns (34.237%)  route 1.270ns (65.763%))
  Logic Levels:           2  (LUT3=1 LUT6=1)
  Clock Path Skew:        -0.100ns (DCD - SCD + CPR)
    Destination Clock Delay (DCD):    2.658ns = ( 35.991 - 33.333 ) 
    Source Clock Delay      (SCD):    2.995ns = ( 19.662 - 16.667 ) 
    Clock Pessimism Removal (CPR):    0.237ns
  Clock Uncertainty:      0.035ns  ((TSJ^2 + TIJ^2)^1/2 + DJ) / 2 + PE
    Total System Jitter     (TSJ):    0.071ns
    Total Input Jitter      (TIJ):    0.000ns
    Discrete Jitter          (DJ):    0.000ns
    Phase Error              (PE):    0.000ns

    Location             Delay type                Incr(ns)  Path(ns)    Netlist Resource(s)
  -------------------------------------------------------------------    -------------------
                         (clock u_cpu_unit/cpu_i/microblaze_mcs_0/inst/mdm_0/U0/Use_E2.BSCAN_I/Use_E2.BSCANE2_I/DRCK fall edge)
                                                     16.667    16.667 f  
    BSCAN_X0Y1           BSCANE2                      0.000    16.667 f  u_cpu_unit/cpu_i/microblaze_mcs_0/inst/mdm_0/U0/Use_E2.BSCAN_I/Use_E2.BSCANE2_I/DRCK
                         net (fo=1, routed)           1.564    18.230    u_cpu_unit/cpu_i/microblaze_mcs_0/inst/mdm_0/U0/No_Dbg_Reg_Access.BUFG_DRCK/drck_i
    BUFGCTRL_X0Y1        BUFG (Prop_bufg_I_O)         0.081    18.311 f  u_cpu_unit/cpu_i/microblaze_mcs_0/inst/mdm_0/U0/No_Dbg_Reg_Access.BUFG_DRCK/Using_FPGA.Native/O
                         net (fo=231, routed)         1.350    19.662    u_cpu_unit/cpu_i/microblaze_mcs_0/inst/mdm_0/U0/MDM_Core_I1/JTAG_CONTROL_I/Use_BSCAN.SYNC_FDRE/Use_BSCAN.PORT_Selector_reg[0]
    SLICE_X34Y58         FDRE                                         r  u_cpu_unit/cpu_i/microblaze_mcs_0/inst/mdm_0/U0/MDM_Core_I1/JTAG_CONTROL_I/Use_BSCAN.SYNC_FDRE/Using_FPGA.Native/C  (IS_INVERTED)
  -------------------------------------------------------------------    -------------------
    SLICE_X34Y58         FDRE (Prop_fdre_C_Q)         0.437    20.099 r  u_cpu_unit/cpu_i/microblaze_mcs_0/inst/mdm_0/U0/MDM_Core_I1/JTAG_CONTROL_I/Use_BSCAN.SYNC_FDRE/Using_FPGA.Native/Q
                         net (fo=4, routed)           0.480    20.579    u_cpu_unit/cpu_i/microblaze_mcs_0/inst/mdm_0/U0/MDM_Core_I1/JTAG_CONTROL_I/Use_BSCAN.SYNC_FDRE/sync
    SLICE_X33Y59         LUT6 (Prop_lut6_I0_O)        0.105    20.684 r  u_cpu_unit/cpu_i/microblaze_mcs_0/inst/mdm_0/U0/MDM_Core_I1/JTAG_CONTROL_I/Use_BSCAN.SYNC_FDRE/Dbg_Shift_31_INST_0/O
                         net (fo=8, routed)           0.790    21.473    u_cpu_unit/cpu_i/microblaze_mcs_0/inst/microblaze_I/U0/MicroBlaze_Core_I/Area.Core/Implement_Debug_Logic.Master_Core.Debug_Area/Dbg_Shift
    SLICE_X39Y59         LUT3 (Prop_lut3_I0_O)        0.119    21.592 r  u_cpu_unit/cpu_i/microblaze_mcs_0/inst/microblaze_I/U0/MicroBlaze_Core_I/Area.Core/Implement_Debug_Logic.Master_Core.Debug_Area/Serial_Dbg_Intf.shift_count[1]_i_1/O
                         net (fo=1, routed)           0.000    21.592    u_cpu_unit/cpu_i/microblaze_mcs_0/inst/microblaze_I/U0/MicroBlaze_Core_I/Area.Core/Implement_Debug_Logic.Master_Core.Debug_Area/Serial_Dbg_Intf.shift_count[1]_i_1_n_0
    SLICE_X39Y59         FDCE                                         r  u_cpu_unit/cpu_i/microblaze_mcs_0/inst/microblaze_I/U0/MicroBlaze_Core_I/Area.Core/Implement_Debug_Logic.Master_Core.Debug_Area/Serial_Dbg_Intf.shift_count_reg[1]/D
  -------------------------------------------------------------------    -------------------

                         (clock u_cpu_unit/cpu_i/microblaze_mcs_0/inst/mdm_0/U0/Use_E2.BSCAN_I/Use_E2.BSCANE2_I/DRCK rise edge)
                                                     33.333    33.333 r  
    BSCAN_X0Y1           BSCANE2                      0.000    33.333 r  u_cpu_unit/cpu_i/microblaze_mcs_0/inst/mdm_0/U0/Use_E2.BSCAN_I/Use_E2.BSCANE2_I/DRCK
                         net (fo=1, routed)           1.338    34.671    u_cpu_unit/cpu_i/microblaze_mcs_0/inst/mdm_0/U0/No_Dbg_Reg_Access.BUFG_DRCK/drck_i
    BUFGCTRL_X0Y1        BUFG (Prop_bufg_I_O)         0.077    34.748 r  u_cpu_unit/cpu_i/microblaze_mcs_0/inst/mdm_0/U0/No_Dbg_Reg_Access.BUFG_DRCK/Using_FPGA.Native/O
                         net (fo=231, routed)         1.243    35.991    u_cpu_unit/cpu_i/microblaze_mcs_0/inst/microblaze_I/U0/MicroBlaze_Core_I/Area.Core/Implement_Debug_Logic.Master_Core.Debug_Area/Dbg_Clk
    SLICE_X39Y59         FDCE                                         r  u_cpu_unit/cpu_i/microblaze_mcs_0/inst/microblaze_I/U0/MicroBlaze_Core_I/Area.Core/Implement_Debug_Logic.Master_Core.Debug_Area/Serial_Dbg_Intf.shift_count_reg[1]/C
                         clock pessimism              0.237    36.228    
                         clock uncertainty           -0.035    36.193    
    SLICE_X39Y59         FDCE (Setup_fdce_C_D)        0.045    36.238    u_cpu_unit/cpu_i/microblaze_mcs_0/inst/microblaze_I/U0/MicroBlaze_Core_I/Area.Core/Implement_Debug_Logic.Master_Core.Debug_Area/Serial_Dbg_Intf.shift_count_reg[1]
  -------------------------------------------------------------------
                         required time                         36.238    
                         arrival time                         -21.592    
  -------------------------------------------------------------------
                         slack                                 14.645    





Min Delay Paths
--------------------------------------------------------------------------------------
Slack (MET) :             0.154ns  (arrival time - required time)
  Source:                 u_cpu_unit/cpu_i/microblaze_mcs_0/inst/mdm_0/U0/MDM_Core_I1/JTAG_CONTROL_I/Use_Serial_Unified_Completion.sample_1_reg[15]/C
                            (rising edge-triggered cell FDCE clocked by u_cpu_unit/cpu_i/microblaze_mcs_0/inst/mdm_0/U0/Use_E2.BSCAN_I/Use_E2.BSCANE2_I/DRCK  {rise@0.000ns fall@16.667ns period=33.333ns})
  Destination:            u_cpu_unit/cpu_i/microblaze_mcs_0/inst/mdm_0/U0/MDM_Core_I1/JTAG_CONTROL_I/Use_Serial_Unified_Completion.completion_status_reg[15]/D
                            (rising edge-triggered cell FDCE clocked by u_cpu_unit/cpu_i/microblaze_mcs_0/inst/mdm_0/U0/Use_E2.BSCAN_I/Use_E2.BSCANE2_I/DRCK  {rise@0.000ns fall@16.667ns period=33.333ns})
  Path Group:             u_cpu_unit/cpu_i/microblaze_mcs_0/inst/mdm_0/U0/Use_E2.BSCAN_I/Use_E2.BSCANE2_I/DRCK
  Path Type:              Hold (Min at Fast Process Corner)
  Requirement:            0.000ns  (u_cpu_unit/cpu_i/microblaze_mcs_0/inst/mdm_0/U0/Use_E2.BSCAN_I/Use_E2.BSCANE2_I/DRCK rise@0.000ns - u_cpu_unit/cpu_i/microblaze_mcs_0/inst/mdm_0/U0/Use_E2.BSCAN_I/Use_E2.BSCANE2_I/DRCK rise@0.000ns)
  Data Path Delay:        0.291ns  (logic 0.186ns (63.825%)  route 0.105ns (36.175%))
  Logic Levels:           1  (LUT2=1)
  Clock Path Skew:        0.016ns (DCD - SCD - CPR)
    Destination Clock Delay (DCD):    1.719ns
    Source Clock Delay      (SCD):    1.328ns
    Clock Pessimism Removal (CPR):    0.376ns

    Location             Delay type                Incr(ns)  Path(ns)    Netlist Resource(s)
  -------------------------------------------------------------------    -------------------
                         (clock u_cpu_unit/cpu_i/microblaze_mcs_0/inst/mdm_0/U0/Use_E2.BSCAN_I/Use_E2.BSCANE2_I/DRCK rise edge)
                                                      0.000     0.000 r  
    BSCAN_X0Y1           BSCANE2                      0.000     0.000 r  u_cpu_unit/cpu_i/microblaze_mcs_0/inst/mdm_0/U0/Use_E2.BSCAN_I/Use_E2.BSCANE2_I/DRCK
                         net (fo=1, routed)           0.743     0.743    u_cpu_unit/cpu_i/microblaze_mcs_0/inst/mdm_0/U0/No_Dbg_Reg_Access.BUFG_DRCK/drck_i
    BUFGCTRL_X0Y1        BUFG (Prop_bufg_I_O)         0.026     0.769 r  u_cpu_unit/cpu_i/microblaze_mcs_0/inst/mdm_0/U0/No_Dbg_Reg_Access.BUFG_DRCK/Using_FPGA.Native/O
                         net (fo=231, routed)         0.559     1.328    u_cpu_unit/cpu_i/microblaze_mcs_0/inst/mdm_0/U0/MDM_Core_I1/JTAG_CONTROL_I/Use_BSCAN.PORT_Selector_reg[0]
    SLICE_X33Y60         FDCE                                         r  u_cpu_unit/cpu_i/microblaze_mcs_0/inst/mdm_0/U0/MDM_Core_I1/JTAG_CONTROL_I/Use_Serial_Unified_Completion.sample_1_reg[15]/C
  -------------------------------------------------------------------    -------------------
    SLICE_X33Y60         FDCE (Prop_fdce_C_Q)         0.141     1.469 r  u_cpu_unit/cpu_i/microblaze_mcs_0/inst/mdm_0/U0/MDM_Core_I1/JTAG_CONTROL_I/Use_Serial_Unified_Completion.sample_1_reg[15]/Q
                         net (fo=2, routed)           0.105     1.574    u_cpu_unit/cpu_i/microblaze_mcs_0/inst/mdm_0/U0/Use_E2.BSCAN_I/Use_Serial_Unified_Completion.sample_1_reg[15][0]
    SLICE_X30Y60         LUT2 (Prop_lut2_I1_O)        0.045     1.619 r  u_cpu_unit/cpu_i/microblaze_mcs_0/inst/mdm_0/U0/Use_E2.BSCAN_I/Use_Serial_Unified_Completion.completion_status[15]_i_2/O
                         net (fo=1, routed)           0.000     1.619    u_cpu_unit/cpu_i/microblaze_mcs_0/inst/mdm_0/U0/MDM_Core_I1/JTAG_CONTROL_I/D[0]
    SLICE_X30Y60         FDCE                                         r  u_cpu_unit/cpu_i/microblaze_mcs_0/inst/mdm_0/U0/MDM_Core_I1/JTAG_CONTROL_I/Use_Serial_Unified_Completion.completion_status_reg[15]/D
  -------------------------------------------------------------------    -------------------

                         (clock u_cpu_unit/cpu_i/microblaze_mcs_0/inst/mdm_0/U0/Use_E2.BSCAN_I/Use_E2.BSCANE2_I/DRCK rise edge)
                                                      0.000     0.000 r  
    BSCAN_X0Y1           BSCANE2                      0.000     0.000 r  u_cpu_unit/cpu_i/microblaze_mcs_0/inst/mdm_0/U0/Use_E2.BSCAN_I/Use_E2.BSCANE2_I/DRCK
                         net (fo=1, routed)           0.863     0.863    u_cpu_unit/cpu_i/microblaze_mcs_0/inst/mdm_0/U0/No_Dbg_Reg_Access.BUFG_DRCK/drck_i
    BUFGCTRL_X0Y1        BUFG (Prop_bufg_I_O)         0.029     0.892 r  u_cpu_unit/cpu_i/microblaze_mcs_0/inst/mdm_0/U0/No_Dbg_Reg_Access.BUFG_DRCK/Using_FPGA.Native/O
                         net (fo=231, routed)         0.827     1.719    u_cpu_unit/cpu_i/microblaze_mcs_0/inst/mdm_0/U0/MDM_Core_I1/JTAG_CONTROL_I/Use_BSCAN.PORT_Selector_reg[0]
    SLICE_X30Y60         FDCE                                         r  u_cpu_unit/cpu_i/microblaze_mcs_0/inst/mdm_0/U0/MDM_Core_I1/JTAG_CONTROL_I/Use_Serial_Unified_Completion.completion_status_reg[15]/C
                         clock pessimism             -0.376     1.344    
    SLICE_X30Y60         FDCE (Hold_fdce_C_D)         0.121     1.465    u_cpu_unit/cpu_i/microblaze_mcs_0/inst/mdm_0/U0/MDM_Core_I1/JTAG_CONTROL_I/Use_Serial_Unified_Completion.completion_status_reg[15]
  -------------------------------------------------------------------
                         required time                         -1.465    
                         arrival time                           1.619    
  -------------------------------------------------------------------
                         slack                                  0.154    

Slack (MET) :             0.166ns  (arrival time - required time)
  Source:                 u_cpu_unit/cpu_i/microblaze_mcs_0/inst/mdm_0/U0/MDM_Core_I1/Use_BSCAN.Config_Reg_reg[25]/C
                            (rising edge-triggered cell FDPE clocked by u_cpu_unit/cpu_i/microblaze_mcs_0/inst/mdm_0/U0/Use_E2.BSCAN_I/Use_E2.BSCANE2_I/DRCK  {rise@0.000ns fall@16.667ns period=33.333ns})
  Destination:            u_cpu_unit/cpu_i/microblaze_mcs_0/inst/mdm_0/U0/MDM_Core_I1/Use_BSCAN.Config_Reg_reg[12]_srl13_MDM_Core_I1_Use_BSCAN.Config_Reg_reg_c_11/D
                            (rising edge-triggered cell SRL16E clocked by u_cpu_unit/cpu_i/microblaze_mcs_0/inst/mdm_0/U0/Use_E2.BSCAN_I/Use_E2.BSCANE2_I/DRCK  {rise@0.000ns fall@16.667ns period=33.333ns})
  Path Group:             u_cpu_unit/cpu_i/microblaze_mcs_0/inst/mdm_0/U0/Use_E2.BSCAN_I/Use_E2.BSCANE2_I/DRCK
  Path Type:              Hold (Min at Fast Process Corner)
  Requirement:            0.000ns  (u_cpu_unit/cpu_i/microblaze_mcs_0/inst/mdm_0/U0/Use_E2.BSCAN_I/Use_E2.BSCANE2_I/DRCK rise@0.000ns - u_cpu_unit/cpu_i/microblaze_mcs_0/inst/mdm_0/U0/Use_E2.BSCAN_I/Use_E2.BSCANE2_I/DRCK rise@0.000ns)
  Data Path Delay:        0.242ns  (logic 0.128ns (52.975%)  route 0.114ns (47.025%))
  Logic Levels:           0  
  Clock Path Skew:        0.013ns (DCD - SCD - CPR)
    Destination Clock Delay (DCD):    1.719ns
    Source Clock Delay      (SCD):    1.328ns
    Clock Pessimism Removal (CPR):    0.379ns

    Location             Delay type                Incr(ns)  Path(ns)    Netlist Resource(s)
  -------------------------------------------------------------------    -------------------
                         (clock u_cpu_unit/cpu_i/microblaze_mcs_0/inst/mdm_0/U0/Use_E2.BSCAN_I/Use_E2.BSCANE2_I/DRCK rise edge)
                                                      0.000     0.000 r  
    BSCAN_X0Y1           BSCANE2                      0.000     0.000 r  u_cpu_unit/cpu_i/microblaze_mcs_0/inst/mdm_0/U0/Use_E2.BSCAN_I/Use_E2.BSCANE2_I/DRCK
                         net (fo=1, routed)           0.743     0.743    u_cpu_unit/cpu_i/microblaze_mcs_0/inst/mdm_0/U0/No_Dbg_Reg_Access.BUFG_DRCK/drck_i
    BUFGCTRL_X0Y1        BUFG (Prop_bufg_I_O)         0.026     0.769 r  u_cpu_unit/cpu_i/microblaze_mcs_0/inst/mdm_0/U0/No_Dbg_Reg_Access.BUFG_DRCK/Using_FPGA.Native/O
                         net (fo=231, routed)         0.559     1.328    u_cpu_unit/cpu_i/microblaze_mcs_0/inst/mdm_0/U0/MDM_Core_I1/Use_BSCAN.PORT_Selector_reg[0]_0
    SLICE_X31Y61         FDPE                                         r  u_cpu_unit/cpu_i/microblaze_mcs_0/inst/mdm_0/U0/MDM_Core_I1/Use_BSCAN.Config_Reg_reg[25]/C
  -------------------------------------------------------------------    -------------------
    SLICE_X31Y61         FDPE (Prop_fdpe_C_Q)         0.128     1.456 r  u_cpu_unit/cpu_i/microblaze_mcs_0/inst/mdm_0/U0/MDM_Core_I1/Use_BSCAN.Config_Reg_reg[25]/Q
                         net (fo=1, routed)           0.114     1.569    u_cpu_unit/cpu_i/microblaze_mcs_0/inst/mdm_0/U0/MDM_Core_I1/Use_BSCAN.Config_Reg_reg_n_0_[25]
    SLICE_X30Y61         SRL16E                                       r  u_cpu_unit/cpu_i/microblaze_mcs_0/inst/mdm_0/U0/MDM_Core_I1/Use_BSCAN.Config_Reg_reg[12]_srl13_MDM_Core_I1_Use_BSCAN.Config_Reg_reg_c_11/D
  -------------------------------------------------------------------    -------------------

                         (clock u_cpu_unit/cpu_i/microblaze_mcs_0/inst/mdm_0/U0/Use_E2.BSCAN_I/Use_E2.BSCANE2_I/DRCK rise edge)
                                                      0.000     0.000 r  
    BSCAN_X0Y1           BSCANE2                      0.000     0.000 r  u_cpu_unit/cpu_i/microblaze_mcs_0/inst/mdm_0/U0/Use_E2.BSCAN_I/Use_E2.BSCANE2_I/DRCK
                         net (fo=1, routed)           0.863     0.863    u_cpu_unit/cpu_i/microblaze_mcs_0/inst/mdm_0/U0/No_Dbg_Reg_Access.BUFG_DRCK/drck_i
    BUFGCTRL_X0Y1        BUFG (Prop_bufg_I_O)         0.029     0.892 r  u_cpu_unit/cpu_i/microblaze_mcs_0/inst/mdm_0/U0/No_Dbg_Reg_Access.BUFG_DRCK/Using_FPGA.Native/O
                         net (fo=231, routed)         0.827     1.719    u_cpu_unit/cpu_i/microblaze_mcs_0/inst/mdm_0/U0/MDM_Core_I1/Use_BSCAN.PORT_Selector_reg[0]_0
    SLICE_X30Y61         SRL16E                                       r  u_cpu_unit/cpu_i/microblaze_mcs_0/inst/mdm_0/U0/MDM_Core_I1/Use_BSCAN.Config_Reg_reg[12]_srl13_MDM_Core_I1_Use_BSCAN.Config_Reg_reg_c_11/CLK
                         clock pessimism             -0.379     1.341    
    SLICE_X30Y61         SRL16E (Hold_srl16e_CLK_D)
                                                      0.063     1.404    u_cpu_unit/cpu_i/microblaze_mcs_0/inst/mdm_0/U0/MDM_Core_I1/Use_BSCAN.Config_Reg_reg[12]_srl13_MDM_Core_I1_Use_BSCAN.Config_Reg_reg_c_11
  -------------------------------------------------------------------
                         required time                         -1.404    
                         arrival time                           1.569    
  -------------------------------------------------------------------
                         slack                                  0.166    

Slack (MET) :             0.168ns  (arrival time - required time)
  Source:                 u_cpu_unit/cpu_i/microblaze_mcs_0/inst/microblaze_I/U0/MicroBlaze_Core_I/Area.Core/Implement_Debug_Logic.Master_Core.Debug_Area/Serial_Dbg_Intf.shift_datain_reg[3]/C
                            (rising edge-triggered cell FDCE clocked by u_cpu_unit/cpu_i/microblaze_mcs_0/inst/mdm_0/U0/Use_E2.BSCAN_I/Use_E2.BSCANE2_I/DRCK  {rise@0.000ns fall@16.667ns period=33.333ns})
  Destination:            u_cpu_unit/cpu_i/microblaze_mcs_0/inst/microblaze_I/U0/MicroBlaze_Core_I/Area.Core/Implement_Debug_Logic.Master_Core.Debug_Area/Serial_Dbg_Intf.New_Instr_Reg_TCK_reg[2]/D
                            (rising edge-triggered cell FDCE clocked by u_cpu_unit/cpu_i/microblaze_mcs_0/inst/mdm_0/U0/Use_E2.BSCAN_I/Use_E2.BSCANE2_I/DRCK  {rise@0.000ns fall@16.667ns period=33.333ns})
  Path Group:             u_cpu_unit/cpu_i/microblaze_mcs_0/inst/mdm_0/U0/Use_E2.BSCAN_I/Use_E2.BSCANE2_I/DRCK
  Path Type:              Hold (Min at Fast Process Corner)
  Requirement:            0.000ns  (u_cpu_unit/cpu_i/microblaze_mcs_0/inst/mdm_0/U0/Use_E2.BSCAN_I/Use_E2.BSCANE2_I/DRCK rise@0.000ns - u_cpu_unit/cpu_i/microblaze_mcs_0/inst/mdm_0/U0/Use_E2.BSCAN_I/Use_E2.BSCANE2_I/DRCK rise@0.000ns)
  Data Path Delay:        0.254ns  (logic 0.141ns (55.470%)  route 0.113ns (44.530%))
  Logic Levels:           0  
  Clock Path Skew:        0.016ns (DCD - SCD - CPR)
    Destination Clock Delay (DCD):    1.727ns
    Source Clock Delay      (SCD):    1.334ns
    Clock Pessimism Removal (CPR):    0.377ns

    Location             Delay type                Incr(ns)  Path(ns)    Netlist Resource(s)
  -------------------------------------------------------------------    -------------------
                         (clock u_cpu_unit/cpu_i/microblaze_mcs_0/inst/mdm_0/U0/Use_E2.BSCAN_I/Use_E2.BSCANE2_I/DRCK rise edge)
                                                      0.000     0.000 r  
    BSCAN_X0Y1           BSCANE2                      0.000     0.000 r  u_cpu_unit/cpu_i/microblaze_mcs_0/inst/mdm_0/U0/Use_E2.BSCAN_I/Use_E2.BSCANE2_I/DRCK
                         net (fo=1, routed)           0.743     0.743    u_cpu_unit/cpu_i/microblaze_mcs_0/inst/mdm_0/U0/No_Dbg_Reg_Access.BUFG_DRCK/drck_i
    BUFGCTRL_X0Y1        BUFG (Prop_bufg_I_O)         0.026     0.769 r  u_cpu_unit/cpu_i/microblaze_mcs_0/inst/mdm_0/U0/No_Dbg_Reg_Access.BUFG_DRCK/Using_FPGA.Native/O
                         net (fo=231, routed)         0.566     1.334    u_cpu_unit/cpu_i/microblaze_mcs_0/inst/microblaze_I/U0/MicroBlaze_Core_I/Area.Core/Implement_Debug_Logic.Master_Core.Debug_Area/Dbg_Clk
    SLICE_X48Y44         FDCE                                         r  u_cpu_unit/cpu_i/microblaze_mcs_0/inst/microblaze_I/U0/MicroBlaze_Core_I/Area.Core/Implement_Debug_Logic.Master_Core.Debug_Area/Serial_Dbg_Intf.shift_datain_reg[3]/C
  -------------------------------------------------------------------    -------------------
    SLICE_X48Y44         FDCE (Prop_fdce_C_Q)         0.141     1.475 r  u_cpu_unit/cpu_i/microblaze_mcs_0/inst/microblaze_I/U0/MicroBlaze_Core_I/Area.Core/Implement_Debug_Logic.Master_Core.Debug_Area/Serial_Dbg_Intf.shift_datain_reg[3]/Q
                         net (fo=2, routed)           0.113     1.589    u_cpu_unit/cpu_i/microblaze_mcs_0/inst/microblaze_I/U0/MicroBlaze_Core_I/Area.Core/Implement_Debug_Logic.Master_Core.Debug_Area/Serial_Dbg_Intf.shift_datain_reg_n_0_[3]
    SLICE_X48Y43         FDCE                                         r  u_cpu_unit/cpu_i/microblaze_mcs_0/inst/microblaze_I/U0/MicroBlaze_Core_I/Area.Core/Implement_Debug_Logic.Master_Core.Debug_Area/Serial_Dbg_Intf.New_Instr_Reg_TCK_reg[2]/D
  -------------------------------------------------------------------    -------------------

                         (clock u_cpu_unit/cpu_i/microblaze_mcs_0/inst/mdm_0/U0/Use_E2.BSCAN_I/Use_E2.BSCANE2_I/DRCK rise edge)
                                                      0.000     0.000 r  
    BSCAN_X0Y1           BSCANE2                      0.000     0.000 r  u_cpu_unit/cpu_i/microblaze_mcs_0/inst/mdm_0/U0/Use_E2.BSCAN_I/Use_E2.BSCANE2_I/DRCK
                         net (fo=1, routed)           0.863     0.863    u_cpu_unit/cpu_i/microblaze_mcs_0/inst/mdm_0/U0/No_Dbg_Reg_Access.BUFG_DRCK/drck_i
    BUFGCTRL_X0Y1        BUFG (Prop_bufg_I_O)         0.029     0.892 r  u_cpu_unit/cpu_i/microblaze_mcs_0/inst/mdm_0/U0/No_Dbg_Reg_Access.BUFG_DRCK/Using_FPGA.Native/O
                         net (fo=231, routed)         0.836     1.727    u_cpu_unit/cpu_i/microblaze_mcs_0/inst/microblaze_I/U0/MicroBlaze_Core_I/Area.Core/Implement_Debug_Logic.Master_Core.Debug_Area/Dbg_Clk
    SLICE_X48Y43         FDCE                                         r  u_cpu_unit/cpu_i/microblaze_mcs_0/inst/microblaze_I/U0/MicroBlaze_Core_I/Area.Core/Implement_Debug_Logic.Master_Core.Debug_Area/Serial_Dbg_Intf.New_Instr_Reg_TCK_reg[2]/C
                         clock pessimism             -0.377     1.350    
    SLICE_X48Y43         FDCE (Hold_fdce_C_D)         0.070     1.420    u_cpu_unit/cpu_i/microblaze_mcs_0/inst/microblaze_I/U0/MicroBlaze_Core_I/Area.Core/Implement_Debug_Logic.Master_Core.Debug_Area/Serial_Dbg_Intf.New_Instr_Reg_TCK_reg[2]
  -------------------------------------------------------------------
                         required time                         -1.420    
                         arrival time                           1.589    
  -------------------------------------------------------------------
                         slack                                  0.168    

Slack (MET) :             0.172ns  (arrival time - required time)
  Source:                 u_cpu_unit/cpu_i/microblaze_mcs_0/inst/mdm_0/U0/MDM_Core_I1/JTAG_CONTROL_I/Use_Serial_Unified_Completion.mb_data_overrun_reg/C
                            (rising edge-triggered cell FDCE clocked by u_cpu_unit/cpu_i/microblaze_mcs_0/inst/mdm_0/U0/Use_E2.BSCAN_I/Use_E2.BSCANE2_I/DRCK  {rise@0.000ns fall@16.667ns period=33.333ns})
  Destination:            u_cpu_unit/cpu_i/microblaze_mcs_0/inst/mdm_0/U0/MDM_Core_I1/JTAG_CONTROL_I/Use_Serial_Unified_Completion.sample_1_reg[12]/D
                            (rising edge-triggered cell FDCE clocked by u_cpu_unit/cpu_i/microblaze_mcs_0/inst/mdm_0/U0/Use_E2.BSCAN_I/Use_E2.BSCANE2_I/DRCK  {rise@0.000ns fall@16.667ns period=33.333ns})
  Path Group:             u_cpu_unit/cpu_i/microblaze_mcs_0/inst/mdm_0/U0/Use_E2.BSCAN_I/Use_E2.BSCANE2_I/DRCK
  Path Type:              Hold (Min at Fast Process Corner)
  Requirement:            0.000ns  (u_cpu_unit/cpu_i/microblaze_mcs_0/inst/mdm_0/U0/Use_E2.BSCAN_I/Use_E2.BSCANE2_I/DRCK rise@0.000ns - u_cpu_unit/cpu_i/microblaze_mcs_0/inst/mdm_0/U0/Use_E2.BSCAN_I/Use_E2.BSCANE2_I/DRCK rise@0.000ns)
  Data Path Delay:        0.278ns  (logic 0.141ns (50.645%)  route 0.137ns (49.355%))
  Logic Levels:           0  
  Clock Path Skew:        0.036ns (DCD - SCD - CPR)
    Destination Clock Delay (DCD):    1.720ns
    Source Clock Delay      (SCD):    1.328ns
    Clock Pessimism Removal (CPR):    0.357ns

    Location             Delay type                Incr(ns)  Path(ns)    Netlist Resource(s)
  -------------------------------------------------------------------    -------------------
                         (clock u_cpu_unit/cpu_i/microblaze_mcs_0/inst/mdm_0/U0/Use_E2.BSCAN_I/Use_E2.BSCANE2_I/DRCK rise edge)
                                                      0.000     0.000 r  
    BSCAN_X0Y1           BSCANE2                      0.000     0.000 r  u_cpu_unit/cpu_i/microblaze_mcs_0/inst/mdm_0/U0/Use_E2.BSCAN_I/Use_E2.BSCANE2_I/DRCK
                         net (fo=1, routed)           0.743     0.743    u_cpu_unit/cpu_i/microblaze_mcs_0/inst/mdm_0/U0/No_Dbg_Reg_Access.BUFG_DRCK/drck_i
    BUFGCTRL_X0Y1        BUFG (Prop_bufg_I_O)         0.026     0.769 r  u_cpu_unit/cpu_i/microblaze_mcs_0/inst/mdm_0/U0/No_Dbg_Reg_Access.BUFG_DRCK/Using_FPGA.Native/O
                         net (fo=231, routed)         0.559     1.328    u_cpu_unit/cpu_i/microblaze_mcs_0/inst/mdm_0/U0/MDM_Core_I1/JTAG_CONTROL_I/Use_BSCAN.PORT_Selector_reg[0]
    SLICE_X31Y60         FDCE                                         r  u_cpu_unit/cpu_i/microblaze_mcs_0/inst/mdm_0/U0/MDM_Core_I1/JTAG_CONTROL_I/Use_Serial_Unified_Completion.mb_data_overrun_reg/C
  -------------------------------------------------------------------    -------------------
    SLICE_X31Y60         FDCE (Prop_fdce_C_Q)         0.141     1.469 r  u_cpu_unit/cpu_i/microblaze_mcs_0/inst/mdm_0/U0/MDM_Core_I1/JTAG_CONTROL_I/Use_Serial_Unified_Completion.mb_data_overrun_reg/Q
                         net (fo=3, routed)           0.137     1.606    u_cpu_unit/cpu_i/microblaze_mcs_0/inst/mdm_0/U0/MDM_Core_I1/JTAG_CONTROL_I/Use_Serial_Unified_Completion.mb_data_overrun_reg_n_0
    SLICE_X29Y60         FDCE                                         r  u_cpu_unit/cpu_i/microblaze_mcs_0/inst/mdm_0/U0/MDM_Core_I1/JTAG_CONTROL_I/Use_Serial_Unified_Completion.sample_1_reg[12]/D
  -------------------------------------------------------------------    -------------------

                         (clock u_cpu_unit/cpu_i/microblaze_mcs_0/inst/mdm_0/U0/Use_E2.BSCAN_I/Use_E2.BSCANE2_I/DRCK rise edge)
                                                      0.000     0.000 r  
    BSCAN_X0Y1           BSCANE2                      0.000     0.000 r  u_cpu_unit/cpu_i/microblaze_mcs_0/inst/mdm_0/U0/Use_E2.BSCAN_I/Use_E2.BSCANE2_I/DRCK
                         net (fo=1, routed)           0.863     0.863    u_cpu_unit/cpu_i/microblaze_mcs_0/inst/mdm_0/U0/No_Dbg_Reg_Access.BUFG_DRCK/drck_i
    BUFGCTRL_X0Y1        BUFG (Prop_bufg_I_O)         0.029     0.892 r  u_cpu_unit/cpu_i/microblaze_mcs_0/inst/mdm_0/U0/No_Dbg_Reg_Access.BUFG_DRCK/Using_FPGA.Native/O
                         net (fo=231, routed)         0.829     1.720    u_cpu_unit/cpu_i/microblaze_mcs_0/inst/mdm_0/U0/MDM_Core_I1/JTAG_CONTROL_I/Use_BSCAN.PORT_Selector_reg[0]
    SLICE_X29Y60         FDCE                                         r  u_cpu_unit/cpu_i/microblaze_mcs_0/inst/mdm_0/U0/MDM_Core_I1/JTAG_CONTROL_I/Use_Serial_Unified_Completion.sample_1_reg[12]/C
                         clock pessimism             -0.357     1.364    
    SLICE_X29Y60         FDCE (Hold_fdce_C_D)         0.070     1.434    u_cpu_unit/cpu_i/microblaze_mcs_0/inst/mdm_0/U0/MDM_Core_I1/JTAG_CONTROL_I/Use_Serial_Unified_Completion.sample_1_reg[12]
  -------------------------------------------------------------------
                         required time                         -1.434    
                         arrival time                           1.606    
  -------------------------------------------------------------------
                         slack                                  0.172    

Slack (MET) :             0.176ns  (arrival time - required time)
  Source:                 u_cpu_unit/cpu_i/microblaze_mcs_0/inst/microblaze_I/U0/MicroBlaze_Core_I/Area.Core/Implement_Debug_Logic.Master_Core.Debug_Area/Serial_Dbg_Intf.shift_datain_reg[23]/C
                            (rising edge-triggered cell FDCE clocked by u_cpu_unit/cpu_i/microblaze_mcs_0/inst/mdm_0/U0/Use_E2.BSCAN_I/Use_E2.BSCANE2_I/DRCK  {rise@0.000ns fall@16.667ns period=33.333ns})
  Destination:            u_cpu_unit/cpu_i/microblaze_mcs_0/inst/microblaze_I/U0/MicroBlaze_Core_I/Area.Core/Implement_Debug_Logic.Master_Core.Debug_Area/Serial_Dbg_Intf.New_Instr_Reg_TCK_reg[22]/D
                            (rising edge-triggered cell FDCE clocked by u_cpu_unit/cpu_i/microblaze_mcs_0/inst/mdm_0/U0/Use_E2.BSCAN_I/Use_E2.BSCANE2_I/DRCK  {rise@0.000ns fall@16.667ns period=33.333ns})
  Path Group:             u_cpu_unit/cpu_i/microblaze_mcs_0/inst/mdm_0/U0/Use_E2.BSCAN_I/Use_E2.BSCANE2_I/DRCK
  Path Type:              Hold (Min at Fast Process Corner)
  Requirement:            0.000ns  (u_cpu_unit/cpu_i/microblaze_mcs_0/inst/mdm_0/U0/Use_E2.BSCAN_I/Use_E2.BSCANE2_I/DRCK rise@0.000ns - u_cpu_unit/cpu_i/microblaze_mcs_0/inst/mdm_0/U0/Use_E2.BSCAN_I/Use_E2.BSCANE2_I/DRCK rise@0.000ns)
  Data Path Delay:        0.514ns  (logic 0.141ns (27.457%)  route 0.373ns (72.543%))
  Logic Levels:           0  
  Clock Path Skew:        0.275ns (DCD - SCD - CPR)
    Destination Clock Delay (DCD):    1.729ns
    Source Clock Delay      (SCD):    1.332ns
    Clock Pessimism Removal (CPR):    0.123ns

    Location             Delay type                Incr(ns)  Path(ns)    Netlist Resource(s)
  -------------------------------------------------------------------    -------------------
                         (clock u_cpu_unit/cpu_i/microblaze_mcs_0/inst/mdm_0/U0/Use_E2.BSCAN_I/Use_E2.BSCANE2_I/DRCK rise edge)
                                                      0.000     0.000 r  
    BSCAN_X0Y1           BSCANE2                      0.000     0.000 r  u_cpu_unit/cpu_i/microblaze_mcs_0/inst/mdm_0/U0/Use_E2.BSCAN_I/Use_E2.BSCANE2_I/DRCK
                         net (fo=1, routed)           0.743     0.743    u_cpu_unit/cpu_i/microblaze_mcs_0/inst/mdm_0/U0/No_Dbg_Reg_Access.BUFG_DRCK/drck_i
    BUFGCTRL_X0Y1        BUFG (Prop_bufg_I_O)         0.026     0.769 r  u_cpu_unit/cpu_i/microblaze_mcs_0/inst/mdm_0/U0/No_Dbg_Reg_Access.BUFG_DRCK/Using_FPGA.Native/O
                         net (fo=231, routed)         0.563     1.332    u_cpu_unit/cpu_i/microblaze_mcs_0/inst/microblaze_I/U0/MicroBlaze_Core_I/Area.Core/Implement_Debug_Logic.Master_Core.Debug_Area/Dbg_Clk
    SLICE_X53Y58         FDCE                                         r  u_cpu_unit/cpu_i/microblaze_mcs_0/inst/microblaze_I/U0/MicroBlaze_Core_I/Area.Core/Implement_Debug_Logic.Master_Core.Debug_Area/Serial_Dbg_Intf.shift_datain_reg[23]/C
  -------------------------------------------------------------------    -------------------
    SLICE_X53Y58         FDCE (Prop_fdce_C_Q)         0.141     1.473 r  u_cpu_unit/cpu_i/microblaze_mcs_0/inst/microblaze_I/U0/MicroBlaze_Core_I/Area.Core/Implement_Debug_Logic.Master_Core.Debug_Area/Serial_Dbg_Intf.shift_datain_reg[23]/Q
                         net (fo=3, routed)           0.373     1.845    u_cpu_unit/cpu_i/microblaze_mcs_0/inst/microblaze_I/U0/MicroBlaze_Core_I/Area.Core/Implement_Debug_Logic.Master_Core.Debug_Area/Serial_Dbg_Intf.shift_datain_reg_n_0_[23]
    SLICE_X50Y47         FDCE                                         r  u_cpu_unit/cpu_i/microblaze_mcs_0/inst/microblaze_I/U0/MicroBlaze_Core_I/Area.Core/Implement_Debug_Logic.Master_Core.Debug_Area/Serial_Dbg_Intf.New_Instr_Reg_TCK_reg[22]/D
  -------------------------------------------------------------------    -------------------

                         (clock u_cpu_unit/cpu_i/microblaze_mcs_0/inst/mdm_0/U0/Use_E2.BSCAN_I/Use_E2.BSCANE2_I/DRCK rise edge)
                                                      0.000     0.000 r  
    BSCAN_X0Y1           BSCANE2                      0.000     0.000 r  u_cpu_unit/cpu_i/microblaze_mcs_0/inst/mdm_0/U0/Use_E2.BSCAN_I/Use_E2.BSCANE2_I/DRCK
                         net (fo=1, routed)           0.863     0.863    u_cpu_unit/cpu_i/microblaze_mcs_0/inst/mdm_0/U0/No_Dbg_Reg_Access.BUFG_DRCK/drck_i
    BUFGCTRL_X0Y1        BUFG (Prop_bufg_I_O)         0.029     0.892 r  u_cpu_unit/cpu_i/microblaze_mcs_0/inst/mdm_0/U0/No_Dbg_Reg_Access.BUFG_DRCK/Using_FPGA.Native/O
                         net (fo=231, routed)         0.838     1.729    u_cpu_unit/cpu_i/microblaze_mcs_0/inst/microblaze_I/U0/MicroBlaze_Core_I/Area.Core/Implement_Debug_Logic.Master_Core.Debug_Area/Dbg_Clk
    SLICE_X50Y47         FDCE                                         r  u_cpu_unit/cpu_i/microblaze_mcs_0/inst/microblaze_I/U0/MicroBlaze_Core_I/Area.Core/Implement_Debug_Logic.Master_Core.Debug_Area/Serial_Dbg_Intf.New_Instr_Reg_TCK_reg[22]/C
                         clock pessimism             -0.123     1.606    
    SLICE_X50Y47         FDCE (Hold_fdce_C_D)         0.063     1.669    u_cpu_unit/cpu_i/microblaze_mcs_0/inst/microblaze_I/U0/MicroBlaze_Core_I/Area.Core/Implement_Debug_Logic.Master_Core.Debug_Area/Serial_Dbg_Intf.New_Instr_Reg_TCK_reg[22]
  -------------------------------------------------------------------
                         required time                         -1.669    
                         arrival time                           1.845    
  -------------------------------------------------------------------
                         slack                                  0.176    

Slack (MET) :             0.176ns  (arrival time - required time)
  Source:                 u_cpu_unit/cpu_i/microblaze_mcs_0/inst/mdm_0/U0/MDM_Core_I1/JTAG_CONTROL_I/Use_Serial_Unified_Completion.mb_instr_overrun_reg/C
                            (rising edge-triggered cell FDCE clocked by u_cpu_unit/cpu_i/microblaze_mcs_0/inst/mdm_0/U0/Use_E2.BSCAN_I/Use_E2.BSCANE2_I/DRCK  {rise@0.000ns fall@16.667ns period=33.333ns})
  Destination:            u_cpu_unit/cpu_i/microblaze_mcs_0/inst/mdm_0/U0/MDM_Core_I1/JTAG_CONTROL_I/Use_Serial_Unified_Completion.sample_1_reg[10]/D
                            (rising edge-triggered cell FDCE clocked by u_cpu_unit/cpu_i/microblaze_mcs_0/inst/mdm_0/U0/Use_E2.BSCAN_I/Use_E2.BSCANE2_I/DRCK  {rise@0.000ns fall@16.667ns period=33.333ns})
  Path Group:             u_cpu_unit/cpu_i/microblaze_mcs_0/inst/mdm_0/U0/Use_E2.BSCAN_I/Use_E2.BSCANE2_I/DRCK
  Path Type:              Hold (Min at Fast Process Corner)
  Requirement:            0.000ns  (u_cpu_unit/cpu_i/microblaze_mcs_0/inst/mdm_0/U0/Use_E2.BSCAN_I/Use_E2.BSCANE2_I/DRCK rise@0.000ns - u_cpu_unit/cpu_i/microblaze_mcs_0/inst/mdm_0/U0/Use_E2.BSCAN_I/Use_E2.BSCANE2_I/DRCK rise@0.000ns)
  Data Path Delay:        0.262ns  (logic 0.141ns (53.721%)  route 0.121ns (46.279%))
  Logic Levels:           0  
  Clock Path Skew:        0.016ns (DCD - SCD - CPR)
    Destination Clock Delay (DCD):    1.720ns
    Source Clock Delay      (SCD):    1.329ns
    Clock Pessimism Removal (CPR):    0.376ns

    Location             Delay type                Incr(ns)  Path(ns)    Netlist Resource(s)
  -------------------------------------------------------------------    -------------------
                         (clock u_cpu_unit/cpu_i/microblaze_mcs_0/inst/mdm_0/U0/Use_E2.BSCAN_I/Use_E2.BSCANE2_I/DRCK rise edge)
                                                      0.000     0.000 r  
    BSCAN_X0Y1           BSCANE2                      0.000     0.000 r  u_cpu_unit/cpu_i/microblaze_mcs_0/inst/mdm_0/U0/Use_E2.BSCAN_I/Use_E2.BSCANE2_I/DRCK
                         net (fo=1, routed)           0.743     0.743    u_cpu_unit/cpu_i/microblaze_mcs_0/inst/mdm_0/U0/No_Dbg_Reg_Access.BUFG_DRCK/drck_i
    BUFGCTRL_X0Y1        BUFG (Prop_bufg_I_O)         0.026     0.769 r  u_cpu_unit/cpu_i/microblaze_mcs_0/inst/mdm_0/U0/No_Dbg_Reg_Access.BUFG_DRCK/Using_FPGA.Native/O
                         net (fo=231, routed)         0.560     1.329    u_cpu_unit/cpu_i/microblaze_mcs_0/inst/mdm_0/U0/MDM_Core_I1/JTAG_CONTROL_I/Use_BSCAN.PORT_Selector_reg[0]
    SLICE_X31Y59         FDCE                                         r  u_cpu_unit/cpu_i/microblaze_mcs_0/inst/mdm_0/U0/MDM_Core_I1/JTAG_CONTROL_I/Use_Serial_Unified_Completion.mb_instr_overrun_reg/C
  -------------------------------------------------------------------    -------------------
    SLICE_X31Y59         FDCE (Prop_fdce_C_Q)         0.141     1.470 r  u_cpu_unit/cpu_i/microblaze_mcs_0/inst/mdm_0/U0/MDM_Core_I1/JTAG_CONTROL_I/Use_Serial_Unified_Completion.mb_instr_overrun_reg/Q
                         net (fo=3, routed)           0.121     1.591    u_cpu_unit/cpu_i/microblaze_mcs_0/inst/mdm_0/U0/MDM_Core_I1/JTAG_CONTROL_I/mb_instr_overrun
    SLICE_X33Y59         FDCE                                         r  u_cpu_unit/cpu_i/microblaze_mcs_0/inst/mdm_0/U0/MDM_Core_I1/JTAG_CONTROL_I/Use_Serial_Unified_Completion.sample_1_reg[10]/D
  -------------------------------------------------------------------    -------------------

                         (clock u_cpu_unit/cpu_i/microblaze_mcs_0/inst/mdm_0/U0/Use_E2.BSCAN_I/Use_E2.BSCANE2_I/DRCK rise edge)
                                                      0.000     0.000 r  
    BSCAN_X0Y1           BSCANE2                      0.000     0.000 r  u_cpu_unit/cpu_i/microblaze_mcs_0/inst/mdm_0/U0/Use_E2.BSCAN_I/Use_E2.BSCANE2_I/DRCK
                         net (fo=1, routed)           0.863     0.863    u_cpu_unit/cpu_i/microblaze_mcs_0/inst/mdm_0/U0/No_Dbg_Reg_Access.BUFG_DRCK/drck_i
    BUFGCTRL_X0Y1        BUFG (Prop_bufg_I_O)         0.029     0.892 r  u_cpu_unit/cpu_i/microblaze_mcs_0/inst/mdm_0/U0/No_Dbg_Reg_Access.BUFG_DRCK/Using_FPGA.Native/O
                         net (fo=231, routed)         0.828     1.720    u_cpu_unit/cpu_i/microblaze_mcs_0/inst/mdm_0/U0/MDM_Core_I1/JTAG_CONTROL_I/Use_BSCAN.PORT_Selector_reg[0]
    SLICE_X33Y59         FDCE                                         r  u_cpu_unit/cpu_i/microblaze_mcs_0/inst/mdm_0/U0/MDM_Core_I1/JTAG_CONTROL_I/Use_Serial_Unified_Completion.sample_1_reg[10]/C
                         clock pessimism             -0.376     1.345    
    SLICE_X33Y59         FDCE (Hold_fdce_C_D)         0.070     1.415    u_cpu_unit/cpu_i/microblaze_mcs_0/inst/mdm_0/U0/MDM_Core_I1/JTAG_CONTROL_I/Use_Serial_Unified_Completion.sample_1_reg[10]
  -------------------------------------------------------------------
                         required time                         -1.415    
                         arrival time                           1.591    
  -------------------------------------------------------------------
                         slack                                  0.176    

Slack (MET) :             0.179ns  (arrival time - required time)
  Source:                 u_cpu_unit/cpu_i/microblaze_mcs_0/inst/microblaze_I/U0/MicroBlaze_Core_I/Area.Core/Implement_Debug_Logic.Master_Core.Debug_Area/Serial_Dbg_Intf.shift_datain_reg[6]/C
                            (rising edge-triggered cell FDCE clocked by u_cpu_unit/cpu_i/microblaze_mcs_0/inst/mdm_0/U0/Use_E2.BSCAN_I/Use_E2.BSCANE2_I/DRCK  {rise@0.000ns fall@16.667ns period=33.333ns})
  Destination:            u_cpu_unit/cpu_i/microblaze_mcs_0/inst/microblaze_I/U0/MicroBlaze_Core_I/Area.Core/Implement_Debug_Logic.Master_Core.Debug_Area/Serial_Dbg_Intf.New_Instr_Reg_TCK_reg[5]/D
                            (rising edge-triggered cell FDCE clocked by u_cpu_unit/cpu_i/microblaze_mcs_0/inst/mdm_0/U0/Use_E2.BSCAN_I/Use_E2.BSCANE2_I/DRCK  {rise@0.000ns fall@16.667ns period=33.333ns})
  Path Group:             u_cpu_unit/cpu_i/microblaze_mcs_0/inst/mdm_0/U0/Use_E2.BSCAN_I/Use_E2.BSCANE2_I/DRCK
  Path Type:              Hold (Min at Fast Process Corner)
  Requirement:            0.000ns  (u_cpu_unit/cpu_i/microblaze_mcs_0/inst/mdm_0/U0/Use_E2.BSCAN_I/Use_E2.BSCANE2_I/DRCK rise@0.000ns - u_cpu_unit/cpu_i/microblaze_mcs_0/inst/mdm_0/U0/Use_E2.BSCAN_I/Use_E2.BSCANE2_I/DRCK rise@0.000ns)
  Data Path Delay:        0.264ns  (logic 0.141ns (53.464%)  route 0.123ns (46.536%))
  Logic Levels:           0  
  Clock Path Skew:        0.015ns (DCD - SCD - CPR)
    Destination Clock Delay (DCD):    1.727ns
    Source Clock Delay      (SCD):    1.335ns
    Clock Pessimism Removal (CPR):    0.377ns

    Location             Delay type                Incr(ns)  Path(ns)    Netlist Resource(s)
  -------------------------------------------------------------------    -------------------
                         (clock u_cpu_unit/cpu_i/microblaze_mcs_0/inst/mdm_0/U0/Use_E2.BSCAN_I/Use_E2.BSCANE2_I/DRCK rise edge)
                                                      0.000     0.000 r  
    BSCAN_X0Y1           BSCANE2                      0.000     0.000 r  u_cpu_unit/cpu_i/microblaze_mcs_0/inst/mdm_0/U0/Use_E2.BSCAN_I/Use_E2.BSCANE2_I/DRCK
                         net (fo=1, routed)           0.743     0.743    u_cpu_unit/cpu_i/microblaze_mcs_0/inst/mdm_0/U0/No_Dbg_Reg_Access.BUFG_DRCK/drck_i
    BUFGCTRL_X0Y1        BUFG (Prop_bufg_I_O)         0.026     0.769 r  u_cpu_unit/cpu_i/microblaze_mcs_0/inst/mdm_0/U0/No_Dbg_Reg_Access.BUFG_DRCK/Using_FPGA.Native/O
                         net (fo=231, routed)         0.567     1.335    u_cpu_unit/cpu_i/microblaze_mcs_0/inst/microblaze_I/U0/MicroBlaze_Core_I/Area.Core/Implement_Debug_Logic.Master_Core.Debug_Area/Dbg_Clk
    SLICE_X48Y47         FDCE                                         r  u_cpu_unit/cpu_i/microblaze_mcs_0/inst/microblaze_I/U0/MicroBlaze_Core_I/Area.Core/Implement_Debug_Logic.Master_Core.Debug_Area/Serial_Dbg_Intf.shift_datain_reg[6]/C
  -------------------------------------------------------------------    -------------------
    SLICE_X48Y47         FDCE (Prop_fdce_C_Q)         0.141     1.476 r  u_cpu_unit/cpu_i/microblaze_mcs_0/inst/microblaze_I/U0/MicroBlaze_Core_I/Area.Core/Implement_Debug_Logic.Master_Core.Debug_Area/Serial_Dbg_Intf.shift_datain_reg[6]/Q
                         net (fo=2, routed)           0.123     1.599    u_cpu_unit/cpu_i/microblaze_mcs_0/inst/microblaze_I/U0/MicroBlaze_Core_I/Area.Core/Implement_Debug_Logic.Master_Core.Debug_Area/Serial_Dbg_Intf.shift_datain_reg_n_0_[6]
    SLICE_X49Y46         FDCE                                         r  u_cpu_unit/cpu_i/microblaze_mcs_0/inst/microblaze_I/U0/MicroBlaze_Core_I/Area.Core/Implement_Debug_Logic.Master_Core.Debug_Area/Serial_Dbg_Intf.New_Instr_Reg_TCK_reg[5]/D
  -------------------------------------------------------------------    -------------------

                         (clock u_cpu_unit/cpu_i/microblaze_mcs_0/inst/mdm_0/U0/Use_E2.BSCAN_I/Use_E2.BSCANE2_I/DRCK rise edge)
                                                      0.000     0.000 r  
    BSCAN_X0Y1           BSCANE2                      0.000     0.000 r  u_cpu_unit/cpu_i/microblaze_mcs_0/inst/mdm_0/U0/Use_E2.BSCAN_I/Use_E2.BSCANE2_I/DRCK
                         net (fo=1, routed)           0.863     0.863    u_cpu_unit/cpu_i/microblaze_mcs_0/inst/mdm_0/U0/No_Dbg_Reg_Access.BUFG_DRCK/drck_i
    BUFGCTRL_X0Y1        BUFG (Prop_bufg_I_O)         0.029     0.892 r  u_cpu_unit/cpu_i/microblaze_mcs_0/inst/mdm_0/U0/No_Dbg_Reg_Access.BUFG_DRCK/Using_FPGA.Native/O
                         net (fo=231, routed)         0.836     1.727    u_cpu_unit/cpu_i/microblaze_mcs_0/inst/microblaze_I/U0/MicroBlaze_Core_I/Area.Core/Implement_Debug_Logic.Master_Core.Debug_Area/Dbg_Clk
    SLICE_X49Y46         FDCE                                         r  u_cpu_unit/cpu_i/microblaze_mcs_0/inst/microblaze_I/U0/MicroBlaze_Core_I/Area.Core/Implement_Debug_Logic.Master_Core.Debug_Area/Serial_Dbg_Intf.New_Instr_Reg_TCK_reg[5]/C
                         clock pessimism             -0.377     1.350    
    SLICE_X49Y46         FDCE (Hold_fdce_C_D)         0.070     1.420    u_cpu_unit/cpu_i/microblaze_mcs_0/inst/microblaze_I/U0/MicroBlaze_Core_I/Area.Core/Implement_Debug_Logic.Master_Core.Debug_Area/Serial_Dbg_Intf.New_Instr_Reg_TCK_reg[5]
  -------------------------------------------------------------------
                         required time                         -1.420    
                         arrival time                           1.599    
  -------------------------------------------------------------------
                         slack                                  0.179    

Slack (MET) :             0.182ns  (arrival time - required time)
  Source:                 u_cpu_unit/cpu_i/microblaze_mcs_0/inst/microblaze_I/U0/MicroBlaze_Core_I/Area.Core/Implement_Debug_Logic.Master_Core.Debug_Area/Serial_Dbg_Intf.shift_datain_reg[24]/C
                            (rising edge-triggered cell FDCE clocked by u_cpu_unit/cpu_i/microblaze_mcs_0/inst/mdm_0/U0/Use_E2.BSCAN_I/Use_E2.BSCANE2_I/DRCK  {rise@0.000ns fall@16.667ns period=33.333ns})
  Destination:            u_cpu_unit/cpu_i/microblaze_mcs_0/inst/microblaze_I/U0/MicroBlaze_Core_I/Area.Core/Implement_Debug_Logic.Master_Core.Debug_Area/Serial_Dbg_Intf.New_Instr_Reg_TCK_reg[23]/D
                            (rising edge-triggered cell FDCE clocked by u_cpu_unit/cpu_i/microblaze_mcs_0/inst/mdm_0/U0/Use_E2.BSCAN_I/Use_E2.BSCANE2_I/DRCK  {rise@0.000ns fall@16.667ns period=33.333ns})
  Path Group:             u_cpu_unit/cpu_i/microblaze_mcs_0/inst/mdm_0/U0/Use_E2.BSCAN_I/Use_E2.BSCANE2_I/DRCK
  Path Type:              Hold (Min at Fast Process Corner)
  Requirement:            0.000ns  (u_cpu_unit/cpu_i/microblaze_mcs_0/inst/mdm_0/U0/Use_E2.BSCAN_I/Use_E2.BSCANE2_I/DRCK rise@0.000ns - u_cpu_unit/cpu_i/microblaze_mcs_0/inst/mdm_0/U0/Use_E2.BSCAN_I/Use_E2.BSCANE2_I/DRCK rise@0.000ns)
  Data Path Delay:        0.276ns  (logic 0.141ns (51.082%)  route 0.135ns (48.918%))
  Logic Levels:           0  
  Clock Path Skew:        0.035ns (DCD - SCD - CPR)
    Destination Clock Delay (DCD):    1.721ns
    Source Clock Delay      (SCD):    1.330ns
    Clock Pessimism Removal (CPR):    0.357ns

    Location             Delay type                Incr(ns)  Path(ns)    Netlist Resource(s)
  -------------------------------------------------------------------    -------------------
                         (clock u_cpu_unit/cpu_i/microblaze_mcs_0/inst/mdm_0/U0/Use_E2.BSCAN_I/Use_E2.BSCANE2_I/DRCK rise edge)
                                                      0.000     0.000 r  
    BSCAN_X0Y1           BSCANE2                      0.000     0.000 r  u_cpu_unit/cpu_i/microblaze_mcs_0/inst/mdm_0/U0/Use_E2.BSCAN_I/Use_E2.BSCANE2_I/DRCK
                         net (fo=1, routed)           0.743     0.743    u_cpu_unit/cpu_i/microblaze_mcs_0/inst/mdm_0/U0/No_Dbg_Reg_Access.BUFG_DRCK/drck_i
    BUFGCTRL_X0Y1        BUFG (Prop_bufg_I_O)         0.026     0.769 r  u_cpu_unit/cpu_i/microblaze_mcs_0/inst/mdm_0/U0/No_Dbg_Reg_Access.BUFG_DRCK/Using_FPGA.Native/O
                         net (fo=231, routed)         0.561     1.330    u_cpu_unit/cpu_i/microblaze_mcs_0/inst/microblaze_I/U0/MicroBlaze_Core_I/Area.Core/Implement_Debug_Logic.Master_Core.Debug_Area/Dbg_Clk
    SLICE_X40Y55         FDCE                                         r  u_cpu_unit/cpu_i/microblaze_mcs_0/inst/microblaze_I/U0/MicroBlaze_Core_I/Area.Core/Implement_Debug_Logic.Master_Core.Debug_Area/Serial_Dbg_Intf.shift_datain_reg[24]/C
  -------------------------------------------------------------------    -------------------
    SLICE_X40Y55         FDCE (Prop_fdce_C_Q)         0.141     1.471 r  u_cpu_unit/cpu_i/microblaze_mcs_0/inst/microblaze_I/U0/MicroBlaze_Core_I/Area.Core/Implement_Debug_Logic.Master_Core.Debug_Area/Serial_Dbg_Intf.shift_datain_reg[24]/Q
                         net (fo=3, routed)           0.135     1.606    u_cpu_unit/cpu_i/microblaze_mcs_0/inst/microblaze_I/U0/MicroBlaze_Core_I/Area.Core/Implement_Debug_Logic.Master_Core.Debug_Area/Serial_Dbg_Intf.shift_datain_reg_n_0_[24]
    SLICE_X38Y55         FDCE                                         r  u_cpu_unit/cpu_i/microblaze_mcs_0/inst/microblaze_I/U0/MicroBlaze_Core_I/Area.Core/Implement_Debug_Logic.Master_Core.Debug_Area/Serial_Dbg_Intf.New_Instr_Reg_TCK_reg[23]/D
  -------------------------------------------------------------------    -------------------

                         (clock u_cpu_unit/cpu_i/microblaze_mcs_0/inst/mdm_0/U0/Use_E2.BSCAN_I/Use_E2.BSCANE2_I/DRCK rise edge)
                                                      0.000     0.000 r  
    BSCAN_X0Y1           BSCANE2                      0.000     0.000 r  u_cpu_unit/cpu_i/microblaze_mcs_0/inst/mdm_0/U0/Use_E2.BSCAN_I/Use_E2.BSCANE2_I/DRCK
                         net (fo=1, routed)           0.863     0.863    u_cpu_unit/cpu_i/microblaze_mcs_0/inst/mdm_0/U0/No_Dbg_Reg_Access.BUFG_DRCK/drck_i
    BUFGCTRL_X0Y1        BUFG (Prop_bufg_I_O)         0.029     0.892 r  u_cpu_unit/cpu_i/microblaze_mcs_0/inst/mdm_0/U0/No_Dbg_Reg_Access.BUFG_DRCK/Using_FPGA.Native/O
                         net (fo=231, routed)         0.829     1.721    u_cpu_unit/cpu_i/microblaze_mcs_0/inst/microblaze_I/U0/MicroBlaze_Core_I/Area.Core/Implement_Debug_Logic.Master_Core.Debug_Area/Dbg_Clk
    SLICE_X38Y55         FDCE                                         r  u_cpu_unit/cpu_i/microblaze_mcs_0/inst/microblaze_I/U0/MicroBlaze_Core_I/Area.Core/Implement_Debug_Logic.Master_Core.Debug_Area/Serial_Dbg_Intf.New_Instr_Reg_TCK_reg[23]/C
                         clock pessimism             -0.357     1.365    
    SLICE_X38Y55         FDCE (Hold_fdce_C_D)         0.059     1.424    u_cpu_unit/cpu_i/microblaze_mcs_0/inst/microblaze_I/U0/MicroBlaze_Core_I/Area.Core/Implement_Debug_Logic.Master_Core.Debug_Area/Serial_Dbg_Intf.New_Instr_Reg_TCK_reg[23]
  -------------------------------------------------------------------
                         required time                         -1.424    
                         arrival time                           1.606    
  -------------------------------------------------------------------
                         slack                                  0.182    

Slack (MET) :             0.182ns  (arrival time - required time)
  Source:                 u_cpu_unit/cpu_i/microblaze_mcs_0/inst/microblaze_I/U0/MicroBlaze_Core_I/Area.Core/Implement_Debug_Logic.Master_Core.Debug_Area/Serial_Dbg_Intf.sync_dbg_brk_hit/Single_Synchronize.use_async_reset.sync_reg/C
                            (rising edge-triggered cell FDCE clocked by u_cpu_unit/cpu_i/microblaze_mcs_0/inst/mdm_0/U0/Use_E2.BSCAN_I/Use_E2.BSCANE2_I/DRCK  {rise@0.000ns fall@16.667ns period=33.333ns})
  Destination:            u_cpu_unit/cpu_i/microblaze_mcs_0/inst/microblaze_I/U0/MicroBlaze_Core_I/Area.Core/Implement_Debug_Logic.Master_Core.Debug_Area/Serial_Dbg_Intf.status_reg_reg[23]/D
                            (rising edge-triggered cell FDCE clocked by u_cpu_unit/cpu_i/microblaze_mcs_0/inst/mdm_0/U0/Use_E2.BSCAN_I/Use_E2.BSCANE2_I/DRCK  {rise@0.000ns fall@16.667ns period=33.333ns})
  Path Group:             u_cpu_unit/cpu_i/microblaze_mcs_0/inst/mdm_0/U0/Use_E2.BSCAN_I/Use_E2.BSCANE2_I/DRCK
  Path Type:              Hold (Min at Fast Process Corner)
  Requirement:            0.000ns  (u_cpu_unit/cpu_i/microblaze_mcs_0/inst/mdm_0/U0/Use_E2.BSCAN_I/Use_E2.BSCANE2_I/DRCK rise@0.000ns - u_cpu_unit/cpu_i/microblaze_mcs_0/inst/mdm_0/U0/Use_E2.BSCAN_I/Use_E2.BSCANE2_I/DRCK rise@0.000ns)
  Data Path Delay:        0.263ns  (logic 0.164ns (62.254%)  route 0.099ns (37.746%))
  Logic Levels:           0  
  Clock Path Skew:        0.015ns (DCD - SCD - CPR)
    Destination Clock Delay (DCD):    1.718ns
    Source Clock Delay      (SCD):    1.327ns
    Clock Pessimism Removal (CPR):    0.377ns

    Location             Delay type                Incr(ns)  Path(ns)    Netlist Resource(s)
  -------------------------------------------------------------------    -------------------
                         (clock u_cpu_unit/cpu_i/microblaze_mcs_0/inst/mdm_0/U0/Use_E2.BSCAN_I/Use_E2.BSCANE2_I/DRCK rise edge)
                                                      0.000     0.000 r  
    BSCAN_X0Y1           BSCANE2                      0.000     0.000 r  u_cpu_unit/cpu_i/microblaze_mcs_0/inst/mdm_0/U0/Use_E2.BSCAN_I/Use_E2.BSCANE2_I/DRCK
                         net (fo=1, routed)           0.743     0.743    u_cpu_unit/cpu_i/microblaze_mcs_0/inst/mdm_0/U0/No_Dbg_Reg_Access.BUFG_DRCK/drck_i
    BUFGCTRL_X0Y1        BUFG (Prop_bufg_I_O)         0.026     0.769 r  u_cpu_unit/cpu_i/microblaze_mcs_0/inst/mdm_0/U0/No_Dbg_Reg_Access.BUFG_DRCK/Using_FPGA.Native/O
                         net (fo=231, routed)         0.558     1.327    u_cpu_unit/cpu_i/microblaze_mcs_0/inst/microblaze_I/U0/MicroBlaze_Core_I/Area.Core/Implement_Debug_Logic.Master_Core.Debug_Area/Serial_Dbg_Intf.sync_dbg_brk_hit/Dbg_Clk
    SLICE_X42Y62         FDCE                                         r  u_cpu_unit/cpu_i/microblaze_mcs_0/inst/microblaze_I/U0/MicroBlaze_Core_I/Area.Core/Implement_Debug_Logic.Master_Core.Debug_Area/Serial_Dbg_Intf.sync_dbg_brk_hit/Single_Synchronize.use_async_reset.sync_reg/C
  -------------------------------------------------------------------    -------------------
    SLICE_X42Y62         FDCE (Prop_fdce_C_Q)         0.164     1.491 r  u_cpu_unit/cpu_i/microblaze_mcs_0/inst/microblaze_I/U0/MicroBlaze_Core_I/Area.Core/Implement_Debug_Logic.Master_Core.Debug_Area/Serial_Dbg_Intf.sync_dbg_brk_hit/Single_Synchronize.use_async_reset.sync_reg/Q
                         net (fo=1, routed)           0.099     1.590    u_cpu_unit/cpu_i/microblaze_mcs_0/inst/microblaze_I/U0/MicroBlaze_Core_I/Area.Core/Implement_Debug_Logic.Master_Core.Debug_Area/dbg_brki_hit_synced
    SLICE_X40Y62         FDCE                                         r  u_cpu_unit/cpu_i/microblaze_mcs_0/inst/microblaze_I/U0/MicroBlaze_Core_I/Area.Core/Implement_Debug_Logic.Master_Core.Debug_Area/Serial_Dbg_Intf.status_reg_reg[23]/D
  -------------------------------------------------------------------    -------------------

                         (clock u_cpu_unit/cpu_i/microblaze_mcs_0/inst/mdm_0/U0/Use_E2.BSCAN_I/Use_E2.BSCANE2_I/DRCK rise edge)
                                                      0.000     0.000 r  
    BSCAN_X0Y1           BSCANE2                      0.000     0.000 r  u_cpu_unit/cpu_i/microblaze_mcs_0/inst/mdm_0/U0/Use_E2.BSCAN_I/Use_E2.BSCANE2_I/DRCK
                         net (fo=1, routed)           0.863     0.863    u_cpu_unit/cpu_i/microblaze_mcs_0/inst/mdm_0/U0/No_Dbg_Reg_Access.BUFG_DRCK/drck_i
    BUFGCTRL_X0Y1        BUFG (Prop_bufg_I_O)         0.029     0.892 r  u_cpu_unit/cpu_i/microblaze_mcs_0/inst/mdm_0/U0/No_Dbg_Reg_Access.BUFG_DRCK/Using_FPGA.Native/O
                         net (fo=231, routed)         0.827     1.718    u_cpu_unit/cpu_i/microblaze_mcs_0/inst/microblaze_I/U0/MicroBlaze_Core_I/Area.Core/Implement_Debug_Logic.Master_Core.Debug_Area/Dbg_Clk
    SLICE_X40Y62         FDCE                                         r  u_cpu_unit/cpu_i/microblaze_mcs_0/inst/microblaze_I/U0/MicroBlaze_Core_I/Area.Core/Implement_Debug_Logic.Master_Core.Debug_Area/Serial_Dbg_Intf.status_reg_reg[23]/C
                         clock pessimism             -0.377     1.342    
    SLICE_X40Y62         FDCE (Hold_fdce_C_D)         0.066     1.408    u_cpu_unit/cpu_i/microblaze_mcs_0/inst/microblaze_I/U0/MicroBlaze_Core_I/Area.Core/Implement_Debug_Logic.Master_Core.Debug_Area/Serial_Dbg_Intf.status_reg_reg[23]
  -------------------------------------------------------------------
                         required time                         -1.408    
                         arrival time                           1.590    
  -------------------------------------------------------------------
                         slack                                  0.182    

Slack (MET) :             0.184ns  (arrival time - required time)
  Source:                 u_cpu_unit/cpu_i/microblaze_mcs_0/inst/mdm_0/U0/MDM_Core_I1/JTAG_CONTROL_I/Use_Serial_Unified_Completion.count_reg[4]/C
                            (rising edge-triggered cell FDCE clocked by u_cpu_unit/cpu_i/microblaze_mcs_0/inst/mdm_0/U0/Use_E2.BSCAN_I/Use_E2.BSCANE2_I/DRCK  {rise@0.000ns fall@16.667ns period=33.333ns})
  Destination:            u_cpu_unit/cpu_i/microblaze_mcs_0/inst/mdm_0/U0/MDM_Core_I1/JTAG_CONTROL_I/Use_Serial_Unified_Completion.count_reg[1]__0/D
                            (rising edge-triggered cell FDCE clocked by u_cpu_unit/cpu_i/microblaze_mcs_0/inst/mdm_0/U0/Use_E2.BSCAN_I/Use_E2.BSCANE2_I/DRCK  {rise@0.000ns fall@16.667ns period=33.333ns})
  Path Group:             u_cpu_unit/cpu_i/microblaze_mcs_0/inst/mdm_0/U0/Use_E2.BSCAN_I/Use_E2.BSCANE2_I/DRCK
  Path Type:              Hold (Min at Fast Process Corner)
  Requirement:            0.000ns  (u_cpu_unit/cpu_i/microblaze_mcs_0/inst/mdm_0/U0/Use_E2.BSCAN_I/Use_E2.BSCANE2_I/DRCK rise@0.000ns - u_cpu_unit/cpu_i/microblaze_mcs_0/inst/mdm_0/U0/Use_E2.BSCAN_I/Use_E2.BSCANE2_I/DRCK rise@0.000ns)
  Data Path Delay:        0.289ns  (logic 0.209ns (72.372%)  route 0.080ns (27.628%))
  Logic Levels:           1  (LUT6=1)
  Clock Path Skew:        0.013ns (DCD - SCD - CPR)
    Destination Clock Delay (DCD):    1.717ns
    Source Clock Delay      (SCD):    1.327ns
    Clock Pessimism Removal (CPR):    0.378ns

    Location             Delay type                Incr(ns)  Path(ns)    Netlist Resource(s)
  -------------------------------------------------------------------    -------------------
                         (clock u_cpu_unit/cpu_i/microblaze_mcs_0/inst/mdm_0/U0/Use_E2.BSCAN_I/Use_E2.BSCANE2_I/DRCK rise edge)
                                                      0.000     0.000 r  
    BSCAN_X0Y1           BSCANE2                      0.000     0.000 r  u_cpu_unit/cpu_i/microblaze_mcs_0/inst/mdm_0/U0/Use_E2.BSCAN_I/Use_E2.BSCANE2_I/DRCK
                         net (fo=1, routed)           0.743     0.743    u_cpu_unit/cpu_i/microblaze_mcs_0/inst/mdm_0/U0/No_Dbg_Reg_Access.BUFG_DRCK/drck_i
    BUFGCTRL_X0Y1        BUFG (Prop_bufg_I_O)         0.026     0.769 r  u_cpu_unit/cpu_i/microblaze_mcs_0/inst/mdm_0/U0/No_Dbg_Reg_Access.BUFG_DRCK/Using_FPGA.Native/O
                         net (fo=231, routed)         0.558     1.327    u_cpu_unit/cpu_i/microblaze_mcs_0/inst/mdm_0/U0/MDM_Core_I1/JTAG_CONTROL_I/Use_BSCAN.PORT_Selector_reg[0]
    SLICE_X30Y62         FDCE                                         r  u_cpu_unit/cpu_i/microblaze_mcs_0/inst/mdm_0/U0/MDM_Core_I1/JTAG_CONTROL_I/Use_Serial_Unified_Completion.count_reg[4]/C
  -------------------------------------------------------------------    -------------------
    SLICE_X30Y62         FDCE (Prop_fdce_C_Q)         0.164     1.491 r  u_cpu_unit/cpu_i/microblaze_mcs_0/inst/mdm_0/U0/MDM_Core_I1/JTAG_CONTROL_I/Use_Serial_Unified_Completion.count_reg[4]/Q
                         net (fo=6, routed)           0.080     1.570    u_cpu_unit/cpu_i/microblaze_mcs_0/inst/mdm_0/U0/MDM_Core_I1/JTAG_CONTROL_I/Use_Serial_Unified_Completion.count_reg__1[4]
    SLICE_X31Y62         LUT6 (Prop_lut6_I1_O)        0.045     1.615 r  u_cpu_unit/cpu_i/microblaze_mcs_0/inst/mdm_0/U0/MDM_Core_I1/JTAG_CONTROL_I/Use_Serial_Unified_Completion.count[1]__0_i_1/O
                         net (fo=1, routed)           0.000     1.615    u_cpu_unit/cpu_i/microblaze_mcs_0/inst/mdm_0/U0/MDM_Core_I1/JTAG_CONTROL_I/p_0_in[4]
    SLICE_X31Y62         FDCE                                         r  u_cpu_unit/cpu_i/microblaze_mcs_0/inst/mdm_0/U0/MDM_Core_I1/JTAG_CONTROL_I/Use_Serial_Unified_Completion.count_reg[1]__0/D
  -------------------------------------------------------------------    -------------------

                         (clock u_cpu_unit/cpu_i/microblaze_mcs_0/inst/mdm_0/U0/Use_E2.BSCAN_I/Use_E2.BSCANE2_I/DRCK rise edge)
                                                      0.000     0.000 r  
    BSCAN_X0Y1           BSCANE2                      0.000     0.000 r  u_cpu_unit/cpu_i/microblaze_mcs_0/inst/mdm_0/U0/Use_E2.BSCAN_I/Use_E2.BSCANE2_I/DRCK
                         net (fo=1, routed)           0.863     0.863    u_cpu_unit/cpu_i/microblaze_mcs_0/inst/mdm_0/U0/No_Dbg_Reg_Access.BUFG_DRCK/drck_i
    BUFGCTRL_X0Y1        BUFG (Prop_bufg_I_O)         0.029     0.892 r  u_cpu_unit/cpu_i/microblaze_mcs_0/inst/mdm_0/U0/No_Dbg_Reg_Access.BUFG_DRCK/Using_FPGA.Native/O
                         net (fo=231, routed)         0.825     1.717    u_cpu_unit/cpu_i/microblaze_mcs_0/inst/mdm_0/U0/MDM_Core_I1/JTAG_CONTROL_I/Use_BSCAN.PORT_Selector_reg[0]
    SLICE_X31Y62         FDCE                                         r  u_cpu_unit/cpu_i/microblaze_mcs_0/inst/mdm_0/U0/MDM_Core_I1/JTAG_CONTROL_I/Use_Serial_Unified_Completion.count_reg[1]__0/C
                         clock pessimism             -0.378     1.340    
    SLICE_X31Y62         FDCE (Hold_fdce_C_D)         0.092     1.432    u_cpu_unit/cpu_i/microblaze_mcs_0/inst/mdm_0/U0/MDM_Core_I1/JTAG_CONTROL_I/Use_Serial_Unified_Completion.count_reg[1]__0
  -------------------------------------------------------------------
                         required time                         -1.432    
                         arrival time                           1.615    
  -------------------------------------------------------------------
                         slack                                  0.184    





Pulse Width Checks
--------------------------------------------------------------------------------------
Clock Name:         u_cpu_unit/cpu_i/microblaze_mcs_0/inst/mdm_0/U0/Use_E2.BSCAN_I/Use_E2.BSCANE2_I/DRCK
Waveform(ns):       { 0.000 16.667 }
Period(ns):         33.333
Sources:            { u_cpu_unit/cpu_i/microblaze_mcs_0/inst/mdm_0/U0/Use_E2.BSCAN_I/Use_E2.BSCANE2_I/DRCK }

Check Type        Corner  Lib Pin      Reference Pin  Required(ns)  Actual(ns)  Slack(ns)  Location       Pin
Min Period        n/a     BUFG/I       n/a            1.592         33.333      31.741     BUFGCTRL_X0Y1  u_cpu_unit/cpu_i/microblaze_mcs_0/inst/mdm_0/U0/No_Dbg_Reg_Access.BUFG_DRCK/Using_FPGA.Native/I
Min Period        n/a     FDRE/C       n/a            1.000         33.333      32.333     SLICE_X34Y58   u_cpu_unit/cpu_i/microblaze_mcs_0/inst/mdm_0/U0/MDM_Core_I1/JTAG_CONTROL_I/Use_BSCAN.SYNC_FDRE/Using_FPGA.Native/C
Min Period        n/a     FDCE/C       n/a            1.000         33.333      32.333     SLICE_X32Y60   u_cpu_unit/cpu_i/microblaze_mcs_0/inst/mdm_0/U0/MDM_Core_I1/JTAG_CONTROL_I/Use_Serial_Unified_Completion.completion_block_reg/C
Min Period        n/a     FDCE/C       n/a            1.000         33.333      32.333     SLICE_X28Y58   u_cpu_unit/cpu_i/microblaze_mcs_0/inst/mdm_0/U0/MDM_Core_I1/JTAG_CONTROL_I/Use_Serial_Unified_Completion.completion_status_reg[0]/C
Min Period        n/a     FDCE/C       n/a            1.000         33.333      32.333     SLICE_X29Y59   u_cpu_unit/cpu_i/microblaze_mcs_0/inst/mdm_0/U0/MDM_Core_I1/JTAG_CONTROL_I/Use_Serial_Unified_Completion.completion_status_reg[10]/C
Min Period        n/a     FDCE/C       n/a            1.000         33.333      32.333     SLICE_X29Y59   u_cpu_unit/cpu_i/microblaze_mcs_0/inst/mdm_0/U0/MDM_Core_I1/JTAG_CONTROL_I/Use_Serial_Unified_Completion.completion_status_reg[11]/C
Min Period        n/a     FDCE/C       n/a            1.000         33.333      32.333     SLICE_X29Y59   u_cpu_unit/cpu_i/microblaze_mcs_0/inst/mdm_0/U0/MDM_Core_I1/JTAG_CONTROL_I/Use_Serial_Unified_Completion.completion_status_reg[12]/C
Min Period        n/a     FDCE/C       n/a            1.000         33.333      32.333     SLICE_X30Y60   u_cpu_unit/cpu_i/microblaze_mcs_0/inst/mdm_0/U0/MDM_Core_I1/JTAG_CONTROL_I/Use_Serial_Unified_Completion.completion_status_reg[13]/C
Min Period        n/a     FDCE/C       n/a            1.000         33.333      32.333     SLICE_X30Y60   u_cpu_unit/cpu_i/microblaze_mcs_0/inst/mdm_0/U0/MDM_Core_I1/JTAG_CONTROL_I/Use_Serial_Unified_Completion.completion_status_reg[14]/C
Min Period        n/a     FDCE/C       n/a            1.000         33.333      32.333     SLICE_X30Y60   u_cpu_unit/cpu_i/microblaze_mcs_0/inst/mdm_0/U0/MDM_Core_I1/JTAG_CONTROL_I/Use_Serial_Unified_Completion.completion_status_reg[15]/C
Low Pulse Width   Slow    SRL16E/CLK   n/a            0.854         16.666      15.812     SLICE_X30Y59   u_cpu_unit/cpu_i/microblaze_mcs_0/inst/mdm_0/U0/MDM_Core_I1/JTAG_CONTROL_I/Use_Config_SRL16E.SRL16E_1/Use_unisim.MB_SRL16E_I1/CLK
Low Pulse Width   Fast    SRL16E/CLK   n/a            0.854         16.666      15.812     SLICE_X30Y59   u_cpu_unit/cpu_i/microblaze_mcs_0/inst/mdm_0/U0/MDM_Core_I1/JTAG_CONTROL_I/Use_Config_SRL16E.SRL16E_1/Use_unisim.MB_SRL16E_I1/CLK
Low Pulse Width   Slow    SRL16E/CLK   n/a            0.854         16.666      15.812     SLICE_X30Y59   u_cpu_unit/cpu_i/microblaze_mcs_0/inst/mdm_0/U0/MDM_Core_I1/JTAG_CONTROL_I/Use_Config_SRL16E.SRL16E_2/Use_unisim.MB_SRL16E_I1/CLK
Low Pulse Width   Fast    SRL16E/CLK   n/a            0.854         16.666      15.812     SLICE_X30Y59   u_cpu_unit/cpu_i/microblaze_mcs_0/inst/mdm_0/U0/MDM_Core_I1/JTAG_CONTROL_I/Use_Config_SRL16E.SRL16E_2/Use_unisim.MB_SRL16E_I1/CLK
Low Pulse Width   Slow    SRL16E/CLK   n/a            0.854         16.666      15.812     SLICE_X30Y59   u_cpu_unit/cpu_i/microblaze_mcs_0/inst/mdm_0/U0/MDM_Core_I1/JTAG_CONTROL_I/Use_ID_SRL16E.SRL16E_ID_1/Use_unisim.MB_SRL16E_I1/CLK
Low Pulse Width   Fast    SRL16E/CLK   n/a            0.854         16.666      15.812     SLICE_X30Y59   u_cpu_unit/cpu_i/microblaze_mcs_0/inst/mdm_0/U0/MDM_Core_I1/JTAG_CONTROL_I/Use_ID_SRL16E.SRL16E_ID_1/Use_unisim.MB_SRL16E_I1/CLK
Low Pulse Width   Slow    SRL16E/CLK   n/a            0.854         16.666      15.812     SLICE_X30Y59   u_cpu_unit/cpu_i/microblaze_mcs_0/inst/mdm_0/U0/MDM_Core_I1/JTAG_CONTROL_I/Use_ID_SRL16E.SRL16E_ID_2/Use_unisim.MB_SRL16E_I1/CLK
Low Pulse Width   Fast    SRL16E/CLK   n/a            0.854         16.666      15.812     SLICE_X30Y59   u_cpu_unit/cpu_i/microblaze_mcs_0/inst/mdm_0/U0/MDM_Core_I1/JTAG_CONTROL_I/Use_ID_SRL16E.SRL16E_ID_2/Use_unisim.MB_SRL16E_I1/CLK
Low Pulse Width   Fast    SRL16E/CLK   n/a            0.854         16.666      15.812     SLICE_X54Y54   u_cpu_unit/cpu_i/microblaze_mcs_0/inst/microblaze_I/U0/MicroBlaze_Core_I/Area.Core/Implement_Debug_Logic.Master_Core.Debug_Area/Using_PC_Breakpoints.All_PC_Brks[0].Serial_Interface_1.address_hit_I/Compare[0].SRLC16E_I/Use_unisim.MB_SRL16CE_I1/CLK
Low Pulse Width   Fast    SRLC16E/CLK  n/a            0.854         16.666      15.812     SLICE_X54Y54   u_cpu_unit/cpu_i/microblaze_mcs_0/inst/microblaze_I/U0/MicroBlaze_Core_I/Area.Core/Implement_Debug_Logic.Master_Core.Debug_Area/Using_PC_Breakpoints.All_PC_Brks[0].Serial_Interface_1.address_hit_I/Compare[1].SRLC16E_I/Use_unisim.MB_SRL16CE_I1/CLK
High Pulse Width  Slow    SRL16E/CLK   n/a            0.854         16.667      15.812     SLICE_X30Y59   u_cpu_unit/cpu_i/microblaze_mcs_0/inst/mdm_0/U0/MDM_Core_I1/JTAG_CONTROL_I/Use_Config_SRL16E.SRL16E_1/Use_unisim.MB_SRL16E_I1/CLK
High Pulse Width  Fast    SRL16E/CLK   n/a            0.854         16.667      15.812     SLICE_X30Y59   u_cpu_unit/cpu_i/microblaze_mcs_0/inst/mdm_0/U0/MDM_Core_I1/JTAG_CONTROL_I/Use_Config_SRL16E.SRL16E_1/Use_unisim.MB_SRL16E_I1/CLK
High Pulse Width  Slow    SRL16E/CLK   n/a            0.854         16.667      15.812     SLICE_X30Y59   u_cpu_unit/cpu_i/microblaze_mcs_0/inst/mdm_0/U0/MDM_Core_I1/JTAG_CONTROL_I/Use_Config_SRL16E.SRL16E_2/Use_unisim.MB_SRL16E_I1/CLK
High Pulse Width  Fast    SRL16E/CLK   n/a            0.854         16.667      15.812     SLICE_X30Y59   u_cpu_unit/cpu_i/microblaze_mcs_0/inst/mdm_0/U0/MDM_Core_I1/JTAG_CONTROL_I/Use_Config_SRL16E.SRL16E_2/Use_unisim.MB_SRL16E_I1/CLK
High Pulse Width  Slow    SRL16E/CLK   n/a            0.854         16.667      15.812     SLICE_X30Y59   u_cpu_unit/cpu_i/microblaze_mcs_0/inst/mdm_0/U0/MDM_Core_I1/JTAG_CONTROL_I/Use_ID_SRL16E.SRL16E_ID_1/Use_unisim.MB_SRL16E_I1/CLK
High Pulse Width  Fast    SRL16E/CLK   n/a            0.854         16.667      15.812     SLICE_X30Y59   u_cpu_unit/cpu_i/microblaze_mcs_0/inst/mdm_0/U0/MDM_Core_I1/JTAG_CONTROL_I/Use_ID_SRL16E.SRL16E_ID_1/Use_unisim.MB_SRL16E_I1/CLK
High Pulse Width  Slow    SRL16E/CLK   n/a            0.854         16.667      15.812     SLICE_X30Y59   u_cpu_unit/cpu_i/microblaze_mcs_0/inst/mdm_0/U0/MDM_Core_I1/JTAG_CONTROL_I/Use_ID_SRL16E.SRL16E_ID_2/Use_unisim.MB_SRL16E_I1/CLK
High Pulse Width  Fast    SRL16E/CLK   n/a            0.854         16.667      15.812     SLICE_X30Y59   u_cpu_unit/cpu_i/microblaze_mcs_0/inst/mdm_0/U0/MDM_Core_I1/JTAG_CONTROL_I/Use_ID_SRL16E.SRL16E_ID_2/Use_unisim.MB_SRL16E_I1/CLK
High Pulse Width  Slow    SRL16E/CLK   n/a            0.854         16.667      15.812     SLICE_X30Y61   u_cpu_unit/cpu_i/microblaze_mcs_0/inst/mdm_0/U0/MDM_Core_I1/Use_BSCAN.Config_Reg_reg[12]_srl13_MDM_Core_I1_Use_BSCAN.Config_Reg_reg_c_11/CLK
High Pulse Width  Fast    SRL16E/CLK   n/a            0.854         16.667      15.812     SLICE_X30Y61   u_cpu_unit/cpu_i/microblaze_mcs_0/inst/mdm_0/U0/MDM_Core_I1/Use_BSCAN.Config_Reg_reg[12]_srl13_MDM_Core_I1_Use_BSCAN.Config_Reg_reg_c_11/CLK



---------------------------------------------------------------------------------------------------
From Clock:  u_cpu_unit/cpu_i/microblaze_mcs_0/inst/mdm_0/U0/Use_E2.BSCAN_I/Use_E2.BSCANE2_I/UPDATE
  To Clock:  u_cpu_unit/cpu_i/microblaze_mcs_0/inst/mdm_0/U0/Use_E2.BSCAN_I/Use_E2.BSCANE2_I/UPDATE

Setup :            0  Failing Endpoints,  Worst Slack       12.791ns,  Total Violation        0.000ns
Hold  :            0  Failing Endpoints,  Worst Slack        0.313ns,  Total Violation        0.000ns
PW    :            0  Failing Endpoints,  Worst Slack       16.166ns,  Total Violation        0.000ns
---------------------------------------------------------------------------------------------------


Max Delay Paths
--------------------------------------------------------------------------------------
Slack (MET) :             12.791ns  (required time - arrival time)
  Source:                 u_cpu_unit/cpu_i/microblaze_mcs_0/inst/mdm_0/U0/MDM_Core_I1/JTAG_CONTROL_I/Use_BSCAN.FDC_I/Using_FPGA.Native/C
                            (falling edge-triggered cell FDCE clocked by u_cpu_unit/cpu_i/microblaze_mcs_0/inst/mdm_0/U0/Use_E2.BSCAN_I/Use_E2.BSCANE2_I/UPDATE  {rise@0.000ns fall@16.667ns period=33.333ns})
  Destination:            u_cpu_unit/cpu_i/microblaze_mcs_0/inst/microblaze_I/U0/MicroBlaze_Core_I/Area.Core/Implement_Debug_Logic.Master_Core.Debug_Area/Serial_Dbg_Intf.control_reg_reg[8]/CE
                            (rising edge-triggered cell FDCE clocked by u_cpu_unit/cpu_i/microblaze_mcs_0/inst/mdm_0/U0/Use_E2.BSCAN_I/Use_E2.BSCANE2_I/UPDATE  {rise@0.000ns fall@16.667ns period=33.333ns})
  Path Group:             u_cpu_unit/cpu_i/microblaze_mcs_0/inst/mdm_0/U0/Use_E2.BSCAN_I/Use_E2.BSCANE2_I/UPDATE
  Path Type:              Setup (Max at Slow Process Corner)
  Requirement:            16.667ns  (u_cpu_unit/cpu_i/microblaze_mcs_0/inst/mdm_0/U0/Use_E2.BSCAN_I/Use_E2.BSCANE2_I/UPDATE rise@33.333ns - u_cpu_unit/cpu_i/microblaze_mcs_0/inst/mdm_0/U0/Use_E2.BSCAN_I/Use_E2.BSCANE2_I/UPDATE fall@16.667ns)
  Data Path Delay:        3.839ns  (logic 0.600ns (15.627%)  route 3.239ns (84.372%))
  Logic Levels:           3  (LUT3=1 LUT4=1 LUT5=1)
  Clock Path Skew:        0.242ns (DCD - SCD + CPR)
    Destination Clock Delay (DCD):    2.314ns = ( 35.647 - 33.333 ) 
    Source Clock Delay      (SCD):    2.356ns = ( 19.023 - 16.667 ) 
    Clock Pessimism Removal (CPR):    0.284ns
  Clock Uncertainty:      0.035ns  ((TSJ^2 + TIJ^2)^1/2 + DJ) / 2 + PE
    Total System Jitter     (TSJ):    0.071ns
    Total Input Jitter      (TIJ):    0.000ns
    Discrete Jitter          (DJ):    0.000ns
    Phase Error              (PE):    0.000ns

    Location             Delay type                Incr(ns)  Path(ns)    Netlist Resource(s)
  -------------------------------------------------------------------    -------------------
                         (clock u_cpu_unit/cpu_i/microblaze_mcs_0/inst/mdm_0/U0/Use_E2.BSCAN_I/Use_E2.BSCANE2_I/UPDATE fall edge)
                                                     16.667    16.667 f  
    BSCAN_X0Y1           BSCANE2                      0.000    16.667 f  u_cpu_unit/cpu_i/microblaze_mcs_0/inst/mdm_0/U0/Use_E2.BSCAN_I/Use_E2.BSCANE2_I/UPDATE
                         net (fo=40, routed)          2.356    19.023    u_cpu_unit/cpu_i/microblaze_mcs_0/inst/mdm_0/U0/MDM_Core_I1/JTAG_CONTROL_I/Use_BSCAN.FDC_I/CLK
    SLICE_X31Y58         FDCE                                         r  u_cpu_unit/cpu_i/microblaze_mcs_0/inst/mdm_0/U0/MDM_Core_I1/JTAG_CONTROL_I/Use_BSCAN.FDC_I/Using_FPGA.Native/C  (IS_INVERTED)
  -------------------------------------------------------------------    -------------------
    SLICE_X31Y58         FDCE (Prop_fdce_C_Q)         0.285    19.308 f  u_cpu_unit/cpu_i/microblaze_mcs_0/inst/mdm_0/U0/MDM_Core_I1/JTAG_CONTROL_I/Use_BSCAN.FDC_I/Using_FPGA.Native/Q
                         net (fo=17, routed)          0.978    20.285    u_cpu_unit/cpu_i/microblaze_mcs_0/inst/mdm_0/U0/MDM_Core_I1/JTAG_CONTROL_I/Use_BSCAN.FDC_I/Q_0
    SLICE_X33Y60         LUT3 (Prop_lut3_I1_O)        0.105    20.390 f  u_cpu_unit/cpu_i/microblaze_mcs_0/inst/mdm_0/U0/MDM_Core_I1/JTAG_CONTROL_I/Use_BSCAN.FDC_I/Dbg_Reg_En_0[0]_INST_0/O
                         net (fo=4, routed)           0.814    21.204    u_cpu_unit/cpu_i/microblaze_mcs_0/inst/microblaze_I/U0/MicroBlaze_Core_I/Area.Core/Implement_Debug_Logic.Master_Core.Debug_Area/Dbg_Reg_En[0]
    SLICE_X34Y60         LUT4 (Prop_lut4_I0_O)        0.105    21.309 f  u_cpu_unit/cpu_i/microblaze_mcs_0/inst/microblaze_I/U0/MicroBlaze_Core_I/Area.Core/Implement_Debug_Logic.Master_Core.Debug_Area/Serial_Dbg_Intf.dbg_wakeup_i_i_3/O
                         net (fo=6, routed)           0.877    22.186    u_cpu_unit/cpu_i/microblaze_mcs_0/inst/microblaze_I/U0/MicroBlaze_Core_I/Area.Core/Implement_Debug_Logic.Master_Core.Debug_Area/Serial_Dbg_Intf.control_reg_reg[8]_0
    SLICE_X34Y61         LUT5 (Prop_lut5_I0_O)        0.105    22.291 r  u_cpu_unit/cpu_i/microblaze_mcs_0/inst/microblaze_I/U0/MicroBlaze_Core_I/Area.Core/Implement_Debug_Logic.Master_Core.Debug_Area/Serial_Dbg_Intf.dbg_wakeup_i_i_1/O
                         net (fo=9, routed)           0.571    22.862    u_cpu_unit/cpu_i/microblaze_mcs_0/inst/microblaze_I/U0/MicroBlaze_Core_I/Area.Core/Implement_Debug_Logic.Master_Core.Debug_Area/Control_Reg_En
    SLICE_X37Y56         FDCE                                         r  u_cpu_unit/cpu_i/microblaze_mcs_0/inst/microblaze_I/U0/MicroBlaze_Core_I/Area.Core/Implement_Debug_Logic.Master_Core.Debug_Area/Serial_Dbg_Intf.control_reg_reg[8]/CE
  -------------------------------------------------------------------    -------------------

                         (clock u_cpu_unit/cpu_i/microblaze_mcs_0/inst/mdm_0/U0/Use_E2.BSCAN_I/Use_E2.BSCANE2_I/UPDATE rise edge)
                                                     33.333    33.333 r  
    BSCAN_X0Y1           BSCANE2                      0.000    33.333 r  u_cpu_unit/cpu_i/microblaze_mcs_0/inst/mdm_0/U0/Use_E2.BSCAN_I/Use_E2.BSCANE2_I/UPDATE
                         net (fo=40, routed)          2.314    35.647    u_cpu_unit/cpu_i/microblaze_mcs_0/inst/microblaze_I/U0/MicroBlaze_Core_I/Area.Core/Implement_Debug_Logic.Master_Core.Debug_Area/Dbg_Update
    SLICE_X37Y56         FDCE                                         r  u_cpu_unit/cpu_i/microblaze_mcs_0/inst/microblaze_I/U0/MicroBlaze_Core_I/Area.Core/Implement_Debug_Logic.Master_Core.Debug_Area/Serial_Dbg_Intf.control_reg_reg[8]/C
                         clock pessimism              0.284    35.931    
                         clock uncertainty           -0.035    35.896    
    SLICE_X37Y56         FDCE (Setup_fdce_C_CE)      -0.243    35.653    u_cpu_unit/cpu_i/microblaze_mcs_0/inst/microblaze_I/U0/MicroBlaze_Core_I/Area.Core/Implement_Debug_Logic.Master_Core.Debug_Area/Serial_Dbg_Intf.control_reg_reg[8]
  -------------------------------------------------------------------
                         required time                         35.653    
                         arrival time                         -22.862    
  -------------------------------------------------------------------
                         slack                                 12.791    

Slack (MET) :             13.142ns  (required time - arrival time)
  Source:                 u_cpu_unit/cpu_i/microblaze_mcs_0/inst/mdm_0/U0/MDM_Core_I1/JTAG_CONTROL_I/Use_BSCAN.FDC_I/Using_FPGA.Native/C
                            (falling edge-triggered cell FDCE clocked by u_cpu_unit/cpu_i/microblaze_mcs_0/inst/mdm_0/U0/Use_E2.BSCAN_I/Use_E2.BSCANE2_I/UPDATE  {rise@0.000ns fall@16.667ns period=33.333ns})
  Destination:            u_cpu_unit/cpu_i/microblaze_mcs_0/inst/microblaze_I/U0/MicroBlaze_Core_I/Area.Core/Implement_Debug_Logic.Master_Core.Debug_Area/Serial_Dbg_Intf.force_stop_TClk_reg/CE
                            (rising edge-triggered cell FDCE clocked by u_cpu_unit/cpu_i/microblaze_mcs_0/inst/mdm_0/U0/Use_E2.BSCAN_I/Use_E2.BSCANE2_I/UPDATE  {rise@0.000ns fall@16.667ns period=33.333ns})
  Path Group:             u_cpu_unit/cpu_i/microblaze_mcs_0/inst/mdm_0/U0/Use_E2.BSCAN_I/Use_E2.BSCANE2_I/UPDATE
  Path Type:              Setup (Max at Slow Process Corner)
  Requirement:            16.667ns  (u_cpu_unit/cpu_i/microblaze_mcs_0/inst/mdm_0/U0/Use_E2.BSCAN_I/Use_E2.BSCANE2_I/UPDATE rise@33.333ns - u_cpu_unit/cpu_i/microblaze_mcs_0/inst/mdm_0/U0/Use_E2.BSCAN_I/Use_E2.BSCANE2_I/UPDATE fall@16.667ns)
  Data Path Delay:        3.940ns  (logic 0.600ns (15.228%)  route 3.340ns (84.772%))
  Logic Levels:           3  (LUT3=1 LUT4=1 LUT5=1)
  Clock Path Skew:        0.694ns (DCD - SCD + CPR)
    Destination Clock Delay (DCD):    2.766ns = ( 36.099 - 33.333 ) 
    Source Clock Delay      (SCD):    2.356ns = ( 19.023 - 16.667 ) 
    Clock Pessimism Removal (CPR):    0.284ns
  Clock Uncertainty:      0.035ns  ((TSJ^2 + TIJ^2)^1/2 + DJ) / 2 + PE
    Total System Jitter     (TSJ):    0.071ns
    Total Input Jitter      (TIJ):    0.000ns
    Discrete Jitter          (DJ):    0.000ns
    Phase Error              (PE):    0.000ns

    Location             Delay type                Incr(ns)  Path(ns)    Netlist Resource(s)
  -------------------------------------------------------------------    -------------------
                         (clock u_cpu_unit/cpu_i/microblaze_mcs_0/inst/mdm_0/U0/Use_E2.BSCAN_I/Use_E2.BSCANE2_I/UPDATE fall edge)
                                                     16.667    16.667 f  
    BSCAN_X0Y1           BSCANE2                      0.000    16.667 f  u_cpu_unit/cpu_i/microblaze_mcs_0/inst/mdm_0/U0/Use_E2.BSCAN_I/Use_E2.BSCANE2_I/UPDATE
                         net (fo=40, routed)          2.356    19.023    u_cpu_unit/cpu_i/microblaze_mcs_0/inst/mdm_0/U0/MDM_Core_I1/JTAG_CONTROL_I/Use_BSCAN.FDC_I/CLK
    SLICE_X31Y58         FDCE                                         r  u_cpu_unit/cpu_i/microblaze_mcs_0/inst/mdm_0/U0/MDM_Core_I1/JTAG_CONTROL_I/Use_BSCAN.FDC_I/Using_FPGA.Native/C  (IS_INVERTED)
  -------------------------------------------------------------------    -------------------
    SLICE_X31Y58         FDCE (Prop_fdce_C_Q)         0.285    19.308 f  u_cpu_unit/cpu_i/microblaze_mcs_0/inst/mdm_0/U0/MDM_Core_I1/JTAG_CONTROL_I/Use_BSCAN.FDC_I/Using_FPGA.Native/Q
                         net (fo=17, routed)          0.978    20.285    u_cpu_unit/cpu_i/microblaze_mcs_0/inst/mdm_0/U0/MDM_Core_I1/JTAG_CONTROL_I/Use_BSCAN.FDC_I/Q_0
    SLICE_X33Y60         LUT3 (Prop_lut3_I1_O)        0.105    20.390 f  u_cpu_unit/cpu_i/microblaze_mcs_0/inst/mdm_0/U0/MDM_Core_I1/JTAG_CONTROL_I/Use_BSCAN.FDC_I/Dbg_Reg_En_0[0]_INST_0/O
                         net (fo=4, routed)           0.814    21.204    u_cpu_unit/cpu_i/microblaze_mcs_0/inst/microblaze_I/U0/MicroBlaze_Core_I/Area.Core/Implement_Debug_Logic.Master_Core.Debug_Area/Dbg_Reg_En[0]
    SLICE_X34Y60         LUT4 (Prop_lut4_I0_O)        0.105    21.309 f  u_cpu_unit/cpu_i/microblaze_mcs_0/inst/microblaze_I/U0/MicroBlaze_Core_I/Area.Core/Implement_Debug_Logic.Master_Core.Debug_Area/Serial_Dbg_Intf.dbg_wakeup_i_i_3/O
                         net (fo=6, routed)           0.877    22.186    u_cpu_unit/cpu_i/microblaze_mcs_0/inst/microblaze_I/U0/MicroBlaze_Core_I/Area.Core/Implement_Debug_Logic.Master_Core.Debug_Area/Serial_Dbg_Intf.control_reg_reg[8]_0
    SLICE_X34Y61         LUT5 (Prop_lut5_I0_O)        0.105    22.291 r  u_cpu_unit/cpu_i/microblaze_mcs_0/inst/microblaze_I/U0/MicroBlaze_Core_I/Area.Core/Implement_Debug_Logic.Master_Core.Debug_Area/Serial_Dbg_Intf.dbg_wakeup_i_i_1/O
                         net (fo=9, routed)           0.672    22.963    u_cpu_unit/cpu_i/microblaze_mcs_0/inst/microblaze_I/U0/MicroBlaze_Core_I/Area.Core/Implement_Debug_Logic.Master_Core.Debug_Area/Control_Reg_En
    SLICE_X47Y61         FDCE                                         r  u_cpu_unit/cpu_i/microblaze_mcs_0/inst/microblaze_I/U0/MicroBlaze_Core_I/Area.Core/Implement_Debug_Logic.Master_Core.Debug_Area/Serial_Dbg_Intf.force_stop_TClk_reg/CE
  -------------------------------------------------------------------    -------------------

                         (clock u_cpu_unit/cpu_i/microblaze_mcs_0/inst/mdm_0/U0/Use_E2.BSCAN_I/Use_E2.BSCANE2_I/UPDATE rise edge)
                                                     33.333    33.333 r  
    BSCAN_X0Y1           BSCANE2                      0.000    33.333 r  u_cpu_unit/cpu_i/microblaze_mcs_0/inst/mdm_0/U0/Use_E2.BSCAN_I/Use_E2.BSCANE2_I/UPDATE
                         net (fo=40, routed)          2.766    36.099    u_cpu_unit/cpu_i/microblaze_mcs_0/inst/microblaze_I/U0/MicroBlaze_Core_I/Area.Core/Implement_Debug_Logic.Master_Core.Debug_Area/Dbg_Update
    SLICE_X47Y61         FDCE                                         r  u_cpu_unit/cpu_i/microblaze_mcs_0/inst/microblaze_I/U0/MicroBlaze_Core_I/Area.Core/Implement_Debug_Logic.Master_Core.Debug_Area/Serial_Dbg_Intf.force_stop_TClk_reg/C
                         clock pessimism              0.284    36.383    
                         clock uncertainty           -0.035    36.348    
    SLICE_X47Y61         FDCE (Setup_fdce_C_CE)      -0.243    36.105    u_cpu_unit/cpu_i/microblaze_mcs_0/inst/microblaze_I/U0/MicroBlaze_Core_I/Area.Core/Implement_Debug_Logic.Master_Core.Debug_Area/Serial_Dbg_Intf.force_stop_TClk_reg
  -------------------------------------------------------------------
                         required time                         36.105    
                         arrival time                         -22.963    
  -------------------------------------------------------------------
                         slack                                 13.142    

Slack (MET) :             13.151ns  (required time - arrival time)
  Source:                 u_cpu_unit/cpu_i/microblaze_mcs_0/inst/mdm_0/U0/MDM_Core_I1/JTAG_CONTROL_I/Use_BSCAN.FDC_I/Using_FPGA.Native/C
                            (falling edge-triggered cell FDCE clocked by u_cpu_unit/cpu_i/microblaze_mcs_0/inst/mdm_0/U0/Use_E2.BSCAN_I/Use_E2.BSCANE2_I/UPDATE  {rise@0.000ns fall@16.667ns period=33.333ns})
  Destination:            u_cpu_unit/cpu_i/microblaze_mcs_0/inst/microblaze_I/U0/MicroBlaze_Core_I/Area.Core/Implement_Debug_Logic.Master_Core.Debug_Area/Serial_Dbg_Intf.single_Step_TClk_reg/CE
                            (rising edge-triggered cell FDCE clocked by u_cpu_unit/cpu_i/microblaze_mcs_0/inst/mdm_0/U0/Use_E2.BSCAN_I/Use_E2.BSCANE2_I/UPDATE  {rise@0.000ns fall@16.667ns period=33.333ns})
  Path Group:             u_cpu_unit/cpu_i/microblaze_mcs_0/inst/mdm_0/U0/Use_E2.BSCAN_I/Use_E2.BSCANE2_I/UPDATE
  Path Type:              Setup (Max at Slow Process Corner)
  Requirement:            16.667ns  (u_cpu_unit/cpu_i/microblaze_mcs_0/inst/mdm_0/U0/Use_E2.BSCAN_I/Use_E2.BSCANE2_I/UPDATE rise@33.333ns - u_cpu_unit/cpu_i/microblaze_mcs_0/inst/mdm_0/U0/Use_E2.BSCAN_I/Use_E2.BSCANE2_I/UPDATE fall@16.667ns)
  Data Path Delay:        4.553ns  (logic 0.600ns (13.179%)  route 3.953ns (86.821%))
  Logic Levels:           3  (LUT3=1 LUT4=1 LUT5=1)
  Clock Path Skew:        1.312ns (DCD - SCD + CPR)
    Destination Clock Delay (DCD):    3.385ns = ( 36.718 - 33.333 ) 
    Source Clock Delay      (SCD):    2.356ns = ( 19.023 - 16.667 ) 
    Clock Pessimism Removal (CPR):    0.284ns
  Clock Uncertainty:      0.035ns  ((TSJ^2 + TIJ^2)^1/2 + DJ) / 2 + PE
    Total System Jitter     (TSJ):    0.071ns
    Total Input Jitter      (TIJ):    0.000ns
    Discrete Jitter          (DJ):    0.000ns
    Phase Error              (PE):    0.000ns

    Location             Delay type                Incr(ns)  Path(ns)    Netlist Resource(s)
  -------------------------------------------------------------------    -------------------
                         (clock u_cpu_unit/cpu_i/microblaze_mcs_0/inst/mdm_0/U0/Use_E2.BSCAN_I/Use_E2.BSCANE2_I/UPDATE fall edge)
                                                     16.667    16.667 f  
    BSCAN_X0Y1           BSCANE2                      0.000    16.667 f  u_cpu_unit/cpu_i/microblaze_mcs_0/inst/mdm_0/U0/Use_E2.BSCAN_I/Use_E2.BSCANE2_I/UPDATE
                         net (fo=40, routed)          2.356    19.023    u_cpu_unit/cpu_i/microblaze_mcs_0/inst/mdm_0/U0/MDM_Core_I1/JTAG_CONTROL_I/Use_BSCAN.FDC_I/CLK
    SLICE_X31Y58         FDCE                                         r  u_cpu_unit/cpu_i/microblaze_mcs_0/inst/mdm_0/U0/MDM_Core_I1/JTAG_CONTROL_I/Use_BSCAN.FDC_I/Using_FPGA.Native/C  (IS_INVERTED)
  -------------------------------------------------------------------    -------------------
    SLICE_X31Y58         FDCE (Prop_fdce_C_Q)         0.285    19.308 f  u_cpu_unit/cpu_i/microblaze_mcs_0/inst/mdm_0/U0/MDM_Core_I1/JTAG_CONTROL_I/Use_BSCAN.FDC_I/Using_FPGA.Native/Q
                         net (fo=17, routed)          0.978    20.285    u_cpu_unit/cpu_i/microblaze_mcs_0/inst/mdm_0/U0/MDM_Core_I1/JTAG_CONTROL_I/Use_BSCAN.FDC_I/Q_0
    SLICE_X33Y60         LUT3 (Prop_lut3_I1_O)        0.105    20.390 f  u_cpu_unit/cpu_i/microblaze_mcs_0/inst/mdm_0/U0/MDM_Core_I1/JTAG_CONTROL_I/Use_BSCAN.FDC_I/Dbg_Reg_En_0[0]_INST_0/O
                         net (fo=4, routed)           0.814    21.204    u_cpu_unit/cpu_i/microblaze_mcs_0/inst/microblaze_I/U0/MicroBlaze_Core_I/Area.Core/Implement_Debug_Logic.Master_Core.Debug_Area/Dbg_Reg_En[0]
    SLICE_X34Y60         LUT4 (Prop_lut4_I0_O)        0.105    21.309 f  u_cpu_unit/cpu_i/microblaze_mcs_0/inst/microblaze_I/U0/MicroBlaze_Core_I/Area.Core/Implement_Debug_Logic.Master_Core.Debug_Area/Serial_Dbg_Intf.dbg_wakeup_i_i_3/O
                         net (fo=6, routed)           0.877    22.186    u_cpu_unit/cpu_i/microblaze_mcs_0/inst/microblaze_I/U0/MicroBlaze_Core_I/Area.Core/Implement_Debug_Logic.Master_Core.Debug_Area/Serial_Dbg_Intf.control_reg_reg[8]_0
    SLICE_X34Y61         LUT5 (Prop_lut5_I0_O)        0.105    22.291 r  u_cpu_unit/cpu_i/microblaze_mcs_0/inst/microblaze_I/U0/MicroBlaze_Core_I/Area.Core/Implement_Debug_Logic.Master_Core.Debug_Area/Serial_Dbg_Intf.dbg_wakeup_i_i_1/O
                         net (fo=9, routed)           1.284    23.575    u_cpu_unit/cpu_i/microblaze_mcs_0/inst/microblaze_I/U0/MicroBlaze_Core_I/Area.Core/Implement_Debug_Logic.Master_Core.Debug_Area/Control_Reg_En
    SLICE_X52Y59         FDCE                                         r  u_cpu_unit/cpu_i/microblaze_mcs_0/inst/microblaze_I/U0/MicroBlaze_Core_I/Area.Core/Implement_Debug_Logic.Master_Core.Debug_Area/Serial_Dbg_Intf.single_Step_TClk_reg/CE
  -------------------------------------------------------------------    -------------------

                         (clock u_cpu_unit/cpu_i/microblaze_mcs_0/inst/mdm_0/U0/Use_E2.BSCAN_I/Use_E2.BSCANE2_I/UPDATE rise edge)
                                                     33.333    33.333 r  
    BSCAN_X0Y1           BSCANE2                      0.000    33.333 r  u_cpu_unit/cpu_i/microblaze_mcs_0/inst/mdm_0/U0/Use_E2.BSCAN_I/Use_E2.BSCANE2_I/UPDATE
                         net (fo=40, routed)          3.385    36.718    u_cpu_unit/cpu_i/microblaze_mcs_0/inst/microblaze_I/U0/MicroBlaze_Core_I/Area.Core/Implement_Debug_Logic.Master_Core.Debug_Area/Dbg_Update
    SLICE_X52Y59         FDCE                                         r  u_cpu_unit/cpu_i/microblaze_mcs_0/inst/microblaze_I/U0/MicroBlaze_Core_I/Area.Core/Implement_Debug_Logic.Master_Core.Debug_Area/Serial_Dbg_Intf.single_Step_TClk_reg/C
                         clock pessimism              0.284    37.002    
                         clock uncertainty           -0.035    36.966    
    SLICE_X52Y59         FDCE (Setup_fdce_C_CE)      -0.240    36.726    u_cpu_unit/cpu_i/microblaze_mcs_0/inst/microblaze_I/U0/MicroBlaze_Core_I/Area.Core/Implement_Debug_Logic.Master_Core.Debug_Area/Serial_Dbg_Intf.single_Step_TClk_reg
  -------------------------------------------------------------------
                         required time                         36.726    
                         arrival time                         -23.575    
  -------------------------------------------------------------------
                         slack                                 13.151    

Slack (MET) :             13.170ns  (required time - arrival time)
  Source:                 u_cpu_unit/cpu_i/microblaze_mcs_0/inst/mdm_0/U0/MDM_Core_I1/JTAG_CONTROL_I/Use_BSCAN.FDC_I/Using_FPGA.Native/C
                            (falling edge-triggered cell FDCE clocked by u_cpu_unit/cpu_i/microblaze_mcs_0/inst/mdm_0/U0/Use_E2.BSCAN_I/Use_E2.BSCANE2_I/UPDATE  {rise@0.000ns fall@16.667ns period=33.333ns})
  Destination:            u_cpu_unit/cpu_i/microblaze_mcs_0/inst/microblaze_I/U0/MicroBlaze_Core_I/Area.Core/Implement_Debug_Logic.Master_Core.Debug_Area/Serial_Dbg_Intf.continue_from_brk_TClk_reg/CE
                            (rising edge-triggered cell FDCE clocked by u_cpu_unit/cpu_i/microblaze_mcs_0/inst/mdm_0/U0/Use_E2.BSCAN_I/Use_E2.BSCANE2_I/UPDATE  {rise@0.000ns fall@16.667ns period=33.333ns})
  Path Group:             u_cpu_unit/cpu_i/microblaze_mcs_0/inst/mdm_0/U0/Use_E2.BSCAN_I/Use_E2.BSCANE2_I/UPDATE
  Path Type:              Setup (Max at Slow Process Corner)
  Requirement:            16.667ns  (u_cpu_unit/cpu_i/microblaze_mcs_0/inst/mdm_0/U0/Use_E2.BSCAN_I/Use_E2.BSCANE2_I/UPDATE rise@33.333ns - u_cpu_unit/cpu_i/microblaze_mcs_0/inst/mdm_0/U0/Use_E2.BSCAN_I/Use_E2.BSCANE2_I/UPDATE fall@16.667ns)
  Data Path Delay:        4.664ns  (logic 0.600ns (12.864%)  route 4.064ns (87.136%))
  Logic Levels:           3  (LUT3=1 LUT4=1 LUT5=1)
  Clock Path Skew:        1.443ns (DCD - SCD + CPR)
    Destination Clock Delay (DCD):    3.516ns = ( 36.849 - 33.333 ) 
    Source Clock Delay      (SCD):    2.356ns = ( 19.023 - 16.667 ) 
    Clock Pessimism Removal (CPR):    0.284ns
  Clock Uncertainty:      0.035ns  ((TSJ^2 + TIJ^2)^1/2 + DJ) / 2 + PE
    Total System Jitter     (TSJ):    0.071ns
    Total Input Jitter      (TIJ):    0.000ns
    Discrete Jitter          (DJ):    0.000ns
    Phase Error              (PE):    0.000ns

    Location             Delay type                Incr(ns)  Path(ns)    Netlist Resource(s)
  -------------------------------------------------------------------    -------------------
                         (clock u_cpu_unit/cpu_i/microblaze_mcs_0/inst/mdm_0/U0/Use_E2.BSCAN_I/Use_E2.BSCANE2_I/UPDATE fall edge)
                                                     16.667    16.667 f  
    BSCAN_X0Y1           BSCANE2                      0.000    16.667 f  u_cpu_unit/cpu_i/microblaze_mcs_0/inst/mdm_0/U0/Use_E2.BSCAN_I/Use_E2.BSCANE2_I/UPDATE
                         net (fo=40, routed)          2.356    19.023    u_cpu_unit/cpu_i/microblaze_mcs_0/inst/mdm_0/U0/MDM_Core_I1/JTAG_CONTROL_I/Use_BSCAN.FDC_I/CLK
    SLICE_X31Y58         FDCE                                         r  u_cpu_unit/cpu_i/microblaze_mcs_0/inst/mdm_0/U0/MDM_Core_I1/JTAG_CONTROL_I/Use_BSCAN.FDC_I/Using_FPGA.Native/C  (IS_INVERTED)
  -------------------------------------------------------------------    -------------------
    SLICE_X31Y58         FDCE (Prop_fdce_C_Q)         0.285    19.308 f  u_cpu_unit/cpu_i/microblaze_mcs_0/inst/mdm_0/U0/MDM_Core_I1/JTAG_CONTROL_I/Use_BSCAN.FDC_I/Using_FPGA.Native/Q
                         net (fo=17, routed)          0.978    20.285    u_cpu_unit/cpu_i/microblaze_mcs_0/inst/mdm_0/U0/MDM_Core_I1/JTAG_CONTROL_I/Use_BSCAN.FDC_I/Q_0
    SLICE_X33Y60         LUT3 (Prop_lut3_I1_O)        0.105    20.390 f  u_cpu_unit/cpu_i/microblaze_mcs_0/inst/mdm_0/U0/MDM_Core_I1/JTAG_CONTROL_I/Use_BSCAN.FDC_I/Dbg_Reg_En_0[0]_INST_0/O
                         net (fo=4, routed)           0.814    21.204    u_cpu_unit/cpu_i/microblaze_mcs_0/inst/microblaze_I/U0/MicroBlaze_Core_I/Area.Core/Implement_Debug_Logic.Master_Core.Debug_Area/Dbg_Reg_En[0]
    SLICE_X34Y60         LUT4 (Prop_lut4_I0_O)        0.105    21.309 f  u_cpu_unit/cpu_i/microblaze_mcs_0/inst/microblaze_I/U0/MicroBlaze_Core_I/Area.Core/Implement_Debug_Logic.Master_Core.Debug_Area/Serial_Dbg_Intf.dbg_wakeup_i_i_3/O
                         net (fo=6, routed)           0.877    22.186    u_cpu_unit/cpu_i/microblaze_mcs_0/inst/microblaze_I/U0/MicroBlaze_Core_I/Area.Core/Implement_Debug_Logic.Master_Core.Debug_Area/Serial_Dbg_Intf.control_reg_reg[8]_0
    SLICE_X34Y61         LUT5 (Prop_lut5_I0_O)        0.105    22.291 r  u_cpu_unit/cpu_i/microblaze_mcs_0/inst/microblaze_I/U0/MicroBlaze_Core_I/Area.Core/Implement_Debug_Logic.Master_Core.Debug_Area/Serial_Dbg_Intf.dbg_wakeup_i_i_1/O
                         net (fo=9, routed)           1.396    23.687    u_cpu_unit/cpu_i/microblaze_mcs_0/inst/microblaze_I/U0/MicroBlaze_Core_I/Area.Core/Implement_Debug_Logic.Master_Core.Debug_Area/Control_Reg_En
    SLICE_X52Y60         FDCE                                         r  u_cpu_unit/cpu_i/microblaze_mcs_0/inst/microblaze_I/U0/MicroBlaze_Core_I/Area.Core/Implement_Debug_Logic.Master_Core.Debug_Area/Serial_Dbg_Intf.continue_from_brk_TClk_reg/CE
  -------------------------------------------------------------------    -------------------

                         (clock u_cpu_unit/cpu_i/microblaze_mcs_0/inst/mdm_0/U0/Use_E2.BSCAN_I/Use_E2.BSCANE2_I/UPDATE rise edge)
                                                     33.333    33.333 r  
    BSCAN_X0Y1           BSCANE2                      0.000    33.333 r  u_cpu_unit/cpu_i/microblaze_mcs_0/inst/mdm_0/U0/Use_E2.BSCAN_I/Use_E2.BSCANE2_I/UPDATE
                         net (fo=40, routed)          3.516    36.849    u_cpu_unit/cpu_i/microblaze_mcs_0/inst/microblaze_I/U0/MicroBlaze_Core_I/Area.Core/Implement_Debug_Logic.Master_Core.Debug_Area/Dbg_Update
    SLICE_X52Y60         FDCE                                         r  u_cpu_unit/cpu_i/microblaze_mcs_0/inst/microblaze_I/U0/MicroBlaze_Core_I/Area.Core/Implement_Debug_Logic.Master_Core.Debug_Area/Serial_Dbg_Intf.continue_from_brk_TClk_reg/C
                         clock pessimism              0.284    37.133    
                         clock uncertainty           -0.035    37.097    
    SLICE_X52Y60         FDCE (Setup_fdce_C_CE)      -0.240    36.857    u_cpu_unit/cpu_i/microblaze_mcs_0/inst/microblaze_I/U0/MicroBlaze_Core_I/Area.Core/Implement_Debug_Logic.Master_Core.Debug_Area/Serial_Dbg_Intf.continue_from_brk_TClk_reg
  -------------------------------------------------------------------
                         required time                         36.857    
                         arrival time                         -23.687    
  -------------------------------------------------------------------
                         slack                                 13.170    

Slack (MET) :             13.214ns  (required time - arrival time)
  Source:                 u_cpu_unit/cpu_i/microblaze_mcs_0/inst/mdm_0/U0/MDM_Core_I1/JTAG_CONTROL_I/Use_BSCAN.FDC_I/Using_FPGA.Native/C
                            (falling edge-triggered cell FDCE clocked by u_cpu_unit/cpu_i/microblaze_mcs_0/inst/mdm_0/U0/Use_E2.BSCAN_I/Use_E2.BSCANE2_I/UPDATE  {rise@0.000ns fall@16.667ns period=33.333ns})
  Destination:            u_cpu_unit/cpu_i/microblaze_mcs_0/inst/microblaze_I/U0/MicroBlaze_Core_I/Area.Core/Implement_Debug_Logic.Master_Core.Debug_Area/Serial_Dbg_Intf.dbg_wakeup_i_reg/CE
                            (rising edge-triggered cell FDCE clocked by u_cpu_unit/cpu_i/microblaze_mcs_0/inst/mdm_0/U0/Use_E2.BSCAN_I/Use_E2.BSCANE2_I/UPDATE  {rise@0.000ns fall@16.667ns period=33.333ns})
  Path Group:             u_cpu_unit/cpu_i/microblaze_mcs_0/inst/mdm_0/U0/Use_E2.BSCAN_I/Use_E2.BSCANE2_I/UPDATE
  Path Type:              Setup (Max at Slow Process Corner)
  Requirement:            16.667ns  (u_cpu_unit/cpu_i/microblaze_mcs_0/inst/mdm_0/U0/Use_E2.BSCAN_I/Use_E2.BSCANE2_I/UPDATE rise@33.333ns - u_cpu_unit/cpu_i/microblaze_mcs_0/inst/mdm_0/U0/Use_E2.BSCAN_I/Use_E2.BSCANE2_I/UPDATE fall@16.667ns)
  Data Path Delay:        4.520ns  (logic 0.600ns (13.274%)  route 3.920ns (86.725%))
  Logic Levels:           3  (LUT3=1 LUT4=1 LUT5=1)
  Clock Path Skew:        1.342ns (DCD - SCD + CPR)
    Destination Clock Delay (DCD):    3.415ns = ( 36.748 - 33.333 ) 
    Source Clock Delay      (SCD):    2.356ns = ( 19.023 - 16.667 ) 
    Clock Pessimism Removal (CPR):    0.284ns
  Clock Uncertainty:      0.035ns  ((TSJ^2 + TIJ^2)^1/2 + DJ) / 2 + PE
    Total System Jitter     (TSJ):    0.071ns
    Total Input Jitter      (TIJ):    0.000ns
    Discrete Jitter          (DJ):    0.000ns
    Phase Error              (PE):    0.000ns

    Location             Delay type                Incr(ns)  Path(ns)    Netlist Resource(s)
  -------------------------------------------------------------------    -------------------
                         (clock u_cpu_unit/cpu_i/microblaze_mcs_0/inst/mdm_0/U0/Use_E2.BSCAN_I/Use_E2.BSCANE2_I/UPDATE fall edge)
                                                     16.667    16.667 f  
    BSCAN_X0Y1           BSCANE2                      0.000    16.667 f  u_cpu_unit/cpu_i/microblaze_mcs_0/inst/mdm_0/U0/Use_E2.BSCAN_I/Use_E2.BSCANE2_I/UPDATE
                         net (fo=40, routed)          2.356    19.023    u_cpu_unit/cpu_i/microblaze_mcs_0/inst/mdm_0/U0/MDM_Core_I1/JTAG_CONTROL_I/Use_BSCAN.FDC_I/CLK
    SLICE_X31Y58         FDCE                                         r  u_cpu_unit/cpu_i/microblaze_mcs_0/inst/mdm_0/U0/MDM_Core_I1/JTAG_CONTROL_I/Use_BSCAN.FDC_I/Using_FPGA.Native/C  (IS_INVERTED)
  -------------------------------------------------------------------    -------------------
    SLICE_X31Y58         FDCE (Prop_fdce_C_Q)         0.285    19.308 f  u_cpu_unit/cpu_i/microblaze_mcs_0/inst/mdm_0/U0/MDM_Core_I1/JTAG_CONTROL_I/Use_BSCAN.FDC_I/Using_FPGA.Native/Q
                         net (fo=17, routed)          0.978    20.285    u_cpu_unit/cpu_i/microblaze_mcs_0/inst/mdm_0/U0/MDM_Core_I1/JTAG_CONTROL_I/Use_BSCAN.FDC_I/Q_0
    SLICE_X33Y60         LUT3 (Prop_lut3_I1_O)        0.105    20.390 f  u_cpu_unit/cpu_i/microblaze_mcs_0/inst/mdm_0/U0/MDM_Core_I1/JTAG_CONTROL_I/Use_BSCAN.FDC_I/Dbg_Reg_En_0[0]_INST_0/O
                         net (fo=4, routed)           0.814    21.204    u_cpu_unit/cpu_i/microblaze_mcs_0/inst/microblaze_I/U0/MicroBlaze_Core_I/Area.Core/Implement_Debug_Logic.Master_Core.Debug_Area/Dbg_Reg_En[0]
    SLICE_X34Y60         LUT4 (Prop_lut4_I0_O)        0.105    21.309 f  u_cpu_unit/cpu_i/microblaze_mcs_0/inst/microblaze_I/U0/MicroBlaze_Core_I/Area.Core/Implement_Debug_Logic.Master_Core.Debug_Area/Serial_Dbg_Intf.dbg_wakeup_i_i_3/O
                         net (fo=6, routed)           0.877    22.186    u_cpu_unit/cpu_i/microblaze_mcs_0/inst/microblaze_I/U0/MicroBlaze_Core_I/Area.Core/Implement_Debug_Logic.Master_Core.Debug_Area/Serial_Dbg_Intf.control_reg_reg[8]_0
    SLICE_X34Y61         LUT5 (Prop_lut5_I0_O)        0.105    22.291 r  u_cpu_unit/cpu_i/microblaze_mcs_0/inst/microblaze_I/U0/MicroBlaze_Core_I/Area.Core/Implement_Debug_Logic.Master_Core.Debug_Area/Serial_Dbg_Intf.dbg_wakeup_i_i_1/O
                         net (fo=9, routed)           1.251    23.543    u_cpu_unit/cpu_i/microblaze_mcs_0/inst/microblaze_I/U0/MicroBlaze_Core_I/Area.Core/Implement_Debug_Logic.Master_Core.Debug_Area/Control_Reg_En
    SLICE_X50Y59         FDCE                                         r  u_cpu_unit/cpu_i/microblaze_mcs_0/inst/microblaze_I/U0/MicroBlaze_Core_I/Area.Core/Implement_Debug_Logic.Master_Core.Debug_Area/Serial_Dbg_Intf.dbg_wakeup_i_reg/CE
  -------------------------------------------------------------------    -------------------

                         (clock u_cpu_unit/cpu_i/microblaze_mcs_0/inst/mdm_0/U0/Use_E2.BSCAN_I/Use_E2.BSCANE2_I/UPDATE rise edge)
                                                     33.333    33.333 r  
    BSCAN_X0Y1           BSCANE2                      0.000    33.333 r  u_cpu_unit/cpu_i/microblaze_mcs_0/inst/mdm_0/U0/Use_E2.BSCAN_I/Use_E2.BSCANE2_I/UPDATE
                         net (fo=40, routed)          3.415    36.748    u_cpu_unit/cpu_i/microblaze_mcs_0/inst/microblaze_I/U0/MicroBlaze_Core_I/Area.Core/Implement_Debug_Logic.Master_Core.Debug_Area/Dbg_Update
    SLICE_X50Y59         FDCE                                         r  u_cpu_unit/cpu_i/microblaze_mcs_0/inst/microblaze_I/U0/MicroBlaze_Core_I/Area.Core/Implement_Debug_Logic.Master_Core.Debug_Area/Serial_Dbg_Intf.dbg_wakeup_i_reg/C
                         clock pessimism              0.284    37.032    
                         clock uncertainty           -0.035    36.996    
    SLICE_X50Y59         FDCE (Setup_fdce_C_CE)      -0.240    36.756    u_cpu_unit/cpu_i/microblaze_mcs_0/inst/microblaze_I/U0/MicroBlaze_Core_I/Area.Core/Implement_Debug_Logic.Master_Core.Debug_Area/Serial_Dbg_Intf.dbg_wakeup_i_reg
  -------------------------------------------------------------------
                         required time                         36.756    
                         arrival time                         -23.543    
  -------------------------------------------------------------------
                         slack                                 13.214    

Slack (MET) :             13.219ns  (required time - arrival time)
  Source:                 u_cpu_unit/cpu_i/microblaze_mcs_0/inst/mdm_0/U0/MDM_Core_I1/JTAG_CONTROL_I/Use_BSCAN.FDC_I/Using_FPGA.Native/C
                            (falling edge-triggered cell FDCE clocked by u_cpu_unit/cpu_i/microblaze_mcs_0/inst/mdm_0/U0/Use_E2.BSCAN_I/Use_E2.BSCANE2_I/UPDATE  {rise@0.000ns fall@16.667ns period=33.333ns})
  Destination:            u_cpu_unit/cpu_i/microblaze_mcs_0/inst/microblaze_I/U0/MicroBlaze_Core_I/Area.Core/Implement_Debug_Logic.Master_Core.Debug_Area/Serial_Dbg_Intf.normal_stop_TClk_reg/CE
                            (rising edge-triggered cell FDCE clocked by u_cpu_unit/cpu_i/microblaze_mcs_0/inst/mdm_0/U0/Use_E2.BSCAN_I/Use_E2.BSCANE2_I/UPDATE  {rise@0.000ns fall@16.667ns period=33.333ns})
  Path Group:             u_cpu_unit/cpu_i/microblaze_mcs_0/inst/mdm_0/U0/Use_E2.BSCAN_I/Use_E2.BSCANE2_I/UPDATE
  Path Type:              Setup (Max at Slow Process Corner)
  Requirement:            16.667ns  (u_cpu_unit/cpu_i/microblaze_mcs_0/inst/mdm_0/U0/Use_E2.BSCAN_I/Use_E2.BSCANE2_I/UPDATE rise@33.333ns - u_cpu_unit/cpu_i/microblaze_mcs_0/inst/mdm_0/U0/Use_E2.BSCAN_I/Use_E2.BSCANE2_I/UPDATE fall@16.667ns)
  Data Path Delay:        4.263ns  (logic 0.600ns (14.076%)  route 3.663ns (85.924%))
  Logic Levels:           3  (LUT3=1 LUT4=1 LUT5=1)
  Clock Path Skew:        1.094ns (DCD - SCD + CPR)
    Destination Clock Delay (DCD):    3.166ns = ( 36.499 - 33.333 ) 
    Source Clock Delay      (SCD):    2.356ns = ( 19.023 - 16.667 ) 
    Clock Pessimism Removal (CPR):    0.284ns
  Clock Uncertainty:      0.035ns  ((TSJ^2 + TIJ^2)^1/2 + DJ) / 2 + PE
    Total System Jitter     (TSJ):    0.071ns
    Total Input Jitter      (TIJ):    0.000ns
    Discrete Jitter          (DJ):    0.000ns
    Phase Error              (PE):    0.000ns

    Location             Delay type                Incr(ns)  Path(ns)    Netlist Resource(s)
  -------------------------------------------------------------------    -------------------
                         (clock u_cpu_unit/cpu_i/microblaze_mcs_0/inst/mdm_0/U0/Use_E2.BSCAN_I/Use_E2.BSCANE2_I/UPDATE fall edge)
                                                     16.667    16.667 f  
    BSCAN_X0Y1           BSCANE2                      0.000    16.667 f  u_cpu_unit/cpu_i/microblaze_mcs_0/inst/mdm_0/U0/Use_E2.BSCAN_I/Use_E2.BSCANE2_I/UPDATE
                         net (fo=40, routed)          2.356    19.023    u_cpu_unit/cpu_i/microblaze_mcs_0/inst/mdm_0/U0/MDM_Core_I1/JTAG_CONTROL_I/Use_BSCAN.FDC_I/CLK
    SLICE_X31Y58         FDCE                                         r  u_cpu_unit/cpu_i/microblaze_mcs_0/inst/mdm_0/U0/MDM_Core_I1/JTAG_CONTROL_I/Use_BSCAN.FDC_I/Using_FPGA.Native/C  (IS_INVERTED)
  -------------------------------------------------------------------    -------------------
    SLICE_X31Y58         FDCE (Prop_fdce_C_Q)         0.285    19.308 f  u_cpu_unit/cpu_i/microblaze_mcs_0/inst/mdm_0/U0/MDM_Core_I1/JTAG_CONTROL_I/Use_BSCAN.FDC_I/Using_FPGA.Native/Q
                         net (fo=17, routed)          0.978    20.285    u_cpu_unit/cpu_i/microblaze_mcs_0/inst/mdm_0/U0/MDM_Core_I1/JTAG_CONTROL_I/Use_BSCAN.FDC_I/Q_0
    SLICE_X33Y60         LUT3 (Prop_lut3_I1_O)        0.105    20.390 f  u_cpu_unit/cpu_i/microblaze_mcs_0/inst/mdm_0/U0/MDM_Core_I1/JTAG_CONTROL_I/Use_BSCAN.FDC_I/Dbg_Reg_En_0[0]_INST_0/O
                         net (fo=4, routed)           0.814    21.204    u_cpu_unit/cpu_i/microblaze_mcs_0/inst/microblaze_I/U0/MicroBlaze_Core_I/Area.Core/Implement_Debug_Logic.Master_Core.Debug_Area/Dbg_Reg_En[0]
    SLICE_X34Y60         LUT4 (Prop_lut4_I0_O)        0.105    21.309 f  u_cpu_unit/cpu_i/microblaze_mcs_0/inst/microblaze_I/U0/MicroBlaze_Core_I/Area.Core/Implement_Debug_Logic.Master_Core.Debug_Area/Serial_Dbg_Intf.dbg_wakeup_i_i_3/O
                         net (fo=6, routed)           0.877    22.186    u_cpu_unit/cpu_i/microblaze_mcs_0/inst/microblaze_I/U0/MicroBlaze_Core_I/Area.Core/Implement_Debug_Logic.Master_Core.Debug_Area/Serial_Dbg_Intf.control_reg_reg[8]_0
    SLICE_X34Y61         LUT5 (Prop_lut5_I0_O)        0.105    22.291 r  u_cpu_unit/cpu_i/microblaze_mcs_0/inst/microblaze_I/U0/MicroBlaze_Core_I/Area.Core/Implement_Debug_Logic.Master_Core.Debug_Area/Serial_Dbg_Intf.dbg_wakeup_i_i_1/O
                         net (fo=9, routed)           0.994    23.285    u_cpu_unit/cpu_i/microblaze_mcs_0/inst/microblaze_I/U0/MicroBlaze_Core_I/Area.Core/Implement_Debug_Logic.Master_Core.Debug_Area/Control_Reg_En
    SLICE_X48Y59         FDCE                                         r  u_cpu_unit/cpu_i/microblaze_mcs_0/inst/microblaze_I/U0/MicroBlaze_Core_I/Area.Core/Implement_Debug_Logic.Master_Core.Debug_Area/Serial_Dbg_Intf.normal_stop_TClk_reg/CE
  -------------------------------------------------------------------    -------------------

                         (clock u_cpu_unit/cpu_i/microblaze_mcs_0/inst/mdm_0/U0/Use_E2.BSCAN_I/Use_E2.BSCANE2_I/UPDATE rise edge)
                                                     33.333    33.333 r  
    BSCAN_X0Y1           BSCANE2                      0.000    33.333 r  u_cpu_unit/cpu_i/microblaze_mcs_0/inst/mdm_0/U0/Use_E2.BSCAN_I/Use_E2.BSCANE2_I/UPDATE
                         net (fo=40, routed)          3.166    36.499    u_cpu_unit/cpu_i/microblaze_mcs_0/inst/microblaze_I/U0/MicroBlaze_Core_I/Area.Core/Implement_Debug_Logic.Master_Core.Debug_Area/Dbg_Update
    SLICE_X48Y59         FDCE                                         r  u_cpu_unit/cpu_i/microblaze_mcs_0/inst/microblaze_I/U0/MicroBlaze_Core_I/Area.Core/Implement_Debug_Logic.Master_Core.Debug_Area/Serial_Dbg_Intf.normal_stop_TClk_reg/C
                         clock pessimism              0.284    36.783    
                         clock uncertainty           -0.035    36.747    
    SLICE_X48Y59         FDCE (Setup_fdce_C_CE)      -0.243    36.504    u_cpu_unit/cpu_i/microblaze_mcs_0/inst/microblaze_I/U0/MicroBlaze_Core_I/Area.Core/Implement_Debug_Logic.Master_Core.Debug_Area/Serial_Dbg_Intf.normal_stop_TClk_reg
  -------------------------------------------------------------------
                         required time                         36.504    
                         arrival time                         -23.285    
  -------------------------------------------------------------------
                         slack                                 13.219    

Slack (MET) :             13.358ns  (required time - arrival time)
  Source:                 u_cpu_unit/cpu_i/microblaze_mcs_0/inst/mdm_0/U0/MDM_Core_I1/JTAG_CONTROL_I/Use_BSCAN.FDC_I/Using_FPGA.Native/C
                            (falling edge-triggered cell FDCE clocked by u_cpu_unit/cpu_i/microblaze_mcs_0/inst/mdm_0/U0/Use_E2.BSCAN_I/Use_E2.BSCANE2_I/UPDATE  {rise@0.000ns fall@16.667ns period=33.333ns})
  Destination:            u_cpu_unit/cpu_i/microblaze_mcs_0/inst/microblaze_I/U0/MicroBlaze_Core_I/Area.Core/Implement_Debug_Logic.Master_Core.Debug_Area/Serial_Dbg_Intf.control_reg_reg[0]/CE
                            (rising edge-triggered cell FDCE clocked by u_cpu_unit/cpu_i/microblaze_mcs_0/inst/mdm_0/U0/Use_E2.BSCAN_I/Use_E2.BSCANE2_I/UPDATE  {rise@0.000ns fall@16.667ns period=33.333ns})
  Path Group:             u_cpu_unit/cpu_i/microblaze_mcs_0/inst/mdm_0/U0/Use_E2.BSCAN_I/Use_E2.BSCANE2_I/UPDATE
  Path Type:              Setup (Max at Slow Process Corner)
  Requirement:            16.667ns  (u_cpu_unit/cpu_i/microblaze_mcs_0/inst/mdm_0/U0/Use_E2.BSCAN_I/Use_E2.BSCANE2_I/UPDATE rise@33.333ns - u_cpu_unit/cpu_i/microblaze_mcs_0/inst/mdm_0/U0/Use_E2.BSCAN_I/Use_E2.BSCANE2_I/UPDATE fall@16.667ns)
  Data Path Delay:        4.664ns  (logic 0.600ns (12.865%)  route 4.064ns (87.135%))
  Logic Levels:           3  (LUT3=1 LUT4=1 LUT5=1)
  Clock Path Skew:        1.631ns (DCD - SCD + CPR)
    Destination Clock Delay (DCD):    3.703ns = ( 37.036 - 33.333 ) 
    Source Clock Delay      (SCD):    2.356ns = ( 19.023 - 16.667 ) 
    Clock Pessimism Removal (CPR):    0.284ns
  Clock Uncertainty:      0.035ns  ((TSJ^2 + TIJ^2)^1/2 + DJ) / 2 + PE
    Total System Jitter     (TSJ):    0.071ns
    Total Input Jitter      (TIJ):    0.000ns
    Discrete Jitter          (DJ):    0.000ns
    Phase Error              (PE):    0.000ns

    Location             Delay type                Incr(ns)  Path(ns)    Netlist Resource(s)
  -------------------------------------------------------------------    -------------------
                         (clock u_cpu_unit/cpu_i/microblaze_mcs_0/inst/mdm_0/U0/Use_E2.BSCAN_I/Use_E2.BSCANE2_I/UPDATE fall edge)
                                                     16.667    16.667 f  
    BSCAN_X0Y1           BSCANE2                      0.000    16.667 f  u_cpu_unit/cpu_i/microblaze_mcs_0/inst/mdm_0/U0/Use_E2.BSCAN_I/Use_E2.BSCANE2_I/UPDATE
                         net (fo=40, routed)          2.356    19.023    u_cpu_unit/cpu_i/microblaze_mcs_0/inst/mdm_0/U0/MDM_Core_I1/JTAG_CONTROL_I/Use_BSCAN.FDC_I/CLK
    SLICE_X31Y58         FDCE                                         r  u_cpu_unit/cpu_i/microblaze_mcs_0/inst/mdm_0/U0/MDM_Core_I1/JTAG_CONTROL_I/Use_BSCAN.FDC_I/Using_FPGA.Native/C  (IS_INVERTED)
  -------------------------------------------------------------------    -------------------
    SLICE_X31Y58         FDCE (Prop_fdce_C_Q)         0.285    19.308 f  u_cpu_unit/cpu_i/microblaze_mcs_0/inst/mdm_0/U0/MDM_Core_I1/JTAG_CONTROL_I/Use_BSCAN.FDC_I/Using_FPGA.Native/Q
                         net (fo=17, routed)          0.978    20.285    u_cpu_unit/cpu_i/microblaze_mcs_0/inst/mdm_0/U0/MDM_Core_I1/JTAG_CONTROL_I/Use_BSCAN.FDC_I/Q_0
    SLICE_X33Y60         LUT3 (Prop_lut3_I1_O)        0.105    20.390 f  u_cpu_unit/cpu_i/microblaze_mcs_0/inst/mdm_0/U0/MDM_Core_I1/JTAG_CONTROL_I/Use_BSCAN.FDC_I/Dbg_Reg_En_0[0]_INST_0/O
                         net (fo=4, routed)           0.814    21.204    u_cpu_unit/cpu_i/microblaze_mcs_0/inst/microblaze_I/U0/MicroBlaze_Core_I/Area.Core/Implement_Debug_Logic.Master_Core.Debug_Area/Dbg_Reg_En[0]
    SLICE_X34Y60         LUT4 (Prop_lut4_I0_O)        0.105    21.309 f  u_cpu_unit/cpu_i/microblaze_mcs_0/inst/microblaze_I/U0/MicroBlaze_Core_I/Area.Core/Implement_Debug_Logic.Master_Core.Debug_Area/Serial_Dbg_Intf.dbg_wakeup_i_i_3/O
                         net (fo=6, routed)           0.877    22.186    u_cpu_unit/cpu_i/microblaze_mcs_0/inst/microblaze_I/U0/MicroBlaze_Core_I/Area.Core/Implement_Debug_Logic.Master_Core.Debug_Area/Serial_Dbg_Intf.control_reg_reg[8]_0
    SLICE_X34Y61         LUT5 (Prop_lut5_I0_O)        0.105    22.291 r  u_cpu_unit/cpu_i/microblaze_mcs_0/inst/microblaze_I/U0/MicroBlaze_Core_I/Area.Core/Implement_Debug_Logic.Master_Core.Debug_Area/Serial_Dbg_Intf.dbg_wakeup_i_i_1/O
                         net (fo=9, routed)           1.395    23.686    u_cpu_unit/cpu_i/microblaze_mcs_0/inst/microblaze_I/U0/MicroBlaze_Core_I/Area.Core/Implement_Debug_Logic.Master_Core.Debug_Area/Control_Reg_En
    SLICE_X54Y57         FDCE                                         r  u_cpu_unit/cpu_i/microblaze_mcs_0/inst/microblaze_I/U0/MicroBlaze_Core_I/Area.Core/Implement_Debug_Logic.Master_Core.Debug_Area/Serial_Dbg_Intf.control_reg_reg[0]/CE
  -------------------------------------------------------------------    -------------------

                         (clock u_cpu_unit/cpu_i/microblaze_mcs_0/inst/mdm_0/U0/Use_E2.BSCAN_I/Use_E2.BSCANE2_I/UPDATE rise edge)
                                                     33.333    33.333 r  
    BSCAN_X0Y1           BSCANE2                      0.000    33.333 r  u_cpu_unit/cpu_i/microblaze_mcs_0/inst/mdm_0/U0/Use_E2.BSCAN_I/Use_E2.BSCANE2_I/UPDATE
                         net (fo=40, routed)          3.703    37.036    u_cpu_unit/cpu_i/microblaze_mcs_0/inst/microblaze_I/U0/MicroBlaze_Core_I/Area.Core/Implement_Debug_Logic.Master_Core.Debug_Area/Dbg_Update
    SLICE_X54Y57         FDCE                                         r  u_cpu_unit/cpu_i/microblaze_mcs_0/inst/microblaze_I/U0/MicroBlaze_Core_I/Area.Core/Implement_Debug_Logic.Master_Core.Debug_Area/Serial_Dbg_Intf.control_reg_reg[0]/C
                         clock pessimism              0.284    37.320    
                         clock uncertainty           -0.035    37.284    
    SLICE_X54Y57         FDCE (Setup_fdce_C_CE)      -0.240    37.044    u_cpu_unit/cpu_i/microblaze_mcs_0/inst/microblaze_I/U0/MicroBlaze_Core_I/Area.Core/Implement_Debug_Logic.Master_Core.Debug_Area/Serial_Dbg_Intf.control_reg_reg[0]
  -------------------------------------------------------------------
                         required time                         37.044    
                         arrival time                         -23.686    
  -------------------------------------------------------------------
                         slack                                 13.358    

Slack (MET) :             13.358ns  (required time - arrival time)
  Source:                 u_cpu_unit/cpu_i/microblaze_mcs_0/inst/mdm_0/U0/MDM_Core_I1/JTAG_CONTROL_I/Use_BSCAN.FDC_I/Using_FPGA.Native/C
                            (falling edge-triggered cell FDCE clocked by u_cpu_unit/cpu_i/microblaze_mcs_0/inst/mdm_0/U0/Use_E2.BSCAN_I/Use_E2.BSCANE2_I/UPDATE  {rise@0.000ns fall@16.667ns period=33.333ns})
  Destination:            u_cpu_unit/cpu_i/microblaze_mcs_0/inst/microblaze_I/U0/MicroBlaze_Core_I/Area.Core/Implement_Debug_Logic.Master_Core.Debug_Area/Serial_Dbg_Intf.control_reg_reg[4]/CE
                            (rising edge-triggered cell FDCE clocked by u_cpu_unit/cpu_i/microblaze_mcs_0/inst/mdm_0/U0/Use_E2.BSCAN_I/Use_E2.BSCANE2_I/UPDATE  {rise@0.000ns fall@16.667ns period=33.333ns})
  Path Group:             u_cpu_unit/cpu_i/microblaze_mcs_0/inst/mdm_0/U0/Use_E2.BSCAN_I/Use_E2.BSCANE2_I/UPDATE
  Path Type:              Setup (Max at Slow Process Corner)
  Requirement:            16.667ns  (u_cpu_unit/cpu_i/microblaze_mcs_0/inst/mdm_0/U0/Use_E2.BSCAN_I/Use_E2.BSCANE2_I/UPDATE rise@33.333ns - u_cpu_unit/cpu_i/microblaze_mcs_0/inst/mdm_0/U0/Use_E2.BSCAN_I/Use_E2.BSCANE2_I/UPDATE fall@16.667ns)
  Data Path Delay:        4.664ns  (logic 0.600ns (12.865%)  route 4.064ns (87.135%))
  Logic Levels:           3  (LUT3=1 LUT4=1 LUT5=1)
  Clock Path Skew:        1.631ns (DCD - SCD + CPR)
    Destination Clock Delay (DCD):    3.703ns = ( 37.036 - 33.333 ) 
    Source Clock Delay      (SCD):    2.356ns = ( 19.023 - 16.667 ) 
    Clock Pessimism Removal (CPR):    0.284ns
  Clock Uncertainty:      0.035ns  ((TSJ^2 + TIJ^2)^1/2 + DJ) / 2 + PE
    Total System Jitter     (TSJ):    0.071ns
    Total Input Jitter      (TIJ):    0.000ns
    Discrete Jitter          (DJ):    0.000ns
    Phase Error              (PE):    0.000ns

    Location             Delay type                Incr(ns)  Path(ns)    Netlist Resource(s)
  -------------------------------------------------------------------    -------------------
                         (clock u_cpu_unit/cpu_i/microblaze_mcs_0/inst/mdm_0/U0/Use_E2.BSCAN_I/Use_E2.BSCANE2_I/UPDATE fall edge)
                                                     16.667    16.667 f  
    BSCAN_X0Y1           BSCANE2                      0.000    16.667 f  u_cpu_unit/cpu_i/microblaze_mcs_0/inst/mdm_0/U0/Use_E2.BSCAN_I/Use_E2.BSCANE2_I/UPDATE
                         net (fo=40, routed)          2.356    19.023    u_cpu_unit/cpu_i/microblaze_mcs_0/inst/mdm_0/U0/MDM_Core_I1/JTAG_CONTROL_I/Use_BSCAN.FDC_I/CLK
    SLICE_X31Y58         FDCE                                         r  u_cpu_unit/cpu_i/microblaze_mcs_0/inst/mdm_0/U0/MDM_Core_I1/JTAG_CONTROL_I/Use_BSCAN.FDC_I/Using_FPGA.Native/C  (IS_INVERTED)
  -------------------------------------------------------------------    -------------------
    SLICE_X31Y58         FDCE (Prop_fdce_C_Q)         0.285    19.308 f  u_cpu_unit/cpu_i/microblaze_mcs_0/inst/mdm_0/U0/MDM_Core_I1/JTAG_CONTROL_I/Use_BSCAN.FDC_I/Using_FPGA.Native/Q
                         net (fo=17, routed)          0.978    20.285    u_cpu_unit/cpu_i/microblaze_mcs_0/inst/mdm_0/U0/MDM_Core_I1/JTAG_CONTROL_I/Use_BSCAN.FDC_I/Q_0
    SLICE_X33Y60         LUT3 (Prop_lut3_I1_O)        0.105    20.390 f  u_cpu_unit/cpu_i/microblaze_mcs_0/inst/mdm_0/U0/MDM_Core_I1/JTAG_CONTROL_I/Use_BSCAN.FDC_I/Dbg_Reg_En_0[0]_INST_0/O
                         net (fo=4, routed)           0.814    21.204    u_cpu_unit/cpu_i/microblaze_mcs_0/inst/microblaze_I/U0/MicroBlaze_Core_I/Area.Core/Implement_Debug_Logic.Master_Core.Debug_Area/Dbg_Reg_En[0]
    SLICE_X34Y60         LUT4 (Prop_lut4_I0_O)        0.105    21.309 f  u_cpu_unit/cpu_i/microblaze_mcs_0/inst/microblaze_I/U0/MicroBlaze_Core_I/Area.Core/Implement_Debug_Logic.Master_Core.Debug_Area/Serial_Dbg_Intf.dbg_wakeup_i_i_3/O
                         net (fo=6, routed)           0.877    22.186    u_cpu_unit/cpu_i/microblaze_mcs_0/inst/microblaze_I/U0/MicroBlaze_Core_I/Area.Core/Implement_Debug_Logic.Master_Core.Debug_Area/Serial_Dbg_Intf.control_reg_reg[8]_0
    SLICE_X34Y61         LUT5 (Prop_lut5_I0_O)        0.105    22.291 r  u_cpu_unit/cpu_i/microblaze_mcs_0/inst/microblaze_I/U0/MicroBlaze_Core_I/Area.Core/Implement_Debug_Logic.Master_Core.Debug_Area/Serial_Dbg_Intf.dbg_wakeup_i_i_1/O
                         net (fo=9, routed)           1.395    23.686    u_cpu_unit/cpu_i/microblaze_mcs_0/inst/microblaze_I/U0/MicroBlaze_Core_I/Area.Core/Implement_Debug_Logic.Master_Core.Debug_Area/Control_Reg_En
    SLICE_X54Y57         FDCE                                         r  u_cpu_unit/cpu_i/microblaze_mcs_0/inst/microblaze_I/U0/MicroBlaze_Core_I/Area.Core/Implement_Debug_Logic.Master_Core.Debug_Area/Serial_Dbg_Intf.control_reg_reg[4]/CE
  -------------------------------------------------------------------    -------------------

                         (clock u_cpu_unit/cpu_i/microblaze_mcs_0/inst/mdm_0/U0/Use_E2.BSCAN_I/Use_E2.BSCANE2_I/UPDATE rise edge)
                                                     33.333    33.333 r  
    BSCAN_X0Y1           BSCANE2                      0.000    33.333 r  u_cpu_unit/cpu_i/microblaze_mcs_0/inst/mdm_0/U0/Use_E2.BSCAN_I/Use_E2.BSCANE2_I/UPDATE
                         net (fo=40, routed)          3.703    37.036    u_cpu_unit/cpu_i/microblaze_mcs_0/inst/microblaze_I/U0/MicroBlaze_Core_I/Area.Core/Implement_Debug_Logic.Master_Core.Debug_Area/Dbg_Update
    SLICE_X54Y57         FDCE                                         r  u_cpu_unit/cpu_i/microblaze_mcs_0/inst/microblaze_I/U0/MicroBlaze_Core_I/Area.Core/Implement_Debug_Logic.Master_Core.Debug_Area/Serial_Dbg_Intf.control_reg_reg[4]/C
                         clock pessimism              0.284    37.320    
                         clock uncertainty           -0.035    37.284    
    SLICE_X54Y57         FDCE (Setup_fdce_C_CE)      -0.240    37.044    u_cpu_unit/cpu_i/microblaze_mcs_0/inst/microblaze_I/U0/MicroBlaze_Core_I/Area.Core/Implement_Debug_Logic.Master_Core.Debug_Area/Serial_Dbg_Intf.control_reg_reg[4]
  -------------------------------------------------------------------
                         required time                         37.044    
                         arrival time                         -23.686    
  -------------------------------------------------------------------
                         slack                                 13.358    

Slack (MET) :             13.358ns  (required time - arrival time)
  Source:                 u_cpu_unit/cpu_i/microblaze_mcs_0/inst/mdm_0/U0/MDM_Core_I1/JTAG_CONTROL_I/Use_BSCAN.FDC_I/Using_FPGA.Native/C
                            (falling edge-triggered cell FDCE clocked by u_cpu_unit/cpu_i/microblaze_mcs_0/inst/mdm_0/U0/Use_E2.BSCAN_I/Use_E2.BSCANE2_I/UPDATE  {rise@0.000ns fall@16.667ns period=33.333ns})
  Destination:            u_cpu_unit/cpu_i/microblaze_mcs_0/inst/microblaze_I/U0/MicroBlaze_Core_I/Area.Core/Implement_Debug_Logic.Master_Core.Debug_Area/Serial_Dbg_Intf.control_reg_reg[5]/CE
                            (rising edge-triggered cell FDCE clocked by u_cpu_unit/cpu_i/microblaze_mcs_0/inst/mdm_0/U0/Use_E2.BSCAN_I/Use_E2.BSCANE2_I/UPDATE  {rise@0.000ns fall@16.667ns period=33.333ns})
  Path Group:             u_cpu_unit/cpu_i/microblaze_mcs_0/inst/mdm_0/U0/Use_E2.BSCAN_I/Use_E2.BSCANE2_I/UPDATE
  Path Type:              Setup (Max at Slow Process Corner)
  Requirement:            16.667ns  (u_cpu_unit/cpu_i/microblaze_mcs_0/inst/mdm_0/U0/Use_E2.BSCAN_I/Use_E2.BSCANE2_I/UPDATE rise@33.333ns - u_cpu_unit/cpu_i/microblaze_mcs_0/inst/mdm_0/U0/Use_E2.BSCAN_I/Use_E2.BSCANE2_I/UPDATE fall@16.667ns)
  Data Path Delay:        4.664ns  (logic 0.600ns (12.865%)  route 4.064ns (87.135%))
  Logic Levels:           3  (LUT3=1 LUT4=1 LUT5=1)
  Clock Path Skew:        1.631ns (DCD - SCD + CPR)
    Destination Clock Delay (DCD):    3.703ns = ( 37.036 - 33.333 ) 
    Source Clock Delay      (SCD):    2.356ns = ( 19.023 - 16.667 ) 
    Clock Pessimism Removal (CPR):    0.284ns
  Clock Uncertainty:      0.035ns  ((TSJ^2 + TIJ^2)^1/2 + DJ) / 2 + PE
    Total System Jitter     (TSJ):    0.071ns
    Total Input Jitter      (TIJ):    0.000ns
    Discrete Jitter          (DJ):    0.000ns
    Phase Error              (PE):    0.000ns

    Location             Delay type                Incr(ns)  Path(ns)    Netlist Resource(s)
  -------------------------------------------------------------------    -------------------
                         (clock u_cpu_unit/cpu_i/microblaze_mcs_0/inst/mdm_0/U0/Use_E2.BSCAN_I/Use_E2.BSCANE2_I/UPDATE fall edge)
                                                     16.667    16.667 f  
    BSCAN_X0Y1           BSCANE2                      0.000    16.667 f  u_cpu_unit/cpu_i/microblaze_mcs_0/inst/mdm_0/U0/Use_E2.BSCAN_I/Use_E2.BSCANE2_I/UPDATE
                         net (fo=40, routed)          2.356    19.023    u_cpu_unit/cpu_i/microblaze_mcs_0/inst/mdm_0/U0/MDM_Core_I1/JTAG_CONTROL_I/Use_BSCAN.FDC_I/CLK
    SLICE_X31Y58         FDCE                                         r  u_cpu_unit/cpu_i/microblaze_mcs_0/inst/mdm_0/U0/MDM_Core_I1/JTAG_CONTROL_I/Use_BSCAN.FDC_I/Using_FPGA.Native/C  (IS_INVERTED)
  -------------------------------------------------------------------    -------------------
    SLICE_X31Y58         FDCE (Prop_fdce_C_Q)         0.285    19.308 f  u_cpu_unit/cpu_i/microblaze_mcs_0/inst/mdm_0/U0/MDM_Core_I1/JTAG_CONTROL_I/Use_BSCAN.FDC_I/Using_FPGA.Native/Q
                         net (fo=17, routed)          0.978    20.285    u_cpu_unit/cpu_i/microblaze_mcs_0/inst/mdm_0/U0/MDM_Core_I1/JTAG_CONTROL_I/Use_BSCAN.FDC_I/Q_0
    SLICE_X33Y60         LUT3 (Prop_lut3_I1_O)        0.105    20.390 f  u_cpu_unit/cpu_i/microblaze_mcs_0/inst/mdm_0/U0/MDM_Core_I1/JTAG_CONTROL_I/Use_BSCAN.FDC_I/Dbg_Reg_En_0[0]_INST_0/O
                         net (fo=4, routed)           0.814    21.204    u_cpu_unit/cpu_i/microblaze_mcs_0/inst/microblaze_I/U0/MicroBlaze_Core_I/Area.Core/Implement_Debug_Logic.Master_Core.Debug_Area/Dbg_Reg_En[0]
    SLICE_X34Y60         LUT4 (Prop_lut4_I0_O)        0.105    21.309 f  u_cpu_unit/cpu_i/microblaze_mcs_0/inst/microblaze_I/U0/MicroBlaze_Core_I/Area.Core/Implement_Debug_Logic.Master_Core.Debug_Area/Serial_Dbg_Intf.dbg_wakeup_i_i_3/O
                         net (fo=6, routed)           0.877    22.186    u_cpu_unit/cpu_i/microblaze_mcs_0/inst/microblaze_I/U0/MicroBlaze_Core_I/Area.Core/Implement_Debug_Logic.Master_Core.Debug_Area/Serial_Dbg_Intf.control_reg_reg[8]_0
    SLICE_X34Y61         LUT5 (Prop_lut5_I0_O)        0.105    22.291 r  u_cpu_unit/cpu_i/microblaze_mcs_0/inst/microblaze_I/U0/MicroBlaze_Core_I/Area.Core/Implement_Debug_Logic.Master_Core.Debug_Area/Serial_Dbg_Intf.dbg_wakeup_i_i_1/O
                         net (fo=9, routed)           1.395    23.686    u_cpu_unit/cpu_i/microblaze_mcs_0/inst/microblaze_I/U0/MicroBlaze_Core_I/Area.Core/Implement_Debug_Logic.Master_Core.Debug_Area/Control_Reg_En
    SLICE_X54Y57         FDCE                                         r  u_cpu_unit/cpu_i/microblaze_mcs_0/inst/microblaze_I/U0/MicroBlaze_Core_I/Area.Core/Implement_Debug_Logic.Master_Core.Debug_Area/Serial_Dbg_Intf.control_reg_reg[5]/CE
  -------------------------------------------------------------------    -------------------

                         (clock u_cpu_unit/cpu_i/microblaze_mcs_0/inst/mdm_0/U0/Use_E2.BSCAN_I/Use_E2.BSCANE2_I/UPDATE rise edge)
                                                     33.333    33.333 r  
    BSCAN_X0Y1           BSCANE2                      0.000    33.333 r  u_cpu_unit/cpu_i/microblaze_mcs_0/inst/mdm_0/U0/Use_E2.BSCAN_I/Use_E2.BSCANE2_I/UPDATE
                         net (fo=40, routed)          3.703    37.036    u_cpu_unit/cpu_i/microblaze_mcs_0/inst/microblaze_I/U0/MicroBlaze_Core_I/Area.Core/Implement_Debug_Logic.Master_Core.Debug_Area/Dbg_Update
    SLICE_X54Y57         FDCE                                         r  u_cpu_unit/cpu_i/microblaze_mcs_0/inst/microblaze_I/U0/MicroBlaze_Core_I/Area.Core/Implement_Debug_Logic.Master_Core.Debug_Area/Serial_Dbg_Intf.control_reg_reg[5]/C
                         clock pessimism              0.284    37.320    
                         clock uncertainty           -0.035    37.284    
    SLICE_X54Y57         FDCE (Setup_fdce_C_CE)      -0.240    37.044    u_cpu_unit/cpu_i/microblaze_mcs_0/inst/microblaze_I/U0/MicroBlaze_Core_I/Area.Core/Implement_Debug_Logic.Master_Core.Debug_Area/Serial_Dbg_Intf.control_reg_reg[5]
  -------------------------------------------------------------------
                         required time                         37.044    
                         arrival time                         -23.686    
  -------------------------------------------------------------------
                         slack                                 13.358    

Slack (MET) :             13.393ns  (required time - arrival time)
  Source:                 u_cpu_unit/cpu_i/microblaze_mcs_0/inst/mdm_0/U0/MDM_Core_I1/JTAG_CONTROL_I/Use_BSCAN.FDC_I/Using_FPGA.Native/C
                            (falling edge-triggered cell FDCE clocked by u_cpu_unit/cpu_i/microblaze_mcs_0/inst/mdm_0/U0/Use_E2.BSCAN_I/Use_E2.BSCANE2_I/UPDATE  {rise@0.000ns fall@16.667ns period=33.333ns})
  Destination:            u_cpu_unit/cpu_i/microblaze_mcs_0/inst/microblaze_I/U0/MicroBlaze_Core_I/Area.Core/Implement_Debug_Logic.Master_Core.Debug_Area/Serial_Dbg_Intf.command_reg_reg[0]/CE
                            (rising edge-triggered cell FDCE clocked by u_cpu_unit/cpu_i/microblaze_mcs_0/inst/mdm_0/U0/Use_E2.BSCAN_I/Use_E2.BSCANE2_I/UPDATE  {rise@0.000ns fall@16.667ns period=33.333ns})
  Path Group:             u_cpu_unit/cpu_i/microblaze_mcs_0/inst/mdm_0/U0/Use_E2.BSCAN_I/Use_E2.BSCANE2_I/UPDATE
  Path Type:              Setup (Max at Slow Process Corner)
  Requirement:            16.667ns  (u_cpu_unit/cpu_i/microblaze_mcs_0/inst/mdm_0/U0/Use_E2.BSCAN_I/Use_E2.BSCANE2_I/UPDATE rise@33.333ns - u_cpu_unit/cpu_i/microblaze_mcs_0/inst/mdm_0/U0/Use_E2.BSCAN_I/Use_E2.BSCANE2_I/UPDATE fall@16.667ns)
  Data Path Delay:        3.645ns  (logic 0.600ns (16.461%)  route 3.045ns (83.539%))
  Logic Levels:           3  (LUT3=1 LUT4=1 LUT5=1)
  Clock Path Skew:        0.650ns (DCD - SCD + CPR)
    Destination Clock Delay (DCD):    2.722ns = ( 36.055 - 33.333 ) 
    Source Clock Delay      (SCD):    2.356ns = ( 19.023 - 16.667 ) 
    Clock Pessimism Removal (CPR):    0.284ns
  Clock Uncertainty:      0.035ns  ((TSJ^2 + TIJ^2)^1/2 + DJ) / 2 + PE
    Total System Jitter     (TSJ):    0.071ns
    Total Input Jitter      (TIJ):    0.000ns
    Discrete Jitter          (DJ):    0.000ns
    Phase Error              (PE):    0.000ns

    Location             Delay type                Incr(ns)  Path(ns)    Netlist Resource(s)
  -------------------------------------------------------------------    -------------------
                         (clock u_cpu_unit/cpu_i/microblaze_mcs_0/inst/mdm_0/U0/Use_E2.BSCAN_I/Use_E2.BSCANE2_I/UPDATE fall edge)
                                                     16.667    16.667 f  
    BSCAN_X0Y1           BSCANE2                      0.000    16.667 f  u_cpu_unit/cpu_i/microblaze_mcs_0/inst/mdm_0/U0/Use_E2.BSCAN_I/Use_E2.BSCANE2_I/UPDATE
                         net (fo=40, routed)          2.356    19.023    u_cpu_unit/cpu_i/microblaze_mcs_0/inst/mdm_0/U0/MDM_Core_I1/JTAG_CONTROL_I/Use_BSCAN.FDC_I/CLK
    SLICE_X31Y58         FDCE                                         r  u_cpu_unit/cpu_i/microblaze_mcs_0/inst/mdm_0/U0/MDM_Core_I1/JTAG_CONTROL_I/Use_BSCAN.FDC_I/Using_FPGA.Native/C  (IS_INVERTED)
  -------------------------------------------------------------------    -------------------
    SLICE_X31Y58         FDCE (Prop_fdce_C_Q)         0.285    19.308 f  u_cpu_unit/cpu_i/microblaze_mcs_0/inst/mdm_0/U0/MDM_Core_I1/JTAG_CONTROL_I/Use_BSCAN.FDC_I/Using_FPGA.Native/Q
                         net (fo=17, routed)          0.978    20.285    u_cpu_unit/cpu_i/microblaze_mcs_0/inst/mdm_0/U0/MDM_Core_I1/JTAG_CONTROL_I/Use_BSCAN.FDC_I/Q_0
    SLICE_X33Y60         LUT3 (Prop_lut3_I1_O)        0.105    20.390 f  u_cpu_unit/cpu_i/microblaze_mcs_0/inst/mdm_0/U0/MDM_Core_I1/JTAG_CONTROL_I/Use_BSCAN.FDC_I/Dbg_Reg_En_0[0]_INST_0/O
                         net (fo=4, routed)           0.814    21.204    u_cpu_unit/cpu_i/microblaze_mcs_0/inst/microblaze_I/U0/MicroBlaze_Core_I/Area.Core/Implement_Debug_Logic.Master_Core.Debug_Area/Dbg_Reg_En[0]
    SLICE_X34Y60         LUT4 (Prop_lut4_I0_O)        0.105    21.309 f  u_cpu_unit/cpu_i/microblaze_mcs_0/inst/microblaze_I/U0/MicroBlaze_Core_I/Area.Core/Implement_Debug_Logic.Master_Core.Debug_Area/Serial_Dbg_Intf.dbg_wakeup_i_i_3/O
                         net (fo=6, routed)           0.742    22.051    u_cpu_unit/cpu_i/microblaze_mcs_0/inst/microblaze_I/U0/MicroBlaze_Core_I/Area.Core/Implement_Debug_Logic.Master_Core.Debug_Area/Serial_Dbg_Intf.control_reg_reg[8]_0
    SLICE_X35Y60         LUT5 (Prop_lut5_I0_O)        0.105    22.156 r  u_cpu_unit/cpu_i/microblaze_mcs_0/inst/microblaze_I/U0/MicroBlaze_Core_I/Area.Core/Implement_Debug_Logic.Master_Core.Debug_Area/Serial_Dbg_Intf.command_reg[0]_i_1/O
                         net (fo=2, routed)           0.511    22.668    u_cpu_unit/cpu_i/microblaze_mcs_0/inst/microblaze_I/U0/MicroBlaze_Core_I/Area.Core/Implement_Debug_Logic.Master_Core.Debug_Area/Command_Reg_En
    SLICE_X40Y59         FDCE                                         r  u_cpu_unit/cpu_i/microblaze_mcs_0/inst/microblaze_I/U0/MicroBlaze_Core_I/Area.Core/Implement_Debug_Logic.Master_Core.Debug_Area/Serial_Dbg_Intf.command_reg_reg[0]/CE
  -------------------------------------------------------------------    -------------------

                         (clock u_cpu_unit/cpu_i/microblaze_mcs_0/inst/mdm_0/U0/Use_E2.BSCAN_I/Use_E2.BSCANE2_I/UPDATE rise edge)
                                                     33.333    33.333 r  
    BSCAN_X0Y1           BSCANE2                      0.000    33.333 r  u_cpu_unit/cpu_i/microblaze_mcs_0/inst/mdm_0/U0/Use_E2.BSCAN_I/Use_E2.BSCANE2_I/UPDATE
                         net (fo=40, routed)          2.722    36.055    u_cpu_unit/cpu_i/microblaze_mcs_0/inst/microblaze_I/U0/MicroBlaze_Core_I/Area.Core/Implement_Debug_Logic.Master_Core.Debug_Area/Dbg_Update
    SLICE_X40Y59         FDCE                                         r  u_cpu_unit/cpu_i/microblaze_mcs_0/inst/microblaze_I/U0/MicroBlaze_Core_I/Area.Core/Implement_Debug_Logic.Master_Core.Debug_Area/Serial_Dbg_Intf.command_reg_reg[0]/C
                         clock pessimism              0.284    36.339    
                         clock uncertainty           -0.035    36.304    
    SLICE_X40Y59         FDCE (Setup_fdce_C_CE)      -0.243    36.061    u_cpu_unit/cpu_i/microblaze_mcs_0/inst/microblaze_I/U0/MicroBlaze_Core_I/Area.Core/Implement_Debug_Logic.Master_Core.Debug_Area/Serial_Dbg_Intf.command_reg_reg[0]
  -------------------------------------------------------------------
                         required time                         36.061    
                         arrival time                         -22.668    
  -------------------------------------------------------------------
                         slack                                 13.393    





Min Delay Paths
--------------------------------------------------------------------------------------
Slack (MET) :             0.313ns  (arrival time - required time)
  Source:                 u_cpu_unit/cpu_i/microblaze_mcs_0/inst/mdm_0/U0/MDM_Core_I1/JTAG_CONTROL_I/Use_BSCAN.FDC_I/Using_FPGA.Native/C
                            (falling edge-triggered cell FDCE clocked by u_cpu_unit/cpu_i/microblaze_mcs_0/inst/mdm_0/U0/Use_E2.BSCAN_I/Use_E2.BSCANE2_I/UPDATE  {rise@0.000ns fall@16.667ns period=33.333ns})
  Destination:            u_cpu_unit/cpu_i/microblaze_mcs_0/inst/mdm_0/U0/MDM_Core_I1/JTAG_CONTROL_I/Use_BSCAN.FDC_I/Using_FPGA.Native/D
                            (falling edge-triggered cell FDCE clocked by u_cpu_unit/cpu_i/microblaze_mcs_0/inst/mdm_0/U0/Use_E2.BSCAN_I/Use_E2.BSCANE2_I/UPDATE  {rise@0.000ns fall@16.667ns period=33.333ns})
  Path Group:             u_cpu_unit/cpu_i/microblaze_mcs_0/inst/mdm_0/U0/Use_E2.BSCAN_I/Use_E2.BSCANE2_I/UPDATE
  Path Type:              Hold (Min at Fast Process Corner)
  Requirement:            0.000ns  (u_cpu_unit/cpu_i/microblaze_mcs_0/inst/mdm_0/U0/Use_E2.BSCAN_I/Use_E2.BSCANE2_I/UPDATE fall@16.667ns - u_cpu_unit/cpu_i/microblaze_mcs_0/inst/mdm_0/U0/Use_E2.BSCAN_I/Use_E2.BSCANE2_I/UPDATE fall@16.667ns)
  Data Path Delay:        0.368ns  (logic 0.157ns (42.653%)  route 0.211ns (57.347%))
  Logic Levels:           1  (LUT1=1)
  Clock Path Skew:        0.000ns (DCD - SCD - CPR)
    Destination Clock Delay (DCD):    1.348ns = ( 18.015 - 16.667 ) 
    Source Clock Delay      (SCD):    1.161ns = ( 17.828 - 16.667 ) 
    Clock Pessimism Removal (CPR):    0.187ns

    Location             Delay type                Incr(ns)  Path(ns)    Netlist Resource(s)
  -------------------------------------------------------------------    -------------------
                         (clock u_cpu_unit/cpu_i/microblaze_mcs_0/inst/mdm_0/U0/Use_E2.BSCAN_I/Use_E2.BSCANE2_I/UPDATE fall edge)
                                                     16.667    16.667 f  
    BSCAN_X0Y1           BSCANE2                      0.000    16.667 f  u_cpu_unit/cpu_i/microblaze_mcs_0/inst/mdm_0/U0/Use_E2.BSCAN_I/Use_E2.BSCANE2_I/UPDATE
                         net (fo=40, routed)          1.161    17.828    u_cpu_unit/cpu_i/microblaze_mcs_0/inst/mdm_0/U0/MDM_Core_I1/JTAG_CONTROL_I/Use_BSCAN.FDC_I/CLK
    SLICE_X31Y58         FDCE                                         r  u_cpu_unit/cpu_i/microblaze_mcs_0/inst/mdm_0/U0/MDM_Core_I1/JTAG_CONTROL_I/Use_BSCAN.FDC_I/Using_FPGA.Native/C  (IS_INVERTED)
  -------------------------------------------------------------------    -------------------
    SLICE_X31Y58         FDCE (Prop_fdce_C_Q)         0.112    17.940 f  u_cpu_unit/cpu_i/microblaze_mcs_0/inst/mdm_0/U0/MDM_Core_I1/JTAG_CONTROL_I/Use_BSCAN.FDC_I/Using_FPGA.Native/Q
                         net (fo=17, routed)          0.211    18.151    u_cpu_unit/cpu_i/microblaze_mcs_0/inst/mdm_0/U0/MDM_Core_I1/JTAG_CONTROL_I/Use_BSCAN.FDC_I/Q_0
    SLICE_X31Y58         LUT1 (Prop_lut1_I0_O)        0.045    18.196 r  u_cpu_unit/cpu_i/microblaze_mcs_0/inst/mdm_0/U0/MDM_Core_I1/JTAG_CONTROL_I/Use_BSCAN.FDC_I/Using_FPGA.Native_i_1__0/O
                         net (fo=2, routed)           0.000    18.196    u_cpu_unit/cpu_i/microblaze_mcs_0/inst/mdm_0/U0/MDM_Core_I1/JTAG_CONTROL_I/Use_BSCAN.FDC_I/D_1
    SLICE_X31Y58         FDCE                                         r  u_cpu_unit/cpu_i/microblaze_mcs_0/inst/mdm_0/U0/MDM_Core_I1/JTAG_CONTROL_I/Use_BSCAN.FDC_I/Using_FPGA.Native/D
  -------------------------------------------------------------------    -------------------

                         (clock u_cpu_unit/cpu_i/microblaze_mcs_0/inst/mdm_0/U0/Use_E2.BSCAN_I/Use_E2.BSCANE2_I/UPDATE fall edge)
                                                     16.667    16.667 f  
    BSCAN_X0Y1           BSCANE2                      0.000    16.667 f  u_cpu_unit/cpu_i/microblaze_mcs_0/inst/mdm_0/U0/Use_E2.BSCAN_I/Use_E2.BSCANE2_I/UPDATE
                         net (fo=40, routed)          1.348    18.015    u_cpu_unit/cpu_i/microblaze_mcs_0/inst/mdm_0/U0/MDM_Core_I1/JTAG_CONTROL_I/Use_BSCAN.FDC_I/CLK
    SLICE_X31Y58         FDCE                                         r  u_cpu_unit/cpu_i/microblaze_mcs_0/inst/mdm_0/U0/MDM_Core_I1/JTAG_CONTROL_I/Use_BSCAN.FDC_I/Using_FPGA.Native/C  (IS_INVERTED)
                         clock pessimism             -0.187    17.828    
    SLICE_X31Y58         FDCE (Hold_fdce_C_D)         0.055    17.883    u_cpu_unit/cpu_i/microblaze_mcs_0/inst/mdm_0/U0/MDM_Core_I1/JTAG_CONTROL_I/Use_BSCAN.FDC_I/Using_FPGA.Native
  -------------------------------------------------------------------
                         required time                        -17.883    
                         arrival time                          18.196    
  -------------------------------------------------------------------
                         slack                                  0.313    

Slack (MET) :             0.336ns  (arrival time - required time)
  Source:                 u_cpu_unit/cpu_i/microblaze_mcs_0/inst/mdm_0/U0/MDM_Core_I1/Use_BSCAN.PORT_Selector_reg[3]/C
                            (falling edge-triggered cell FDCE clocked by u_cpu_unit/cpu_i/microblaze_mcs_0/inst/mdm_0/U0/Use_E2.BSCAN_I/Use_E2.BSCANE2_I/UPDATE  {rise@0.000ns fall@16.667ns period=33.333ns})
  Destination:            u_cpu_unit/cpu_i/microblaze_mcs_0/inst/mdm_0/U0/MDM_Core_I1/JTAG_CONTROL_I/Use_BSCAN.command_reg[0]/CE
                            (falling edge-triggered cell FDCE clocked by u_cpu_unit/cpu_i/microblaze_mcs_0/inst/mdm_0/U0/Use_E2.BSCAN_I/Use_E2.BSCANE2_I/UPDATE  {rise@0.000ns fall@16.667ns period=33.333ns})
  Path Group:             u_cpu_unit/cpu_i/microblaze_mcs_0/inst/mdm_0/U0/Use_E2.BSCAN_I/Use_E2.BSCANE2_I/UPDATE
  Path Type:              Hold (Min at Fast Process Corner)
  Requirement:            0.000ns  (u_cpu_unit/cpu_i/microblaze_mcs_0/inst/mdm_0/U0/Use_E2.BSCAN_I/Use_E2.BSCANE2_I/UPDATE fall@16.667ns - u_cpu_unit/cpu_i/microblaze_mcs_0/inst/mdm_0/U0/Use_E2.BSCAN_I/Use_E2.BSCANE2_I/UPDATE fall@16.667ns)
  Data Path Delay:        0.658ns  (logic 0.157ns (23.862%)  route 0.501ns (76.138%))
  Logic Levels:           1  (LUT5=1)
  Clock Path Skew:        0.397ns (DCD - SCD - CPR)
    Destination Clock Delay (DCD):    1.498ns = ( 18.164 - 16.667 ) 
    Source Clock Delay      (SCD):    0.955ns = ( 17.622 - 16.667 ) 
    Clock Pessimism Removal (CPR):    0.146ns

    Location             Delay type                Incr(ns)  Path(ns)    Netlist Resource(s)
  -------------------------------------------------------------------    -------------------
                         (clock u_cpu_unit/cpu_i/microblaze_mcs_0/inst/mdm_0/U0/Use_E2.BSCAN_I/Use_E2.BSCANE2_I/UPDATE fall edge)
                                                     16.667    16.667 f  
    BSCAN_X0Y1           BSCANE2                      0.000    16.667 f  u_cpu_unit/cpu_i/microblaze_mcs_0/inst/mdm_0/U0/Use_E2.BSCAN_I/Use_E2.BSCANE2_I/UPDATE
                         net (fo=40, routed)          0.955    17.622    u_cpu_unit/cpu_i/microblaze_mcs_0/inst/mdm_0/U0/MDM_Core_I1/CLK
    SLICE_X29Y56         FDCE                                         r  u_cpu_unit/cpu_i/microblaze_mcs_0/inst/mdm_0/U0/MDM_Core_I1/Use_BSCAN.PORT_Selector_reg[3]/C  (IS_INVERTED)
  -------------------------------------------------------------------    -------------------
    SLICE_X29Y56         FDCE (Prop_fdce_C_Q)         0.112    17.734 f  u_cpu_unit/cpu_i/microblaze_mcs_0/inst/mdm_0/U0/MDM_Core_I1/Use_BSCAN.PORT_Selector_reg[3]/Q
                         net (fo=7, routed)           0.255    17.989    u_cpu_unit/cpu_i/microblaze_mcs_0/inst/mdm_0/U0/MDM_Core_I1/JTAG_CONTROL_I/Use_BSCAN.PORT_Selector_reg[3][3]
    SLICE_X30Y56         LUT5 (Prop_lut5_I3_O)        0.045    18.034 r  u_cpu_unit/cpu_i/microblaze_mcs_0/inst/mdm_0/U0/MDM_Core_I1/JTAG_CONTROL_I/Use_BSCAN.command[0]_i_1/O
                         net (fo=9, routed)           0.246    18.280    u_cpu_unit/cpu_i/microblaze_mcs_0/inst/mdm_0/U0/MDM_Core_I1/JTAG_CONTROL_I/Use_BSCAN.command[0]_i_1_n_0
    SLICE_X32Y58         FDCE                                         r  u_cpu_unit/cpu_i/microblaze_mcs_0/inst/mdm_0/U0/MDM_Core_I1/JTAG_CONTROL_I/Use_BSCAN.command_reg[0]/CE
  -------------------------------------------------------------------    -------------------

                         (clock u_cpu_unit/cpu_i/microblaze_mcs_0/inst/mdm_0/U0/Use_E2.BSCAN_I/Use_E2.BSCANE2_I/UPDATE fall edge)
                                                     16.667    16.667 f  
    BSCAN_X0Y1           BSCANE2                      0.000    16.667 f  u_cpu_unit/cpu_i/microblaze_mcs_0/inst/mdm_0/U0/Use_E2.BSCAN_I/Use_E2.BSCANE2_I/UPDATE
                         net (fo=40, routed)          1.498    18.164    u_cpu_unit/cpu_i/microblaze_mcs_0/inst/mdm_0/U0/MDM_Core_I1/JTAG_CONTROL_I/CLK
    SLICE_X32Y58         FDCE                                         r  u_cpu_unit/cpu_i/microblaze_mcs_0/inst/mdm_0/U0/MDM_Core_I1/JTAG_CONTROL_I/Use_BSCAN.command_reg[0]/C  (IS_INVERTED)
                         clock pessimism             -0.146    18.018    
    SLICE_X32Y58         FDCE (Hold_fdce_C_CE)       -0.075    17.943    u_cpu_unit/cpu_i/microblaze_mcs_0/inst/mdm_0/U0/MDM_Core_I1/JTAG_CONTROL_I/Use_BSCAN.command_reg[0]
  -------------------------------------------------------------------
                         required time                        -17.943    
                         arrival time                          18.280    
  -------------------------------------------------------------------
                         slack                                  0.336    

Slack (MET) :             0.336ns  (arrival time - required time)
  Source:                 u_cpu_unit/cpu_i/microblaze_mcs_0/inst/mdm_0/U0/MDM_Core_I1/Use_BSCAN.PORT_Selector_reg[3]/C
                            (falling edge-triggered cell FDCE clocked by u_cpu_unit/cpu_i/microblaze_mcs_0/inst/mdm_0/U0/Use_E2.BSCAN_I/Use_E2.BSCANE2_I/UPDATE  {rise@0.000ns fall@16.667ns period=33.333ns})
  Destination:            u_cpu_unit/cpu_i/microblaze_mcs_0/inst/mdm_0/U0/MDM_Core_I1/JTAG_CONTROL_I/Use_BSCAN.command_reg[1]/CE
                            (falling edge-triggered cell FDCE clocked by u_cpu_unit/cpu_i/microblaze_mcs_0/inst/mdm_0/U0/Use_E2.BSCAN_I/Use_E2.BSCANE2_I/UPDATE  {rise@0.000ns fall@16.667ns period=33.333ns})
  Path Group:             u_cpu_unit/cpu_i/microblaze_mcs_0/inst/mdm_0/U0/Use_E2.BSCAN_I/Use_E2.BSCANE2_I/UPDATE
  Path Type:              Hold (Min at Fast Process Corner)
  Requirement:            0.000ns  (u_cpu_unit/cpu_i/microblaze_mcs_0/inst/mdm_0/U0/Use_E2.BSCAN_I/Use_E2.BSCANE2_I/UPDATE fall@16.667ns - u_cpu_unit/cpu_i/microblaze_mcs_0/inst/mdm_0/U0/Use_E2.BSCAN_I/Use_E2.BSCANE2_I/UPDATE fall@16.667ns)
  Data Path Delay:        0.658ns  (logic 0.157ns (23.862%)  route 0.501ns (76.138%))
  Logic Levels:           1  (LUT5=1)
  Clock Path Skew:        0.397ns (DCD - SCD - CPR)
    Destination Clock Delay (DCD):    1.498ns = ( 18.164 - 16.667 ) 
    Source Clock Delay      (SCD):    0.955ns = ( 17.622 - 16.667 ) 
    Clock Pessimism Removal (CPR):    0.146ns

    Location             Delay type                Incr(ns)  Path(ns)    Netlist Resource(s)
  -------------------------------------------------------------------    -------------------
                         (clock u_cpu_unit/cpu_i/microblaze_mcs_0/inst/mdm_0/U0/Use_E2.BSCAN_I/Use_E2.BSCANE2_I/UPDATE fall edge)
                                                     16.667    16.667 f  
    BSCAN_X0Y1           BSCANE2                      0.000    16.667 f  u_cpu_unit/cpu_i/microblaze_mcs_0/inst/mdm_0/U0/Use_E2.BSCAN_I/Use_E2.BSCANE2_I/UPDATE
                         net (fo=40, routed)          0.955    17.622    u_cpu_unit/cpu_i/microblaze_mcs_0/inst/mdm_0/U0/MDM_Core_I1/CLK
    SLICE_X29Y56         FDCE                                         r  u_cpu_unit/cpu_i/microblaze_mcs_0/inst/mdm_0/U0/MDM_Core_I1/Use_BSCAN.PORT_Selector_reg[3]/C  (IS_INVERTED)
  -------------------------------------------------------------------    -------------------
    SLICE_X29Y56         FDCE (Prop_fdce_C_Q)         0.112    17.734 f  u_cpu_unit/cpu_i/microblaze_mcs_0/inst/mdm_0/U0/MDM_Core_I1/Use_BSCAN.PORT_Selector_reg[3]/Q
                         net (fo=7, routed)           0.255    17.989    u_cpu_unit/cpu_i/microblaze_mcs_0/inst/mdm_0/U0/MDM_Core_I1/JTAG_CONTROL_I/Use_BSCAN.PORT_Selector_reg[3][3]
    SLICE_X30Y56         LUT5 (Prop_lut5_I3_O)        0.045    18.034 r  u_cpu_unit/cpu_i/microblaze_mcs_0/inst/mdm_0/U0/MDM_Core_I1/JTAG_CONTROL_I/Use_BSCAN.command[0]_i_1/O
                         net (fo=9, routed)           0.246    18.280    u_cpu_unit/cpu_i/microblaze_mcs_0/inst/mdm_0/U0/MDM_Core_I1/JTAG_CONTROL_I/Use_BSCAN.command[0]_i_1_n_0
    SLICE_X32Y58         FDCE                                         r  u_cpu_unit/cpu_i/microblaze_mcs_0/inst/mdm_0/U0/MDM_Core_I1/JTAG_CONTROL_I/Use_BSCAN.command_reg[1]/CE
  -------------------------------------------------------------------    -------------------

                         (clock u_cpu_unit/cpu_i/microblaze_mcs_0/inst/mdm_0/U0/Use_E2.BSCAN_I/Use_E2.BSCANE2_I/UPDATE fall edge)
                                                     16.667    16.667 f  
    BSCAN_X0Y1           BSCANE2                      0.000    16.667 f  u_cpu_unit/cpu_i/microblaze_mcs_0/inst/mdm_0/U0/Use_E2.BSCAN_I/Use_E2.BSCANE2_I/UPDATE
                         net (fo=40, routed)          1.498    18.164    u_cpu_unit/cpu_i/microblaze_mcs_0/inst/mdm_0/U0/MDM_Core_I1/JTAG_CONTROL_I/CLK
    SLICE_X32Y58         FDCE                                         r  u_cpu_unit/cpu_i/microblaze_mcs_0/inst/mdm_0/U0/MDM_Core_I1/JTAG_CONTROL_I/Use_BSCAN.command_reg[1]/C  (IS_INVERTED)
                         clock pessimism             -0.146    18.018    
    SLICE_X32Y58         FDCE (Hold_fdce_C_CE)       -0.075    17.943    u_cpu_unit/cpu_i/microblaze_mcs_0/inst/mdm_0/U0/MDM_Core_I1/JTAG_CONTROL_I/Use_BSCAN.command_reg[1]
  -------------------------------------------------------------------
                         required time                        -17.943    
                         arrival time                          18.280    
  -------------------------------------------------------------------
                         slack                                  0.336    

Slack (MET) :             0.336ns  (arrival time - required time)
  Source:                 u_cpu_unit/cpu_i/microblaze_mcs_0/inst/mdm_0/U0/MDM_Core_I1/Use_BSCAN.PORT_Selector_reg[3]/C
                            (falling edge-triggered cell FDCE clocked by u_cpu_unit/cpu_i/microblaze_mcs_0/inst/mdm_0/U0/Use_E2.BSCAN_I/Use_E2.BSCANE2_I/UPDATE  {rise@0.000ns fall@16.667ns period=33.333ns})
  Destination:            u_cpu_unit/cpu_i/microblaze_mcs_0/inst/mdm_0/U0/MDM_Core_I1/JTAG_CONTROL_I/Use_BSCAN.command_reg[2]/CE
                            (falling edge-triggered cell FDCE clocked by u_cpu_unit/cpu_i/microblaze_mcs_0/inst/mdm_0/U0/Use_E2.BSCAN_I/Use_E2.BSCANE2_I/UPDATE  {rise@0.000ns fall@16.667ns period=33.333ns})
  Path Group:             u_cpu_unit/cpu_i/microblaze_mcs_0/inst/mdm_0/U0/Use_E2.BSCAN_I/Use_E2.BSCANE2_I/UPDATE
  Path Type:              Hold (Min at Fast Process Corner)
  Requirement:            0.000ns  (u_cpu_unit/cpu_i/microblaze_mcs_0/inst/mdm_0/U0/Use_E2.BSCAN_I/Use_E2.BSCANE2_I/UPDATE fall@16.667ns - u_cpu_unit/cpu_i/microblaze_mcs_0/inst/mdm_0/U0/Use_E2.BSCAN_I/Use_E2.BSCANE2_I/UPDATE fall@16.667ns)
  Data Path Delay:        0.658ns  (logic 0.157ns (23.862%)  route 0.501ns (76.138%))
  Logic Levels:           1  (LUT5=1)
  Clock Path Skew:        0.397ns (DCD - SCD - CPR)
    Destination Clock Delay (DCD):    1.498ns = ( 18.164 - 16.667 ) 
    Source Clock Delay      (SCD):    0.955ns = ( 17.622 - 16.667 ) 
    Clock Pessimism Removal (CPR):    0.146ns

    Location             Delay type                Incr(ns)  Path(ns)    Netlist Resource(s)
  -------------------------------------------------------------------    -------------------
                         (clock u_cpu_unit/cpu_i/microblaze_mcs_0/inst/mdm_0/U0/Use_E2.BSCAN_I/Use_E2.BSCANE2_I/UPDATE fall edge)
                                                     16.667    16.667 f  
    BSCAN_X0Y1           BSCANE2                      0.000    16.667 f  u_cpu_unit/cpu_i/microblaze_mcs_0/inst/mdm_0/U0/Use_E2.BSCAN_I/Use_E2.BSCANE2_I/UPDATE
                         net (fo=40, routed)          0.955    17.622    u_cpu_unit/cpu_i/microblaze_mcs_0/inst/mdm_0/U0/MDM_Core_I1/CLK
    SLICE_X29Y56         FDCE                                         r  u_cpu_unit/cpu_i/microblaze_mcs_0/inst/mdm_0/U0/MDM_Core_I1/Use_BSCAN.PORT_Selector_reg[3]/C  (IS_INVERTED)
  -------------------------------------------------------------------    -------------------
    SLICE_X29Y56         FDCE (Prop_fdce_C_Q)         0.112    17.734 f  u_cpu_unit/cpu_i/microblaze_mcs_0/inst/mdm_0/U0/MDM_Core_I1/Use_BSCAN.PORT_Selector_reg[3]/Q
                         net (fo=7, routed)           0.255    17.989    u_cpu_unit/cpu_i/microblaze_mcs_0/inst/mdm_0/U0/MDM_Core_I1/JTAG_CONTROL_I/Use_BSCAN.PORT_Selector_reg[3][3]
    SLICE_X30Y56         LUT5 (Prop_lut5_I3_O)        0.045    18.034 r  u_cpu_unit/cpu_i/microblaze_mcs_0/inst/mdm_0/U0/MDM_Core_I1/JTAG_CONTROL_I/Use_BSCAN.command[0]_i_1/O
                         net (fo=9, routed)           0.246    18.280    u_cpu_unit/cpu_i/microblaze_mcs_0/inst/mdm_0/U0/MDM_Core_I1/JTAG_CONTROL_I/Use_BSCAN.command[0]_i_1_n_0
    SLICE_X32Y58         FDCE                                         r  u_cpu_unit/cpu_i/microblaze_mcs_0/inst/mdm_0/U0/MDM_Core_I1/JTAG_CONTROL_I/Use_BSCAN.command_reg[2]/CE
  -------------------------------------------------------------------    -------------------

                         (clock u_cpu_unit/cpu_i/microblaze_mcs_0/inst/mdm_0/U0/Use_E2.BSCAN_I/Use_E2.BSCANE2_I/UPDATE fall edge)
                                                     16.667    16.667 f  
    BSCAN_X0Y1           BSCANE2                      0.000    16.667 f  u_cpu_unit/cpu_i/microblaze_mcs_0/inst/mdm_0/U0/Use_E2.BSCAN_I/Use_E2.BSCANE2_I/UPDATE
                         net (fo=40, routed)          1.498    18.164    u_cpu_unit/cpu_i/microblaze_mcs_0/inst/mdm_0/U0/MDM_Core_I1/JTAG_CONTROL_I/CLK
    SLICE_X32Y58         FDCE                                         r  u_cpu_unit/cpu_i/microblaze_mcs_0/inst/mdm_0/U0/MDM_Core_I1/JTAG_CONTROL_I/Use_BSCAN.command_reg[2]/C  (IS_INVERTED)
                         clock pessimism             -0.146    18.018    
    SLICE_X32Y58         FDCE (Hold_fdce_C_CE)       -0.075    17.943    u_cpu_unit/cpu_i/microblaze_mcs_0/inst/mdm_0/U0/MDM_Core_I1/JTAG_CONTROL_I/Use_BSCAN.command_reg[2]
  -------------------------------------------------------------------
                         required time                        -17.943    
                         arrival time                          18.280    
  -------------------------------------------------------------------
                         slack                                  0.336    

Slack (MET) :             0.336ns  (arrival time - required time)
  Source:                 u_cpu_unit/cpu_i/microblaze_mcs_0/inst/mdm_0/U0/MDM_Core_I1/Use_BSCAN.PORT_Selector_reg[3]/C
                            (falling edge-triggered cell FDCE clocked by u_cpu_unit/cpu_i/microblaze_mcs_0/inst/mdm_0/U0/Use_E2.BSCAN_I/Use_E2.BSCANE2_I/UPDATE  {rise@0.000ns fall@16.667ns period=33.333ns})
  Destination:            u_cpu_unit/cpu_i/microblaze_mcs_0/inst/mdm_0/U0/MDM_Core_I1/JTAG_CONTROL_I/Use_BSCAN.command_reg[3]/CE
                            (falling edge-triggered cell FDCE clocked by u_cpu_unit/cpu_i/microblaze_mcs_0/inst/mdm_0/U0/Use_E2.BSCAN_I/Use_E2.BSCANE2_I/UPDATE  {rise@0.000ns fall@16.667ns period=33.333ns})
  Path Group:             u_cpu_unit/cpu_i/microblaze_mcs_0/inst/mdm_0/U0/Use_E2.BSCAN_I/Use_E2.BSCANE2_I/UPDATE
  Path Type:              Hold (Min at Fast Process Corner)
  Requirement:            0.000ns  (u_cpu_unit/cpu_i/microblaze_mcs_0/inst/mdm_0/U0/Use_E2.BSCAN_I/Use_E2.BSCANE2_I/UPDATE fall@16.667ns - u_cpu_unit/cpu_i/microblaze_mcs_0/inst/mdm_0/U0/Use_E2.BSCAN_I/Use_E2.BSCANE2_I/UPDATE fall@16.667ns)
  Data Path Delay:        0.658ns  (logic 0.157ns (23.862%)  route 0.501ns (76.138%))
  Logic Levels:           1  (LUT5=1)
  Clock Path Skew:        0.397ns (DCD - SCD - CPR)
    Destination Clock Delay (DCD):    1.498ns = ( 18.164 - 16.667 ) 
    Source Clock Delay      (SCD):    0.955ns = ( 17.622 - 16.667 ) 
    Clock Pessimism Removal (CPR):    0.146ns

    Location             Delay type                Incr(ns)  Path(ns)    Netlist Resource(s)
  -------------------------------------------------------------------    -------------------
                         (clock u_cpu_unit/cpu_i/microblaze_mcs_0/inst/mdm_0/U0/Use_E2.BSCAN_I/Use_E2.BSCANE2_I/UPDATE fall edge)
                                                     16.667    16.667 f  
    BSCAN_X0Y1           BSCANE2                      0.000    16.667 f  u_cpu_unit/cpu_i/microblaze_mcs_0/inst/mdm_0/U0/Use_E2.BSCAN_I/Use_E2.BSCANE2_I/UPDATE
                         net (fo=40, routed)          0.955    17.622    u_cpu_unit/cpu_i/microblaze_mcs_0/inst/mdm_0/U0/MDM_Core_I1/CLK
    SLICE_X29Y56         FDCE                                         r  u_cpu_unit/cpu_i/microblaze_mcs_0/inst/mdm_0/U0/MDM_Core_I1/Use_BSCAN.PORT_Selector_reg[3]/C  (IS_INVERTED)
  -------------------------------------------------------------------    -------------------
    SLICE_X29Y56         FDCE (Prop_fdce_C_Q)         0.112    17.734 f  u_cpu_unit/cpu_i/microblaze_mcs_0/inst/mdm_0/U0/MDM_Core_I1/Use_BSCAN.PORT_Selector_reg[3]/Q
                         net (fo=7, routed)           0.255    17.989    u_cpu_unit/cpu_i/microblaze_mcs_0/inst/mdm_0/U0/MDM_Core_I1/JTAG_CONTROL_I/Use_BSCAN.PORT_Selector_reg[3][3]
    SLICE_X30Y56         LUT5 (Prop_lut5_I3_O)        0.045    18.034 r  u_cpu_unit/cpu_i/microblaze_mcs_0/inst/mdm_0/U0/MDM_Core_I1/JTAG_CONTROL_I/Use_BSCAN.command[0]_i_1/O
                         net (fo=9, routed)           0.246    18.280    u_cpu_unit/cpu_i/microblaze_mcs_0/inst/mdm_0/U0/MDM_Core_I1/JTAG_CONTROL_I/Use_BSCAN.command[0]_i_1_n_0
    SLICE_X32Y58         FDCE                                         r  u_cpu_unit/cpu_i/microblaze_mcs_0/inst/mdm_0/U0/MDM_Core_I1/JTAG_CONTROL_I/Use_BSCAN.command_reg[3]/CE
  -------------------------------------------------------------------    -------------------

                         (clock u_cpu_unit/cpu_i/microblaze_mcs_0/inst/mdm_0/U0/Use_E2.BSCAN_I/Use_E2.BSCANE2_I/UPDATE fall edge)
                                                     16.667    16.667 f  
    BSCAN_X0Y1           BSCANE2                      0.000    16.667 f  u_cpu_unit/cpu_i/microblaze_mcs_0/inst/mdm_0/U0/Use_E2.BSCAN_I/Use_E2.BSCANE2_I/UPDATE
                         net (fo=40, routed)          1.498    18.164    u_cpu_unit/cpu_i/microblaze_mcs_0/inst/mdm_0/U0/MDM_Core_I1/JTAG_CONTROL_I/CLK
    SLICE_X32Y58         FDCE                                         r  u_cpu_unit/cpu_i/microblaze_mcs_0/inst/mdm_0/U0/MDM_Core_I1/JTAG_CONTROL_I/Use_BSCAN.command_reg[3]/C  (IS_INVERTED)
                         clock pessimism             -0.146    18.018    
    SLICE_X32Y58         FDCE (Hold_fdce_C_CE)       -0.075    17.943    u_cpu_unit/cpu_i/microblaze_mcs_0/inst/mdm_0/U0/MDM_Core_I1/JTAG_CONTROL_I/Use_BSCAN.command_reg[3]
  -------------------------------------------------------------------
                         required time                        -17.943    
                         arrival time                          18.280    
  -------------------------------------------------------------------
                         slack                                  0.336    

Slack (MET) :             0.336ns  (arrival time - required time)
  Source:                 u_cpu_unit/cpu_i/microblaze_mcs_0/inst/mdm_0/U0/MDM_Core_I1/Use_BSCAN.PORT_Selector_reg[3]/C
                            (falling edge-triggered cell FDCE clocked by u_cpu_unit/cpu_i/microblaze_mcs_0/inst/mdm_0/U0/Use_E2.BSCAN_I/Use_E2.BSCANE2_I/UPDATE  {rise@0.000ns fall@16.667ns period=33.333ns})
  Destination:            u_cpu_unit/cpu_i/microblaze_mcs_0/inst/mdm_0/U0/MDM_Core_I1/JTAG_CONTROL_I/Use_BSCAN.command_reg[5]/CE
                            (falling edge-triggered cell FDCE clocked by u_cpu_unit/cpu_i/microblaze_mcs_0/inst/mdm_0/U0/Use_E2.BSCAN_I/Use_E2.BSCANE2_I/UPDATE  {rise@0.000ns fall@16.667ns period=33.333ns})
  Path Group:             u_cpu_unit/cpu_i/microblaze_mcs_0/inst/mdm_0/U0/Use_E2.BSCAN_I/Use_E2.BSCANE2_I/UPDATE
  Path Type:              Hold (Min at Fast Process Corner)
  Requirement:            0.000ns  (u_cpu_unit/cpu_i/microblaze_mcs_0/inst/mdm_0/U0/Use_E2.BSCAN_I/Use_E2.BSCANE2_I/UPDATE fall@16.667ns - u_cpu_unit/cpu_i/microblaze_mcs_0/inst/mdm_0/U0/Use_E2.BSCAN_I/Use_E2.BSCANE2_I/UPDATE fall@16.667ns)
  Data Path Delay:        0.658ns  (logic 0.157ns (23.862%)  route 0.501ns (76.138%))
  Logic Levels:           1  (LUT5=1)
  Clock Path Skew:        0.397ns (DCD - SCD - CPR)
    Destination Clock Delay (DCD):    1.498ns = ( 18.164 - 16.667 ) 
    Source Clock Delay      (SCD):    0.955ns = ( 17.622 - 16.667 ) 
    Clock Pessimism Removal (CPR):    0.146ns

    Location             Delay type                Incr(ns)  Path(ns)    Netlist Resource(s)
  -------------------------------------------------------------------    -------------------
                         (clock u_cpu_unit/cpu_i/microblaze_mcs_0/inst/mdm_0/U0/Use_E2.BSCAN_I/Use_E2.BSCANE2_I/UPDATE fall edge)
                                                     16.667    16.667 f  
    BSCAN_X0Y1           BSCANE2                      0.000    16.667 f  u_cpu_unit/cpu_i/microblaze_mcs_0/inst/mdm_0/U0/Use_E2.BSCAN_I/Use_E2.BSCANE2_I/UPDATE
                         net (fo=40, routed)          0.955    17.622    u_cpu_unit/cpu_i/microblaze_mcs_0/inst/mdm_0/U0/MDM_Core_I1/CLK
    SLICE_X29Y56         FDCE                                         r  u_cpu_unit/cpu_i/microblaze_mcs_0/inst/mdm_0/U0/MDM_Core_I1/Use_BSCAN.PORT_Selector_reg[3]/C  (IS_INVERTED)
  -------------------------------------------------------------------    -------------------
    SLICE_X29Y56         FDCE (Prop_fdce_C_Q)         0.112    17.734 f  u_cpu_unit/cpu_i/microblaze_mcs_0/inst/mdm_0/U0/MDM_Core_I1/Use_BSCAN.PORT_Selector_reg[3]/Q
                         net (fo=7, routed)           0.255    17.989    u_cpu_unit/cpu_i/microblaze_mcs_0/inst/mdm_0/U0/MDM_Core_I1/JTAG_CONTROL_I/Use_BSCAN.PORT_Selector_reg[3][3]
    SLICE_X30Y56         LUT5 (Prop_lut5_I3_O)        0.045    18.034 r  u_cpu_unit/cpu_i/microblaze_mcs_0/inst/mdm_0/U0/MDM_Core_I1/JTAG_CONTROL_I/Use_BSCAN.command[0]_i_1/O
                         net (fo=9, routed)           0.246    18.280    u_cpu_unit/cpu_i/microblaze_mcs_0/inst/mdm_0/U0/MDM_Core_I1/JTAG_CONTROL_I/Use_BSCAN.command[0]_i_1_n_0
    SLICE_X32Y58         FDCE                                         r  u_cpu_unit/cpu_i/microblaze_mcs_0/inst/mdm_0/U0/MDM_Core_I1/JTAG_CONTROL_I/Use_BSCAN.command_reg[5]/CE
  -------------------------------------------------------------------    -------------------

                         (clock u_cpu_unit/cpu_i/microblaze_mcs_0/inst/mdm_0/U0/Use_E2.BSCAN_I/Use_E2.BSCANE2_I/UPDATE fall edge)
                                                     16.667    16.667 f  
    BSCAN_X0Y1           BSCANE2                      0.000    16.667 f  u_cpu_unit/cpu_i/microblaze_mcs_0/inst/mdm_0/U0/Use_E2.BSCAN_I/Use_E2.BSCANE2_I/UPDATE
                         net (fo=40, routed)          1.498    18.164    u_cpu_unit/cpu_i/microblaze_mcs_0/inst/mdm_0/U0/MDM_Core_I1/JTAG_CONTROL_I/CLK
    SLICE_X32Y58         FDCE                                         r  u_cpu_unit/cpu_i/microblaze_mcs_0/inst/mdm_0/U0/MDM_Core_I1/JTAG_CONTROL_I/Use_BSCAN.command_reg[5]/C  (IS_INVERTED)
                         clock pessimism             -0.146    18.018    
    SLICE_X32Y58         FDCE (Hold_fdce_C_CE)       -0.075    17.943    u_cpu_unit/cpu_i/microblaze_mcs_0/inst/mdm_0/U0/MDM_Core_I1/JTAG_CONTROL_I/Use_BSCAN.command_reg[5]
  -------------------------------------------------------------------
                         required time                        -17.943    
                         arrival time                          18.280    
  -------------------------------------------------------------------
                         slack                                  0.336    

Slack (MET) :             0.354ns  (arrival time - required time)
  Source:                 u_cpu_unit/cpu_i/microblaze_mcs_0/inst/mdm_0/U0/MDM_Core_I1/Use_BSCAN.PORT_Selector_reg[3]/C
                            (falling edge-triggered cell FDCE clocked by u_cpu_unit/cpu_i/microblaze_mcs_0/inst/mdm_0/U0/Use_E2.BSCAN_I/Use_E2.BSCANE2_I/UPDATE  {rise@0.000ns fall@16.667ns period=33.333ns})
  Destination:            u_cpu_unit/cpu_i/microblaze_mcs_0/inst/mdm_0/U0/MDM_Core_I1/JTAG_CONTROL_I/Use_BSCAN.command_reg[4]/CE
                            (falling edge-triggered cell FDCE clocked by u_cpu_unit/cpu_i/microblaze_mcs_0/inst/mdm_0/U0/Use_E2.BSCAN_I/Use_E2.BSCANE2_I/UPDATE  {rise@0.000ns fall@16.667ns period=33.333ns})
  Path Group:             u_cpu_unit/cpu_i/microblaze_mcs_0/inst/mdm_0/U0/Use_E2.BSCAN_I/Use_E2.BSCANE2_I/UPDATE
  Path Type:              Hold (Min at Fast Process Corner)
  Requirement:            0.000ns  (u_cpu_unit/cpu_i/microblaze_mcs_0/inst/mdm_0/U0/Use_E2.BSCAN_I/Use_E2.BSCANE2_I/UPDATE fall@16.667ns - u_cpu_unit/cpu_i/microblaze_mcs_0/inst/mdm_0/U0/Use_E2.BSCAN_I/Use_E2.BSCANE2_I/UPDATE fall@16.667ns)
  Data Path Delay:        0.528ns  (logic 0.157ns (29.758%)  route 0.371ns (70.242%))
  Logic Levels:           1  (LUT5=1)
  Clock Path Skew:        0.249ns (DCD - SCD - CPR)
    Destination Clock Delay (DCD):    1.350ns = ( 18.017 - 16.667 ) 
    Source Clock Delay      (SCD):    0.955ns = ( 17.622 - 16.667 ) 
    Clock Pessimism Removal (CPR):    0.146ns

    Location             Delay type                Incr(ns)  Path(ns)    Netlist Resource(s)
  -------------------------------------------------------------------    -------------------
                         (clock u_cpu_unit/cpu_i/microblaze_mcs_0/inst/mdm_0/U0/Use_E2.BSCAN_I/Use_E2.BSCANE2_I/UPDATE fall edge)
                                                     16.667    16.667 f  
    BSCAN_X0Y1           BSCANE2                      0.000    16.667 f  u_cpu_unit/cpu_i/microblaze_mcs_0/inst/mdm_0/U0/Use_E2.BSCAN_I/Use_E2.BSCANE2_I/UPDATE
                         net (fo=40, routed)          0.955    17.622    u_cpu_unit/cpu_i/microblaze_mcs_0/inst/mdm_0/U0/MDM_Core_I1/CLK
    SLICE_X29Y56         FDCE                                         r  u_cpu_unit/cpu_i/microblaze_mcs_0/inst/mdm_0/U0/MDM_Core_I1/Use_BSCAN.PORT_Selector_reg[3]/C  (IS_INVERTED)
  -------------------------------------------------------------------    -------------------
    SLICE_X29Y56         FDCE (Prop_fdce_C_Q)         0.112    17.734 f  u_cpu_unit/cpu_i/microblaze_mcs_0/inst/mdm_0/U0/MDM_Core_I1/Use_BSCAN.PORT_Selector_reg[3]/Q
                         net (fo=7, routed)           0.255    17.989    u_cpu_unit/cpu_i/microblaze_mcs_0/inst/mdm_0/U0/MDM_Core_I1/JTAG_CONTROL_I/Use_BSCAN.PORT_Selector_reg[3][3]
    SLICE_X30Y56         LUT5 (Prop_lut5_I3_O)        0.045    18.034 r  u_cpu_unit/cpu_i/microblaze_mcs_0/inst/mdm_0/U0/MDM_Core_I1/JTAG_CONTROL_I/Use_BSCAN.command[0]_i_1/O
                         net (fo=9, routed)           0.116    18.149    u_cpu_unit/cpu_i/microblaze_mcs_0/inst/mdm_0/U0/MDM_Core_I1/JTAG_CONTROL_I/Use_BSCAN.command[0]_i_1_n_0
    SLICE_X33Y57         FDCE                                         r  u_cpu_unit/cpu_i/microblaze_mcs_0/inst/mdm_0/U0/MDM_Core_I1/JTAG_CONTROL_I/Use_BSCAN.command_reg[4]/CE
  -------------------------------------------------------------------    -------------------

                         (clock u_cpu_unit/cpu_i/microblaze_mcs_0/inst/mdm_0/U0/Use_E2.BSCAN_I/Use_E2.BSCANE2_I/UPDATE fall edge)
                                                     16.667    16.667 f  
    BSCAN_X0Y1           BSCANE2                      0.000    16.667 f  u_cpu_unit/cpu_i/microblaze_mcs_0/inst/mdm_0/U0/Use_E2.BSCAN_I/Use_E2.BSCANE2_I/UPDATE
                         net (fo=40, routed)          1.350    18.017    u_cpu_unit/cpu_i/microblaze_mcs_0/inst/mdm_0/U0/MDM_Core_I1/JTAG_CONTROL_I/CLK
    SLICE_X33Y57         FDCE                                         r  u_cpu_unit/cpu_i/microblaze_mcs_0/inst/mdm_0/U0/MDM_Core_I1/JTAG_CONTROL_I/Use_BSCAN.command_reg[4]/C  (IS_INVERTED)
                         clock pessimism             -0.146    17.871    
    SLICE_X33Y57         FDCE (Hold_fdce_C_CE)       -0.075    17.796    u_cpu_unit/cpu_i/microblaze_mcs_0/inst/mdm_0/U0/MDM_Core_I1/JTAG_CONTROL_I/Use_BSCAN.command_reg[4]
  -------------------------------------------------------------------
                         required time                        -17.796    
                         arrival time                          18.149    
  -------------------------------------------------------------------
                         slack                                  0.354    

Slack (MET) :             0.354ns  (arrival time - required time)
  Source:                 u_cpu_unit/cpu_i/microblaze_mcs_0/inst/mdm_0/U0/MDM_Core_I1/Use_BSCAN.PORT_Selector_reg[3]/C
                            (falling edge-triggered cell FDCE clocked by u_cpu_unit/cpu_i/microblaze_mcs_0/inst/mdm_0/U0/Use_E2.BSCAN_I/Use_E2.BSCANE2_I/UPDATE  {rise@0.000ns fall@16.667ns period=33.333ns})
  Destination:            u_cpu_unit/cpu_i/microblaze_mcs_0/inst/mdm_0/U0/MDM_Core_I1/JTAG_CONTROL_I/Use_BSCAN.command_reg[7]/CE
                            (falling edge-triggered cell FDCE clocked by u_cpu_unit/cpu_i/microblaze_mcs_0/inst/mdm_0/U0/Use_E2.BSCAN_I/Use_E2.BSCANE2_I/UPDATE  {rise@0.000ns fall@16.667ns period=33.333ns})
  Path Group:             u_cpu_unit/cpu_i/microblaze_mcs_0/inst/mdm_0/U0/Use_E2.BSCAN_I/Use_E2.BSCANE2_I/UPDATE
  Path Type:              Hold (Min at Fast Process Corner)
  Requirement:            0.000ns  (u_cpu_unit/cpu_i/microblaze_mcs_0/inst/mdm_0/U0/Use_E2.BSCAN_I/Use_E2.BSCANE2_I/UPDATE fall@16.667ns - u_cpu_unit/cpu_i/microblaze_mcs_0/inst/mdm_0/U0/Use_E2.BSCAN_I/Use_E2.BSCANE2_I/UPDATE fall@16.667ns)
  Data Path Delay:        0.528ns  (logic 0.157ns (29.758%)  route 0.371ns (70.242%))
  Logic Levels:           1  (LUT5=1)
  Clock Path Skew:        0.249ns (DCD - SCD - CPR)
    Destination Clock Delay (DCD):    1.350ns = ( 18.017 - 16.667 ) 
    Source Clock Delay      (SCD):    0.955ns = ( 17.622 - 16.667 ) 
    Clock Pessimism Removal (CPR):    0.146ns

    Location             Delay type                Incr(ns)  Path(ns)    Netlist Resource(s)
  -------------------------------------------------------------------    -------------------
                         (clock u_cpu_unit/cpu_i/microblaze_mcs_0/inst/mdm_0/U0/Use_E2.BSCAN_I/Use_E2.BSCANE2_I/UPDATE fall edge)
                                                     16.667    16.667 f  
    BSCAN_X0Y1           BSCANE2                      0.000    16.667 f  u_cpu_unit/cpu_i/microblaze_mcs_0/inst/mdm_0/U0/Use_E2.BSCAN_I/Use_E2.BSCANE2_I/UPDATE
                         net (fo=40, routed)          0.955    17.622    u_cpu_unit/cpu_i/microblaze_mcs_0/inst/mdm_0/U0/MDM_Core_I1/CLK
    SLICE_X29Y56         FDCE                                         r  u_cpu_unit/cpu_i/microblaze_mcs_0/inst/mdm_0/U0/MDM_Core_I1/Use_BSCAN.PORT_Selector_reg[3]/C  (IS_INVERTED)
  -------------------------------------------------------------------    -------------------
    SLICE_X29Y56         FDCE (Prop_fdce_C_Q)         0.112    17.734 f  u_cpu_unit/cpu_i/microblaze_mcs_0/inst/mdm_0/U0/MDM_Core_I1/Use_BSCAN.PORT_Selector_reg[3]/Q
                         net (fo=7, routed)           0.255    17.989    u_cpu_unit/cpu_i/microblaze_mcs_0/inst/mdm_0/U0/MDM_Core_I1/JTAG_CONTROL_I/Use_BSCAN.PORT_Selector_reg[3][3]
    SLICE_X30Y56         LUT5 (Prop_lut5_I3_O)        0.045    18.034 r  u_cpu_unit/cpu_i/microblaze_mcs_0/inst/mdm_0/U0/MDM_Core_I1/JTAG_CONTROL_I/Use_BSCAN.command[0]_i_1/O
                         net (fo=9, routed)           0.116    18.149    u_cpu_unit/cpu_i/microblaze_mcs_0/inst/mdm_0/U0/MDM_Core_I1/JTAG_CONTROL_I/Use_BSCAN.command[0]_i_1_n_0
    SLICE_X33Y57         FDCE                                         r  u_cpu_unit/cpu_i/microblaze_mcs_0/inst/mdm_0/U0/MDM_Core_I1/JTAG_CONTROL_I/Use_BSCAN.command_reg[7]/CE
  -------------------------------------------------------------------    -------------------

                         (clock u_cpu_unit/cpu_i/microblaze_mcs_0/inst/mdm_0/U0/Use_E2.BSCAN_I/Use_E2.BSCANE2_I/UPDATE fall edge)
                                                     16.667    16.667 f  
    BSCAN_X0Y1           BSCANE2                      0.000    16.667 f  u_cpu_unit/cpu_i/microblaze_mcs_0/inst/mdm_0/U0/Use_E2.BSCAN_I/Use_E2.BSCANE2_I/UPDATE
                         net (fo=40, routed)          1.350    18.017    u_cpu_unit/cpu_i/microblaze_mcs_0/inst/mdm_0/U0/MDM_Core_I1/JTAG_CONTROL_I/CLK
    SLICE_X33Y57         FDCE                                         r  u_cpu_unit/cpu_i/microblaze_mcs_0/inst/mdm_0/U0/MDM_Core_I1/JTAG_CONTROL_I/Use_BSCAN.command_reg[7]/C  (IS_INVERTED)
                         clock pessimism             -0.146    17.871    
    SLICE_X33Y57         FDCE (Hold_fdce_C_CE)       -0.075    17.796    u_cpu_unit/cpu_i/microblaze_mcs_0/inst/mdm_0/U0/MDM_Core_I1/JTAG_CONTROL_I/Use_BSCAN.command_reg[7]
  -------------------------------------------------------------------
                         required time                        -17.796    
                         arrival time                          18.149    
  -------------------------------------------------------------------
                         slack                                  0.354    

Slack (MET) :             0.508ns  (arrival time - required time)
  Source:                 u_cpu_unit/cpu_i/microblaze_mcs_0/inst/mdm_0/U0/MDM_Core_I1/JTAG_CONTROL_I/Debug_SYS_Rst_i_reg/C
                            (rising edge-triggered cell FDCE clocked by u_cpu_unit/cpu_i/microblaze_mcs_0/inst/mdm_0/U0/Use_E2.BSCAN_I/Use_E2.BSCANE2_I/UPDATE  {rise@0.000ns fall@16.667ns period=33.333ns})
  Destination:            u_cpu_unit/cpu_i/microblaze_mcs_0/inst/mdm_0/U0/MDM_Core_I1/JTAG_CONTROL_I/Debug_SYS_Rst_i_reg/D
                            (rising edge-triggered cell FDCE clocked by u_cpu_unit/cpu_i/microblaze_mcs_0/inst/mdm_0/U0/Use_E2.BSCAN_I/Use_E2.BSCANE2_I/UPDATE  {rise@0.000ns fall@16.667ns period=33.333ns})
  Path Group:             u_cpu_unit/cpu_i/microblaze_mcs_0/inst/mdm_0/U0/Use_E2.BSCAN_I/Use_E2.BSCANE2_I/UPDATE
  Path Type:              Hold (Min at Fast Process Corner)
  Requirement:            0.000ns  (u_cpu_unit/cpu_i/microblaze_mcs_0/inst/mdm_0/U0/Use_E2.BSCAN_I/Use_E2.BSCANE2_I/UPDATE rise@0.000ns - u_cpu_unit/cpu_i/microblaze_mcs_0/inst/mdm_0/U0/Use_E2.BSCAN_I/Use_E2.BSCANE2_I/UPDATE rise@0.000ns)
  Data Path Delay:        0.563ns  (logic 0.157ns (27.875%)  route 0.406ns (72.125%))
  Logic Levels:           1  (LUT3=1)
  Clock Path Skew:        0.000ns (DCD - SCD - CPR)
    Destination Clock Delay (DCD):    1.498ns
    Source Clock Delay      (SCD):    1.293ns
    Clock Pessimism Removal (CPR):    0.205ns

    Location             Delay type                Incr(ns)  Path(ns)    Netlist Resource(s)
  -------------------------------------------------------------------    -------------------
                         (clock u_cpu_unit/cpu_i/microblaze_mcs_0/inst/mdm_0/U0/Use_E2.BSCAN_I/Use_E2.BSCANE2_I/UPDATE rise edge)
                                                      0.000     0.000 r  
    BSCAN_X0Y1           BSCANE2                      0.000     0.000 r  u_cpu_unit/cpu_i/microblaze_mcs_0/inst/mdm_0/U0/Use_E2.BSCAN_I/Use_E2.BSCANE2_I/UPDATE
                         net (fo=40, routed)          1.293     1.293    u_cpu_unit/cpu_i/microblaze_mcs_0/inst/mdm_0/U0/MDM_Core_I1/JTAG_CONTROL_I/CLK
    SLICE_X33Y58         FDCE                                         r  u_cpu_unit/cpu_i/microblaze_mcs_0/inst/mdm_0/U0/MDM_Core_I1/JTAG_CONTROL_I/Debug_SYS_Rst_i_reg/C
  -------------------------------------------------------------------    -------------------
    SLICE_X33Y58         FDCE (Prop_fdce_C_Q)         0.112     1.405 r  u_cpu_unit/cpu_i/microblaze_mcs_0/inst/mdm_0/U0/MDM_Core_I1/JTAG_CONTROL_I/Debug_SYS_Rst_i_reg/Q
                         net (fo=2, routed)           0.406     1.811    u_cpu_unit/cpu_i/microblaze_mcs_0/inst/mdm_0/U0/MDM_Core_I1/JTAG_CONTROL_I/Use_BSCAN.FDC_I/Debug_SYS_Rst
    SLICE_X33Y58         LUT3 (Prop_lut3_I2_O)        0.045     1.856 r  u_cpu_unit/cpu_i/microblaze_mcs_0/inst/mdm_0/U0/MDM_Core_I1/JTAG_CONTROL_I/Use_BSCAN.FDC_I/Debug_SYS_Rst_i_i_1/O
                         net (fo=1, routed)           0.000     1.856    u_cpu_unit/cpu_i/microblaze_mcs_0/inst/mdm_0/U0/MDM_Core_I1/JTAG_CONTROL_I/Use_BSCAN.FDC_I_n_35
    SLICE_X33Y58         FDCE                                         r  u_cpu_unit/cpu_i/microblaze_mcs_0/inst/mdm_0/U0/MDM_Core_I1/JTAG_CONTROL_I/Debug_SYS_Rst_i_reg/D
  -------------------------------------------------------------------    -------------------

                         (clock u_cpu_unit/cpu_i/microblaze_mcs_0/inst/mdm_0/U0/Use_E2.BSCAN_I/Use_E2.BSCANE2_I/UPDATE rise edge)
                                                      0.000     0.000 r  
    BSCAN_X0Y1           BSCANE2                      0.000     0.000 r  u_cpu_unit/cpu_i/microblaze_mcs_0/inst/mdm_0/U0/Use_E2.BSCAN_I/Use_E2.BSCANE2_I/UPDATE
                         net (fo=40, routed)          1.498     1.498    u_cpu_unit/cpu_i/microblaze_mcs_0/inst/mdm_0/U0/MDM_Core_I1/JTAG_CONTROL_I/CLK
    SLICE_X33Y58         FDCE                                         r  u_cpu_unit/cpu_i/microblaze_mcs_0/inst/mdm_0/U0/MDM_Core_I1/JTAG_CONTROL_I/Debug_SYS_Rst_i_reg/C
                         clock pessimism             -0.205     1.293    
    SLICE_X33Y58         FDCE (Hold_fdce_C_D)         0.055     1.348    u_cpu_unit/cpu_i/microblaze_mcs_0/inst/mdm_0/U0/MDM_Core_I1/JTAG_CONTROL_I/Debug_SYS_Rst_i_reg
  -------------------------------------------------------------------
                         required time                         -1.348    
                         arrival time                           1.856    
  -------------------------------------------------------------------
                         slack                                  0.508    

Slack (MET) :             0.524ns  (arrival time - required time)
  Source:                 u_cpu_unit/cpu_i/microblaze_mcs_0/inst/mdm_0/U0/MDM_Core_I1/JTAG_CONTROL_I/completion_ctrl_reg[0]/C
                            (rising edge-triggered cell FDCE clocked by u_cpu_unit/cpu_i/microblaze_mcs_0/inst/mdm_0/U0/Use_E2.BSCAN_I/Use_E2.BSCANE2_I/UPDATE  {rise@0.000ns fall@16.667ns period=33.333ns})
  Destination:            u_cpu_unit/cpu_i/microblaze_mcs_0/inst/mdm_0/U0/MDM_Core_I1/JTAG_CONTROL_I/completion_ctrl_reg[0]/D
                            (rising edge-triggered cell FDCE clocked by u_cpu_unit/cpu_i/microblaze_mcs_0/inst/mdm_0/U0/Use_E2.BSCAN_I/Use_E2.BSCANE2_I/UPDATE  {rise@0.000ns fall@16.667ns period=33.333ns})
  Path Group:             u_cpu_unit/cpu_i/microblaze_mcs_0/inst/mdm_0/U0/Use_E2.BSCAN_I/Use_E2.BSCANE2_I/UPDATE
  Path Type:              Hold (Min at Fast Process Corner)
  Requirement:            0.000ns  (u_cpu_unit/cpu_i/microblaze_mcs_0/inst/mdm_0/U0/Use_E2.BSCAN_I/Use_E2.BSCANE2_I/UPDATE rise@0.000ns - u_cpu_unit/cpu_i/microblaze_mcs_0/inst/mdm_0/U0/Use_E2.BSCAN_I/Use_E2.BSCANE2_I/UPDATE rise@0.000ns)
  Data Path Delay:        0.595ns  (logic 0.197ns (33.117%)  route 0.398ns (66.883%))
  Logic Levels:           1  (LUT3=1)
  Clock Path Skew:        0.000ns (DCD - SCD - CPR)
    Destination Clock Delay (DCD):    1.498ns
    Source Clock Delay      (SCD):    1.293ns
    Clock Pessimism Removal (CPR):    0.205ns

    Location             Delay type                Incr(ns)  Path(ns)    Netlist Resource(s)
  -------------------------------------------------------------------    -------------------
                         (clock u_cpu_unit/cpu_i/microblaze_mcs_0/inst/mdm_0/U0/Use_E2.BSCAN_I/Use_E2.BSCANE2_I/UPDATE rise edge)
                                                      0.000     0.000 r  
    BSCAN_X0Y1           BSCANE2                      0.000     0.000 r  u_cpu_unit/cpu_i/microblaze_mcs_0/inst/mdm_0/U0/Use_E2.BSCAN_I/Use_E2.BSCANE2_I/UPDATE
                         net (fo=40, routed)          1.293     1.293    u_cpu_unit/cpu_i/microblaze_mcs_0/inst/mdm_0/U0/MDM_Core_I1/JTAG_CONTROL_I/CLK
    SLICE_X33Y58         FDCE                                         r  u_cpu_unit/cpu_i/microblaze_mcs_0/inst/mdm_0/U0/MDM_Core_I1/JTAG_CONTROL_I/completion_ctrl_reg[0]/C
  -------------------------------------------------------------------    -------------------
    SLICE_X33Y58         FDCE (Prop_fdce_C_Q)         0.099     1.392 r  u_cpu_unit/cpu_i/microblaze_mcs_0/inst/mdm_0/U0/MDM_Core_I1/JTAG_CONTROL_I/completion_ctrl_reg[0]/Q
                         net (fo=2, routed)           0.398     1.790    u_cpu_unit/cpu_i/microblaze_mcs_0/inst/mdm_0/U0/MDM_Core_I1/JTAG_CONTROL_I/Use_BSCAN.FDC_I/completion_ctrl
    SLICE_X33Y58         LUT3 (Prop_lut3_I2_O)        0.098     1.888 r  u_cpu_unit/cpu_i/microblaze_mcs_0/inst/mdm_0/U0/MDM_Core_I1/JTAG_CONTROL_I/Use_BSCAN.FDC_I/completion_ctrl[0]_i_1/O
                         net (fo=1, routed)           0.000     1.888    u_cpu_unit/cpu_i/microblaze_mcs_0/inst/mdm_0/U0/MDM_Core_I1/JTAG_CONTROL_I/Use_BSCAN.FDC_I_n_37
    SLICE_X33Y58         FDCE                                         r  u_cpu_unit/cpu_i/microblaze_mcs_0/inst/mdm_0/U0/MDM_Core_I1/JTAG_CONTROL_I/completion_ctrl_reg[0]/D
  -------------------------------------------------------------------    -------------------

                         (clock u_cpu_unit/cpu_i/microblaze_mcs_0/inst/mdm_0/U0/Use_E2.BSCAN_I/Use_E2.BSCANE2_I/UPDATE rise edge)
                                                      0.000     0.000 r  
    BSCAN_X0Y1           BSCANE2                      0.000     0.000 r  u_cpu_unit/cpu_i/microblaze_mcs_0/inst/mdm_0/U0/Use_E2.BSCAN_I/Use_E2.BSCANE2_I/UPDATE
                         net (fo=40, routed)          1.498     1.498    u_cpu_unit/cpu_i/microblaze_mcs_0/inst/mdm_0/U0/MDM_Core_I1/JTAG_CONTROL_I/CLK
    SLICE_X33Y58         FDCE                                         r  u_cpu_unit/cpu_i/microblaze_mcs_0/inst/mdm_0/U0/MDM_Core_I1/JTAG_CONTROL_I/completion_ctrl_reg[0]/C
                         clock pessimism             -0.205     1.293    
    SLICE_X33Y58         FDCE (Hold_fdce_C_D)         0.071     1.364    u_cpu_unit/cpu_i/microblaze_mcs_0/inst/mdm_0/U0/MDM_Core_I1/JTAG_CONTROL_I/completion_ctrl_reg[0]
  -------------------------------------------------------------------
                         required time                         -1.364    
                         arrival time                           1.888    
  -------------------------------------------------------------------
                         slack                                  0.524    





Pulse Width Checks
--------------------------------------------------------------------------------------
Clock Name:         u_cpu_unit/cpu_i/microblaze_mcs_0/inst/mdm_0/U0/Use_E2.BSCAN_I/Use_E2.BSCANE2_I/UPDATE
Waveform(ns):       { 0.000 16.667 }
Period(ns):         33.333
Sources:            { u_cpu_unit/cpu_i/microblaze_mcs_0/inst/mdm_0/U0/Use_E2.BSCAN_I/Use_E2.BSCANE2_I/UPDATE }

Check Type        Corner  Lib Pin  Reference Pin  Required(ns)  Actual(ns)  Slack(ns)  Location      Pin
Min Period        n/a     FDCE/C   n/a            1.000         33.333      32.333     SLICE_X33Y58  u_cpu_unit/cpu_i/microblaze_mcs_0/inst/mdm_0/U0/MDM_Core_I1/JTAG_CONTROL_I/Debug_Rst_i_reg/C
Min Period        n/a     FDCE/C   n/a            1.000         33.333      32.333     SLICE_X33Y58  u_cpu_unit/cpu_i/microblaze_mcs_0/inst/mdm_0/U0/MDM_Core_I1/JTAG_CONTROL_I/Debug_SYS_Rst_i_reg/C
Min Period        n/a     FDCE/C   n/a            1.000         33.333      32.333     SLICE_X31Y58  u_cpu_unit/cpu_i/microblaze_mcs_0/inst/mdm_0/U0/MDM_Core_I1/JTAG_CONTROL_I/Use_BSCAN.FDC_I/Using_FPGA.Native/C
Min Period        n/a     FDCE/C   n/a            1.000         33.333      32.333     SLICE_X32Y58  u_cpu_unit/cpu_i/microblaze_mcs_0/inst/mdm_0/U0/MDM_Core_I1/JTAG_CONTROL_I/Use_BSCAN.command_reg[0]/C
Min Period        n/a     FDCE/C   n/a            1.000         33.333      32.333     SLICE_X32Y58  u_cpu_unit/cpu_i/microblaze_mcs_0/inst/mdm_0/U0/MDM_Core_I1/JTAG_CONTROL_I/Use_BSCAN.command_reg[1]/C
Min Period        n/a     FDCE/C   n/a            1.000         33.333      32.333     SLICE_X32Y58  u_cpu_unit/cpu_i/microblaze_mcs_0/inst/mdm_0/U0/MDM_Core_I1/JTAG_CONTROL_I/Use_BSCAN.command_reg[2]/C
Min Period        n/a     FDCE/C   n/a            1.000         33.333      32.333     SLICE_X32Y58  u_cpu_unit/cpu_i/microblaze_mcs_0/inst/mdm_0/U0/MDM_Core_I1/JTAG_CONTROL_I/Use_BSCAN.command_reg[3]/C
Min Period        n/a     FDCE/C   n/a            1.000         33.333      32.333     SLICE_X33Y57  u_cpu_unit/cpu_i/microblaze_mcs_0/inst/mdm_0/U0/MDM_Core_I1/JTAG_CONTROL_I/Use_BSCAN.command_reg[4]/C
Min Period        n/a     FDCE/C   n/a            1.000         33.333      32.333     SLICE_X32Y58  u_cpu_unit/cpu_i/microblaze_mcs_0/inst/mdm_0/U0/MDM_Core_I1/JTAG_CONTROL_I/Use_BSCAN.command_reg[5]/C
Min Period        n/a     FDCE/C   n/a            1.000         33.333      32.333     SLICE_X30Y58  u_cpu_unit/cpu_i/microblaze_mcs_0/inst/mdm_0/U0/MDM_Core_I1/JTAG_CONTROL_I/Use_BSCAN.command_reg[6]/C
Low Pulse Width   Slow    FDCE/C   n/a            0.500         16.666      16.166     SLICE_X32Y58  u_cpu_unit/cpu_i/microblaze_mcs_0/inst/mdm_0/U0/MDM_Core_I1/JTAG_CONTROL_I/Use_BSCAN.command_reg[0]/C
Low Pulse Width   Slow    FDCE/C   n/a            0.500         16.666      16.166     SLICE_X32Y58  u_cpu_unit/cpu_i/microblaze_mcs_0/inst/mdm_0/U0/MDM_Core_I1/JTAG_CONTROL_I/Use_BSCAN.command_reg[1]/C
Low Pulse Width   Slow    FDCE/C   n/a            0.500         16.666      16.166     SLICE_X32Y58  u_cpu_unit/cpu_i/microblaze_mcs_0/inst/mdm_0/U0/MDM_Core_I1/JTAG_CONTROL_I/Use_BSCAN.command_reg[2]/C
Low Pulse Width   Slow    FDCE/C   n/a            0.500         16.666      16.166     SLICE_X32Y58  u_cpu_unit/cpu_i/microblaze_mcs_0/inst/mdm_0/U0/MDM_Core_I1/JTAG_CONTROL_I/Use_BSCAN.command_reg[3]/C
Low Pulse Width   Slow    FDCE/C   n/a            0.500         16.666      16.166     SLICE_X32Y58  u_cpu_unit/cpu_i/microblaze_mcs_0/inst/mdm_0/U0/MDM_Core_I1/JTAG_CONTROL_I/Use_BSCAN.command_reg[5]/C
Low Pulse Width   Fast    FDCE/C   n/a            0.500         16.666      16.166     SLICE_X32Y57  u_cpu_unit/cpu_i/microblaze_mcs_0/inst/mdm_0/U0/MDM_Core_I1/JTAG_CONTROL_I/command_1_reg[0]/C
Low Pulse Width   Fast    FDCE/C   n/a            0.500         16.666      16.166     SLICE_X32Y57  u_cpu_unit/cpu_i/microblaze_mcs_0/inst/mdm_0/U0/MDM_Core_I1/JTAG_CONTROL_I/command_1_reg[1]/C
Low Pulse Width   Fast    FDCE/C   n/a            0.500         16.666      16.166     SLICE_X32Y57  u_cpu_unit/cpu_i/microblaze_mcs_0/inst/mdm_0/U0/MDM_Core_I1/JTAG_CONTROL_I/command_1_reg[2]/C
Low Pulse Width   Fast    FDCE/C   n/a            0.500         16.666      16.166     SLICE_X32Y57  u_cpu_unit/cpu_i/microblaze_mcs_0/inst/mdm_0/U0/MDM_Core_I1/JTAG_CONTROL_I/command_1_reg[3]/C
Low Pulse Width   Fast    FDCE/C   n/a            0.500         16.666      16.166     SLICE_X32Y57  u_cpu_unit/cpu_i/microblaze_mcs_0/inst/mdm_0/U0/MDM_Core_I1/JTAG_CONTROL_I/command_1_reg[4]/C
High Pulse Width  Slow    FDCE/C   n/a            0.500         16.666      16.166     SLICE_X33Y58  u_cpu_unit/cpu_i/microblaze_mcs_0/inst/mdm_0/U0/MDM_Core_I1/JTAG_CONTROL_I/Debug_Rst_i_reg/C
High Pulse Width  Slow    FDCE/C   n/a            0.500         16.666      16.166     SLICE_X33Y58  u_cpu_unit/cpu_i/microblaze_mcs_0/inst/mdm_0/U0/MDM_Core_I1/JTAG_CONTROL_I/Debug_SYS_Rst_i_reg/C
High Pulse Width  Fast    FDCE/C   n/a            0.500         16.666      16.166     SLICE_X33Y57  u_cpu_unit/cpu_i/microblaze_mcs_0/inst/mdm_0/U0/MDM_Core_I1/JTAG_CONTROL_I/Use_BSCAN.command_reg[4]/C
High Pulse Width  Fast    FDCE/C   n/a            0.500         16.666      16.166     SLICE_X33Y57  u_cpu_unit/cpu_i/microblaze_mcs_0/inst/mdm_0/U0/MDM_Core_I1/JTAG_CONTROL_I/Use_BSCAN.command_reg[7]/C
High Pulse Width  Slow    FDCE/C   n/a            0.500         16.666      16.166     SLICE_X33Y58  u_cpu_unit/cpu_i/microblaze_mcs_0/inst/mdm_0/U0/MDM_Core_I1/JTAG_CONTROL_I/completion_ctrl_reg[0]/C
High Pulse Width  Fast    FDCE/C   n/a            0.500         16.667      16.167     SLICE_X33Y58  u_cpu_unit/cpu_i/microblaze_mcs_0/inst/mdm_0/U0/MDM_Core_I1/JTAG_CONTROL_I/Debug_Rst_i_reg/C
High Pulse Width  Fast    FDCE/C   n/a            0.500         16.667      16.167     SLICE_X33Y58  u_cpu_unit/cpu_i/microblaze_mcs_0/inst/mdm_0/U0/MDM_Core_I1/JTAG_CONTROL_I/Debug_SYS_Rst_i_reg/C
High Pulse Width  Slow    FDCE/C   n/a            0.500         16.667      16.167     SLICE_X31Y58  u_cpu_unit/cpu_i/microblaze_mcs_0/inst/mdm_0/U0/MDM_Core_I1/JTAG_CONTROL_I/Use_BSCAN.FDC_I/Using_FPGA.Native/C
High Pulse Width  Slow    FDCE/C   n/a            0.500         16.667      16.167     SLICE_X32Y58  u_cpu_unit/cpu_i/microblaze_mcs_0/inst/mdm_0/U0/MDM_Core_I1/JTAG_CONTROL_I/Use_BSCAN.command_reg[0]/C
High Pulse Width  Slow    FDCE/C   n/a            0.500         16.667      16.167     SLICE_X32Y58  u_cpu_unit/cpu_i/microblaze_mcs_0/inst/mdm_0/U0/MDM_Core_I1/JTAG_CONTROL_I/Use_BSCAN.command_reg[1]/C



