13:27:37 INFO  : Registering command handlers for SDK TCF services
13:27:40 INFO  : Launching XSCT server: xsct.bat -interactive C:\FPGA_PROTOTYPING\uBlaze_mmio_ss\uBlazesdk\temp_xsdb_launch_script.tcl
13:27:47 INFO  : XSCT server has started successfully.
13:27:58 INFO  : Successfully done setting XSCT server connection channel  
13:27:58 INFO  : Successfully done setting SDK workspace  
13:28:24 INFO  : Project 'mcs_cpu' created. You can now create BSPs and application projects targeting this hardware platform.
13:36:47 ERROR : (XSDB Server)Invalid target. Use "connect" command to connect to hw_server/TCF agent

13:39:34 ERROR : (XSDB Server)Invalid target. Use "connect" command to connect to hw_server/TCF agent

13:39:37 ERROR : (XSDB Server)Invalid target. Use "connect" command to connect to hw_server/TCF agent

13:39:59 INFO  : 'targets -set -filter {jtag_cable_name =~ "Digilent JTAG-SMT2 210251757213" && level==0} -index 0' command is executed.
13:39:59 INFO  : 'fpga -state' command is executed.
13:39:59 INFO  : Connected to target on host '127.0.0.1' and port '3121'.
13:39:59 INFO  : Jtag cable 'Digilent JTAG-SMT2 210251757213' is selected.
13:39:59 INFO  : 'jtag frequency' command is executed.
13:39:59 INFO  : 'configparams mdm-detect-bscan-mask 2' command is executed.
13:39:59 INFO  : Context for processor 'u_cpu_unit_cpu_i_microblaze_mcs_0_microblaze_I' is selected.
13:40:00 INFO  : Processor reset is completed for 'u_cpu_unit_cpu_i_microblaze_mcs_0_microblaze_I'.
13:40:00 INFO  : Context for processor 'u_cpu_unit_cpu_i_microblaze_mcs_0_microblaze_I' is selected.
13:40:00 INFO  : The application 'C:/FPGA_PROTOTYPING/uBlaze_mmio_ss/uBlazesdk/mmio_ss_test/Debug/mmio_ss_test.elf' is downloaded to processor 'u_cpu_unit_cpu_i_microblaze_mcs_0_microblaze_I'.
13:40:00 INFO  : ----------------XSDB Script----------------
connect -url tcp:127.0.0.1:3121
configparams mdm-detect-bscan-mask 2
targets -set -nocase -filter {name =~ "microblaze*#0" && bscan=="USER2"  && jtag_cable_name =~ "Digilent JTAG-SMT2 210251757213"} -index 0
rst -processor
targets -set -nocase -filter {name =~ "microblaze*#0" && bscan=="USER2"  && jtag_cable_name =~ "Digilent JTAG-SMT2 210251757213"} -index 0
dow C:/FPGA_PROTOTYPING/uBlaze_mmio_ss/uBlazesdk/mmio_ss_test/Debug/mmio_ss_test.elf
----------------End of Script----------------

13:40:00 INFO  : Memory regions updated for context PA
13:40:00 INFO  : Memory regions updated for context MicroBlaze Debug Module at USER2
13:40:00 INFO  : Context for processor 'u_cpu_unit_cpu_i_microblaze_mcs_0_microblaze_I' is selected.
13:40:00 INFO  : 'con' command is executed.
13:40:00 INFO  : ----------------XSDB Script (After Launch)----------------
targets -set -nocase -filter {name =~ "microblaze*#0" && bscan=="USER2"  && jtag_cable_name =~ "Digilent JTAG-SMT2 210251757213"} -index 0
con
----------------End of Script----------------

13:40:00 INFO  : Launch script is exported to file 'C:\FPGA_PROTOTYPING\uBlaze_mmio_ss\uBlazesdk\.sdk\launch_scripts\xilinx_c-c++_application_(system_debugger)\system_debugger_using_debug_mmio_ss_test.elf_on_local.tcl'
13:40:10 ERROR : (XSDB Server)invalid command name "exiyt"

13:40:14 ERROR : (XSDB Server)wrong # args: should be "close channelId"

13:40:49 INFO  : Disconnected from the channel tcfchan#1.
11:56:27 INFO  : Launching XSCT server: xsct.bat -interactive C:\FPGA_PROTOTYPING\uBlaze_mmio_ss\uBlazesdk\temp_xsdb_launch_script.tcl
11:56:27 INFO  : Registering command handlers for SDK TCF services
11:56:34 INFO  : XSCT server has started successfully.
11:56:47 INFO  : Successfully done setting XSCT server connection channel  
11:56:47 INFO  : Successfully done setting SDK workspace  
11:58:44 ERROR : (XSDB Server)Invalid target. Use "connect" command to connect to hw_server/TCF agent

11:59:04 INFO  : 'targets -set -filter {jtag_cable_name =~ "Digilent JTAG-SMT2 210251757213" && level==0} -index 0' command is executed.
11:59:04 INFO  : 'fpga -state' command is executed.
11:59:04 INFO  : Connected to target on host '127.0.0.1' and port '3121'.
11:59:05 INFO  : Jtag cable 'Digilent JTAG-SMT2 210251757213' is selected.
11:59:05 INFO  : 'jtag frequency' command is executed.
11:59:05 INFO  : 'configparams mdm-detect-bscan-mask 2' command is executed.
11:59:05 INFO  : Context for processor 'u_cpu_unit_cpu_i_microblaze_mcs_0_microblaze_I' is selected.
11:59:05 INFO  : Processor reset is completed for 'u_cpu_unit_cpu_i_microblaze_mcs_0_microblaze_I'.
11:59:05 INFO  : Context for processor 'u_cpu_unit_cpu_i_microblaze_mcs_0_microblaze_I' is selected.
11:59:05 INFO  : The application 'C:/FPGA_PROTOTYPING/uBlaze_mmio_ss/uBlazesdk/mmio_ss_test/Debug/mmio_ss_test.elf' is downloaded to processor 'u_cpu_unit_cpu_i_microblaze_mcs_0_microblaze_I'.
11:59:05 INFO  : ----------------XSDB Script----------------
connect -url tcp:127.0.0.1:3121
configparams mdm-detect-bscan-mask 2
targets -set -nocase -filter {name =~ "microblaze*#0" && bscan=="USER2"  && jtag_cable_name =~ "Digilent JTAG-SMT2 210251757213"} -index 0
rst -processor
targets -set -nocase -filter {name =~ "microblaze*#0" && bscan=="USER2"  && jtag_cable_name =~ "Digilent JTAG-SMT2 210251757213"} -index 0
dow C:/FPGA_PROTOTYPING/uBlaze_mmio_ss/uBlazesdk/mmio_ss_test/Debug/mmio_ss_test.elf
----------------End of Script----------------

11:59:05 INFO  : Memory regions updated for context PA
11:59:05 INFO  : Memory regions updated for context MicroBlaze Debug Module at USER2
11:59:05 INFO  : Context for processor 'u_cpu_unit_cpu_i_microblaze_mcs_0_microblaze_I' is selected.
11:59:05 INFO  : 'con' command is executed.
11:59:05 INFO  : ----------------XSDB Script (After Launch)----------------
targets -set -nocase -filter {name =~ "microblaze*#0" && bscan=="USER2"  && jtag_cable_name =~ "Digilent JTAG-SMT2 210251757213"} -index 0
con
----------------End of Script----------------

11:59:05 INFO  : Launch script is exported to file 'C:\FPGA_PROTOTYPING\uBlaze_mmio_ss\uBlazesdk\.sdk\launch_scripts\xilinx_c-c++_application_(system_debugger)\system_debugger_using_debug_mmio_ss_test.elf_on_local.tcl'
12:02:31 INFO  : Disconnected from the channel tcfchan#1.
12:02:32 INFO  : 'targets -set -filter {jtag_cable_name =~ "Digilent JTAG-SMT2 210251757213" && level==0} -index 0' command is executed.
12:02:32 INFO  : 'fpga -state' command is executed.
12:02:32 INFO  : Connected to target on host '127.0.0.1' and port '3121'.
12:02:32 INFO  : Jtag cable 'Digilent JTAG-SMT2 210251757213' is selected.
12:02:32 INFO  : 'jtag frequency' command is executed.
12:02:32 INFO  : 'configparams mdm-detect-bscan-mask 2' command is executed.
12:02:32 INFO  : Context for processor 'u_cpu_unit_cpu_i_microblaze_mcs_0_microblaze_I' is selected.
12:02:32 INFO  : Processor reset is completed for 'u_cpu_unit_cpu_i_microblaze_mcs_0_microblaze_I'.
12:02:32 INFO  : Context for processor 'u_cpu_unit_cpu_i_microblaze_mcs_0_microblaze_I' is selected.
12:02:32 INFO  : The application 'C:/FPGA_PROTOTYPING/uBlaze_mmio_ss/uBlazesdk/mmio_ss_test/Debug/mmio_ss_test.elf' is downloaded to processor 'u_cpu_unit_cpu_i_microblaze_mcs_0_microblaze_I'.
12:02:32 INFO  : ----------------XSDB Script----------------
connect -url tcp:127.0.0.1:3121
configparams mdm-detect-bscan-mask 2
targets -set -nocase -filter {name =~ "microblaze*#0" && bscan=="USER2"  && jtag_cable_name =~ "Digilent JTAG-SMT2 210251757213"} -index 0
rst -processor
targets -set -nocase -filter {name =~ "microblaze*#0" && bscan=="USER2"  && jtag_cable_name =~ "Digilent JTAG-SMT2 210251757213"} -index 0
dow C:/FPGA_PROTOTYPING/uBlaze_mmio_ss/uBlazesdk/mmio_ss_test/Debug/mmio_ss_test.elf
----------------End of Script----------------

12:02:32 INFO  : Memory regions updated for context PA
12:02:32 INFO  : Memory regions updated for context MicroBlaze Debug Module at USER2
12:02:33 INFO  : Context for processor 'u_cpu_unit_cpu_i_microblaze_mcs_0_microblaze_I' is selected.
12:02:33 INFO  : 'con' command is executed.
12:02:33 INFO  : ----------------XSDB Script (After Launch)----------------
targets -set -nocase -filter {name =~ "microblaze*#0" && bscan=="USER2"  && jtag_cable_name =~ "Digilent JTAG-SMT2 210251757213"} -index 0
con
----------------End of Script----------------

12:02:33 INFO  : Launch script is exported to file 'C:\FPGA_PROTOTYPING\uBlaze_mmio_ss\uBlazesdk\.sdk\launch_scripts\xilinx_c-c++_application_(system_debugger)\system_debugger_using_debug_mmio_ss_test.elf_on_local.tcl'
12:05:50 INFO  : Disconnected from the channel tcfchan#2.
12:05:51 INFO  : 'targets -set -filter {jtag_cable_name =~ "Digilent JTAG-SMT2 210251757213" && level==0} -index 0' command is executed.
12:05:51 INFO  : 'fpga -state' command is executed.
12:05:51 INFO  : Connected to target on host '127.0.0.1' and port '3121'.
12:05:51 INFO  : Jtag cable 'Digilent JTAG-SMT2 210251757213' is selected.
12:05:51 INFO  : 'jtag frequency' command is executed.
12:05:51 INFO  : 'configparams mdm-detect-bscan-mask 2' command is executed.
12:05:51 INFO  : Context for processor 'u_cpu_unit_cpu_i_microblaze_mcs_0_microblaze_I' is selected.
12:05:51 INFO  : Processor reset is completed for 'u_cpu_unit_cpu_i_microblaze_mcs_0_microblaze_I'.
12:05:52 INFO  : Context for processor 'u_cpu_unit_cpu_i_microblaze_mcs_0_microblaze_I' is selected.
12:05:52 INFO  : The application 'C:/FPGA_PROTOTYPING/uBlaze_mmio_ss/uBlazesdk/mmio_ss_test/Debug/mmio_ss_test.elf' is downloaded to processor 'u_cpu_unit_cpu_i_microblaze_mcs_0_microblaze_I'.
12:05:52 INFO  : ----------------XSDB Script----------------
connect -url tcp:127.0.0.1:3121
configparams mdm-detect-bscan-mask 2
targets -set -nocase -filter {name =~ "microblaze*#0" && bscan=="USER2"  && jtag_cable_name =~ "Digilent JTAG-SMT2 210251757213"} -index 0
rst -processor
targets -set -nocase -filter {name =~ "microblaze*#0" && bscan=="USER2"  && jtag_cable_name =~ "Digilent JTAG-SMT2 210251757213"} -index 0
dow C:/FPGA_PROTOTYPING/uBlaze_mmio_ss/uBlazesdk/mmio_ss_test/Debug/mmio_ss_test.elf
----------------End of Script----------------

12:05:52 INFO  : Memory regions updated for context PA
12:05:52 INFO  : Memory regions updated for context MicroBlaze Debug Module at USER2
12:05:52 INFO  : Context for processor 'u_cpu_unit_cpu_i_microblaze_mcs_0_microblaze_I' is selected.
12:05:52 INFO  : 'con' command is executed.
12:05:52 INFO  : ----------------XSDB Script (After Launch)----------------
targets -set -nocase -filter {name =~ "microblaze*#0" && bscan=="USER2"  && jtag_cable_name =~ "Digilent JTAG-SMT2 210251757213"} -index 0
con
----------------End of Script----------------

12:05:52 INFO  : Launch script is exported to file 'C:\FPGA_PROTOTYPING\uBlaze_mmio_ss\uBlazesdk\.sdk\launch_scripts\xilinx_c-c++_application_(system_debugger)\system_debugger_using_debug_mmio_ss_test.elf_on_local.tcl'
12:08:07 INFO  : Disconnected from the channel tcfchan#3.
12:39:39 INFO  : Launching XSCT server: xsct.bat -interactive C:\FPGA_PROTOTYPING\uBlaze_mmio_ss\uBlazesdk\temp_xsdb_launch_script.tcl
12:39:39 INFO  : Registering command handlers for SDK TCF services
12:39:41 INFO  : XSCT server has started successfully.
12:39:41 INFO  : Successfully done setting XSCT server connection channel  
12:39:41 INFO  : Successfully done setting SDK workspace  
12:41:26 INFO  : 'targets -set -filter {jtag_cable_name =~ "Digilent JTAG-SMT2 210251757213" && level==0} -index 0' command is executed.
12:41:26 INFO  : 'fpga -state' command is executed.
12:41:26 INFO  : Connected to target on host '127.0.0.1' and port '3121'.
12:41:26 INFO  : Jtag cable 'Digilent JTAG-SMT2 210251757213' is selected.
12:41:26 INFO  : 'jtag frequency' command is executed.
12:41:26 INFO  : 'configparams mdm-detect-bscan-mask 2' command is executed.
12:41:26 INFO  : Context for processor 'u_cpu_unit_cpu_i_microblaze_mcs_0_microblaze_I' is selected.
12:41:26 INFO  : Processor reset is completed for 'u_cpu_unit_cpu_i_microblaze_mcs_0_microblaze_I'.
12:41:26 INFO  : Context for processor 'u_cpu_unit_cpu_i_microblaze_mcs_0_microblaze_I' is selected.
12:41:26 INFO  : The application 'C:/FPGA_PROTOTYPING/uBlaze_mmio_ss/uBlazesdk/mmio_ss_test/Debug/mmio_ss_test.elf' is downloaded to processor 'u_cpu_unit_cpu_i_microblaze_mcs_0_microblaze_I'.
12:41:26 INFO  : ----------------XSDB Script----------------
connect -url tcp:127.0.0.1:3121
configparams mdm-detect-bscan-mask 2
targets -set -nocase -filter {name =~ "microblaze*#0" && bscan=="USER2"  && jtag_cable_name =~ "Digilent JTAG-SMT2 210251757213"} -index 0
rst -processor
targets -set -nocase -filter {name =~ "microblaze*#0" && bscan=="USER2"  && jtag_cable_name =~ "Digilent JTAG-SMT2 210251757213"} -index 0
dow C:/FPGA_PROTOTYPING/uBlaze_mmio_ss/uBlazesdk/mmio_ss_test/Debug/mmio_ss_test.elf
----------------End of Script----------------

12:41:26 INFO  : Memory regions updated for context PA
12:41:26 INFO  : Memory regions updated for context MicroBlaze Debug Module at USER2
12:41:26 INFO  : Context for processor 'u_cpu_unit_cpu_i_microblaze_mcs_0_microblaze_I' is selected.
12:41:26 INFO  : 'con' command is executed.
12:41:26 INFO  : ----------------XSDB Script (After Launch)----------------
targets -set -nocase -filter {name =~ "microblaze*#0" && bscan=="USER2"  && jtag_cable_name =~ "Digilent JTAG-SMT2 210251757213"} -index 0
con
----------------End of Script----------------

12:41:26 INFO  : Launch script is exported to file 'C:\FPGA_PROTOTYPING\uBlaze_mmio_ss\uBlazesdk\.sdk\launch_scripts\xilinx_c-c++_application_(system_debugger)\system_debugger_using_debug_mmio_ss_test.elf_on_local.tcl'
12:53:51 INFO  : Disconnected from the channel tcfchan#1.
12:53:52 INFO  : 'targets -set -filter {jtag_cable_name =~ "Digilent JTAG-SMT2 210251757213" && level==0} -index 0' command is executed.
12:53:52 INFO  : 'fpga -state' command is executed.
12:53:52 INFO  : Connected to target on host '127.0.0.1' and port '3121'.
12:53:52 INFO  : Jtag cable 'Digilent JTAG-SMT2 210251757213' is selected.
12:53:52 INFO  : 'jtag frequency' command is executed.
12:53:52 INFO  : 'configparams mdm-detect-bscan-mask 2' command is executed.
12:53:52 INFO  : Context for processor 'u_cpu_unit_cpu_i_microblaze_mcs_0_microblaze_I' is selected.
12:53:52 INFO  : Processor reset is completed for 'u_cpu_unit_cpu_i_microblaze_mcs_0_microblaze_I'.
12:53:52 INFO  : Context for processor 'u_cpu_unit_cpu_i_microblaze_mcs_0_microblaze_I' is selected.
12:53:52 INFO  : The application 'C:/FPGA_PROTOTYPING/uBlaze_mmio_ss/uBlazesdk/mmio_ss_test/Debug/mmio_ss_test.elf' is downloaded to processor 'u_cpu_unit_cpu_i_microblaze_mcs_0_microblaze_I'.
12:53:52 INFO  : ----------------XSDB Script----------------
connect -url tcp:127.0.0.1:3121
configparams mdm-detect-bscan-mask 2
targets -set -nocase -filter {name =~ "microblaze*#0" && bscan=="USER2"  && jtag_cable_name =~ "Digilent JTAG-SMT2 210251757213"} -index 0
rst -processor
targets -set -nocase -filter {name =~ "microblaze*#0" && bscan=="USER2"  && jtag_cable_name =~ "Digilent JTAG-SMT2 210251757213"} -index 0
dow C:/FPGA_PROTOTYPING/uBlaze_mmio_ss/uBlazesdk/mmio_ss_test/Debug/mmio_ss_test.elf
----------------End of Script----------------

12:53:53 INFO  : Memory regions updated for context PA
12:53:53 INFO  : Memory regions updated for context MicroBlaze Debug Module at USER2
12:53:53 INFO  : Context for processor 'u_cpu_unit_cpu_i_microblaze_mcs_0_microblaze_I' is selected.
12:53:53 INFO  : 'con' command is executed.
12:53:53 INFO  : ----------------XSDB Script (After Launch)----------------
targets -set -nocase -filter {name =~ "microblaze*#0" && bscan=="USER2"  && jtag_cable_name =~ "Digilent JTAG-SMT2 210251757213"} -index 0
con
----------------End of Script----------------

12:53:53 INFO  : Launch script is exported to file 'C:\FPGA_PROTOTYPING\uBlaze_mmio_ss\uBlazesdk\.sdk\launch_scripts\xilinx_c-c++_application_(system_debugger)\system_debugger_using_debug_mmio_ss_test.elf_on_local.tcl'
12:56:57 INFO  : Disconnected from the channel tcfchan#2.
12:56:58 INFO  : 'targets -set -filter {jtag_cable_name =~ "Digilent JTAG-SMT2 210251757213" && level==0} -index 0' command is executed.
12:56:58 INFO  : 'fpga -state' command is executed.
12:56:58 INFO  : Connected to target on host '127.0.0.1' and port '3121'.
12:56:58 INFO  : Jtag cable 'Digilent JTAG-SMT2 210251757213' is selected.
12:56:58 INFO  : 'jtag frequency' command is executed.
12:56:58 INFO  : 'configparams mdm-detect-bscan-mask 2' command is executed.
12:56:59 INFO  : Context for processor 'u_cpu_unit_cpu_i_microblaze_mcs_0_microblaze_I' is selected.
12:56:59 INFO  : Processor reset is completed for 'u_cpu_unit_cpu_i_microblaze_mcs_0_microblaze_I'.
12:56:59 INFO  : Context for processor 'u_cpu_unit_cpu_i_microblaze_mcs_0_microblaze_I' is selected.
12:56:59 INFO  : The application 'C:/FPGA_PROTOTYPING/uBlaze_mmio_ss/uBlazesdk/mmio_ss_test/Debug/mmio_ss_test.elf' is downloaded to processor 'u_cpu_unit_cpu_i_microblaze_mcs_0_microblaze_I'.
12:56:59 INFO  : ----------------XSDB Script----------------
connect -url tcp:127.0.0.1:3121
configparams mdm-detect-bscan-mask 2
targets -set -nocase -filter {name =~ "microblaze*#0" && bscan=="USER2"  && jtag_cable_name =~ "Digilent JTAG-SMT2 210251757213"} -index 0
rst -processor
targets -set -nocase -filter {name =~ "microblaze*#0" && bscan=="USER2"  && jtag_cable_name =~ "Digilent JTAG-SMT2 210251757213"} -index 0
dow C:/FPGA_PROTOTYPING/uBlaze_mmio_ss/uBlazesdk/mmio_ss_test/Debug/mmio_ss_test.elf
----------------End of Script----------------

12:56:59 INFO  : Memory regions updated for context PA
12:56:59 INFO  : Memory regions updated for context MicroBlaze Debug Module at USER2
12:56:59 INFO  : Context for processor 'u_cpu_unit_cpu_i_microblaze_mcs_0_microblaze_I' is selected.
12:56:59 INFO  : 'con' command is executed.
12:56:59 INFO  : ----------------XSDB Script (After Launch)----------------
targets -set -nocase -filter {name =~ "microblaze*#0" && bscan=="USER2"  && jtag_cable_name =~ "Digilent JTAG-SMT2 210251757213"} -index 0
con
----------------End of Script----------------

12:56:59 INFO  : Launch script is exported to file 'C:\FPGA_PROTOTYPING\uBlaze_mmio_ss\uBlazesdk\.sdk\launch_scripts\xilinx_c-c++_application_(system_debugger)\system_debugger_using_debug_mmio_ss_test.elf_on_local.tcl'
12:58:45 INFO  : Disconnected from the channel tcfchan#3.
15:03:14 INFO  : Launching XSCT server: xsct.bat -interactive C:\FPGA_PROTOTYPING\uBlaze_mmio_ss\uBlazesdk\temp_xsdb_launch_script.tcl
15:03:15 INFO  : Registering command handlers for SDK TCF services
15:03:18 INFO  : XSCT server has started successfully.
15:03:23 INFO  : Successfully done setting XSCT server connection channel  
15:03:23 INFO  : Successfully done setting SDK workspace  
15:03:56 INFO  : 'targets -set -filter {jtag_cable_name =~ "Digilent JTAG-SMT2 210251757213" && level==0} -index 0' command is executed.
15:03:56 INFO  : 'fpga -state' command is executed.
15:03:56 INFO  : Connected to target on host '127.0.0.1' and port '3121'.
15:03:56 INFO  : Jtag cable 'Digilent JTAG-SMT2 210251757213' is selected.
15:03:56 INFO  : 'jtag frequency' command is executed.
15:03:56 INFO  : 'configparams mdm-detect-bscan-mask 2' command is executed.
15:03:56 INFO  : Context for processor 'u_cpu_unit_cpu_i_microblaze_mcs_0_microblaze_I' is selected.
15:03:56 INFO  : Processor reset is completed for 'u_cpu_unit_cpu_i_microblaze_mcs_0_microblaze_I'.
15:03:56 INFO  : Context for processor 'u_cpu_unit_cpu_i_microblaze_mcs_0_microblaze_I' is selected.
15:03:56 INFO  : The application 'C:/FPGA_PROTOTYPING/uBlaze_mmio_ss/uBlazesdk/mmio_ss_test/Debug/mmio_ss_test.elf' is downloaded to processor 'u_cpu_unit_cpu_i_microblaze_mcs_0_microblaze_I'.
15:03:56 INFO  : ----------------XSDB Script----------------
connect -url tcp:127.0.0.1:3121
configparams mdm-detect-bscan-mask 2
targets -set -nocase -filter {name =~ "microblaze*#0" && bscan=="USER2"  && jtag_cable_name =~ "Digilent JTAG-SMT2 210251757213"} -index 0
rst -processor
targets -set -nocase -filter {name =~ "microblaze*#0" && bscan=="USER2"  && jtag_cable_name =~ "Digilent JTAG-SMT2 210251757213"} -index 0
dow C:/FPGA_PROTOTYPING/uBlaze_mmio_ss/uBlazesdk/mmio_ss_test/Debug/mmio_ss_test.elf
----------------End of Script----------------

15:03:56 INFO  : Memory regions updated for context PA
15:03:56 INFO  : Memory regions updated for context MicroBlaze Debug Module at USER2
15:03:56 INFO  : Context for processor 'u_cpu_unit_cpu_i_microblaze_mcs_0_microblaze_I' is selected.
15:03:56 INFO  : 'con' command is executed.
15:03:56 INFO  : ----------------XSDB Script (After Launch)----------------
targets -set -nocase -filter {name =~ "microblaze*#0" && bscan=="USER2"  && jtag_cable_name =~ "Digilent JTAG-SMT2 210251757213"} -index 0
con
----------------End of Script----------------

15:03:56 INFO  : Launch script is exported to file 'C:\FPGA_PROTOTYPING\uBlaze_mmio_ss\uBlazesdk\.sdk\launch_scripts\xilinx_c-c++_application_(system_debugger)\system_debugger_using_debug_mmio_ss_test.elf_on_local.tcl'
15:12:05 INFO  : Disconnected from the channel tcfchan#1.
15:12:06 INFO  : 'targets -set -filter {jtag_cable_name =~ "Digilent JTAG-SMT2 210251757213" && level==0} -index 0' command is executed.
15:12:06 INFO  : 'fpga -state' command is executed.
15:12:06 INFO  : Connected to target on host '127.0.0.1' and port '3121'.
15:12:07 INFO  : Jtag cable 'Digilent JTAG-SMT2 210251757213' is selected.
15:12:07 INFO  : 'jtag frequency' command is executed.
15:12:07 INFO  : 'configparams mdm-detect-bscan-mask 2' command is executed.
15:12:07 INFO  : Context for processor 'u_cpu_unit_cpu_i_microblaze_mcs_0_microblaze_I' is selected.
15:12:07 INFO  : Processor reset is completed for 'u_cpu_unit_cpu_i_microblaze_mcs_0_microblaze_I'.
15:12:07 INFO  : Context for processor 'u_cpu_unit_cpu_i_microblaze_mcs_0_microblaze_I' is selected.
15:12:07 INFO  : The application 'C:/FPGA_PROTOTYPING/uBlaze_mmio_ss/uBlazesdk/mmio_ss_test/Debug/mmio_ss_test.elf' is downloaded to processor 'u_cpu_unit_cpu_i_microblaze_mcs_0_microblaze_I'.
15:12:07 INFO  : ----------------XSDB Script----------------
connect -url tcp:127.0.0.1:3121
configparams mdm-detect-bscan-mask 2
targets -set -nocase -filter {name =~ "microblaze*#0" && bscan=="USER2"  && jtag_cable_name =~ "Digilent JTAG-SMT2 210251757213"} -index 0
rst -processor
targets -set -nocase -filter {name =~ "microblaze*#0" && bscan=="USER2"  && jtag_cable_name =~ "Digilent JTAG-SMT2 210251757213"} -index 0
dow C:/FPGA_PROTOTYPING/uBlaze_mmio_ss/uBlazesdk/mmio_ss_test/Debug/mmio_ss_test.elf
----------------End of Script----------------

15:12:07 INFO  : Memory regions updated for context PA
15:12:07 INFO  : Memory regions updated for context MicroBlaze Debug Module at USER2
15:12:07 INFO  : Context for processor 'u_cpu_unit_cpu_i_microblaze_mcs_0_microblaze_I' is selected.
15:12:07 INFO  : 'con' command is executed.
15:12:07 INFO  : ----------------XSDB Script (After Launch)----------------
targets -set -nocase -filter {name =~ "microblaze*#0" && bscan=="USER2"  && jtag_cable_name =~ "Digilent JTAG-SMT2 210251757213"} -index 0
con
----------------End of Script----------------

15:12:07 INFO  : Launch script is exported to file 'C:\FPGA_PROTOTYPING\uBlaze_mmio_ss\uBlazesdk\.sdk\launch_scripts\xilinx_c-c++_application_(system_debugger)\system_debugger_using_debug_mmio_ss_test.elf_on_local.tcl'
15:39:09 INFO  : Disconnected from the channel tcfchan#2.
15:39:10 INFO  : 'targets -set -filter {jtag_cable_name =~ "Digilent JTAG-SMT2 210251757213" && level==0} -index 0' command is executed.
15:39:10 INFO  : 'fpga -state' command is executed.
15:39:10 INFO  : Connected to target on host '127.0.0.1' and port '3121'.
15:39:10 INFO  : Jtag cable 'Digilent JTAG-SMT2 210251757213' is selected.
15:39:10 INFO  : 'jtag frequency' command is executed.
15:39:10 INFO  : 'configparams mdm-detect-bscan-mask 2' command is executed.
15:39:10 INFO  : Context for processor 'u_cpu_unit_cpu_i_microblaze_mcs_0_microblaze_I' is selected.
15:39:10 INFO  : Processor reset is completed for 'u_cpu_unit_cpu_i_microblaze_mcs_0_microblaze_I'.
15:39:10 INFO  : Context for processor 'u_cpu_unit_cpu_i_microblaze_mcs_0_microblaze_I' is selected.
15:39:10 INFO  : The application 'C:/FPGA_PROTOTYPING/uBlaze_mmio_ss/uBlazesdk/mmio_ss_test/Debug/mmio_ss_test.elf' is downloaded to processor 'u_cpu_unit_cpu_i_microblaze_mcs_0_microblaze_I'.
15:39:10 INFO  : ----------------XSDB Script----------------
connect -url tcp:127.0.0.1:3121
configparams mdm-detect-bscan-mask 2
targets -set -nocase -filter {name =~ "microblaze*#0" && bscan=="USER2"  && jtag_cable_name =~ "Digilent JTAG-SMT2 210251757213"} -index 0
rst -processor
targets -set -nocase -filter {name =~ "microblaze*#0" && bscan=="USER2"  && jtag_cable_name =~ "Digilent JTAG-SMT2 210251757213"} -index 0
dow C:/FPGA_PROTOTYPING/uBlaze_mmio_ss/uBlazesdk/mmio_ss_test/Debug/mmio_ss_test.elf
----------------End of Script----------------

15:39:10 INFO  : Memory regions updated for context PA
15:39:10 INFO  : Memory regions updated for context MicroBlaze Debug Module at USER2
15:39:11 INFO  : Context for processor 'u_cpu_unit_cpu_i_microblaze_mcs_0_microblaze_I' is selected.
15:39:11 INFO  : 'con' command is executed.
15:39:11 INFO  : ----------------XSDB Script (After Launch)----------------
targets -set -nocase -filter {name =~ "microblaze*#0" && bscan=="USER2"  && jtag_cable_name =~ "Digilent JTAG-SMT2 210251757213"} -index 0
con
----------------End of Script----------------

15:39:11 INFO  : Launch script is exported to file 'C:\FPGA_PROTOTYPING\uBlaze_mmio_ss\uBlazesdk\.sdk\launch_scripts\xilinx_c-c++_application_(system_debugger)\system_debugger_using_debug_mmio_ss_test.elf_on_local.tcl'
15:40:15 INFO  : Disconnected from the channel tcfchan#3.
15:40:16 INFO  : 'targets -set -filter {jtag_cable_name =~ "Digilent JTAG-SMT2 210251757213" && level==0} -index 0' command is executed.
15:40:16 INFO  : 'fpga -state' command is executed.
15:40:16 INFO  : Connected to target on host '127.0.0.1' and port '3121'.
15:40:16 INFO  : Jtag cable 'Digilent JTAG-SMT2 210251757213' is selected.
15:40:16 INFO  : 'jtag frequency' command is executed.
15:40:16 INFO  : 'configparams mdm-detect-bscan-mask 2' command is executed.
15:40:16 INFO  : Context for processor 'u_cpu_unit_cpu_i_microblaze_mcs_0_microblaze_I' is selected.
15:40:16 INFO  : Processor reset is completed for 'u_cpu_unit_cpu_i_microblaze_mcs_0_microblaze_I'.
15:40:16 INFO  : Context for processor 'u_cpu_unit_cpu_i_microblaze_mcs_0_microblaze_I' is selected.
15:40:16 INFO  : The application 'C:/FPGA_PROTOTYPING/uBlaze_mmio_ss/uBlazesdk/mmio_ss_test/Debug/mmio_ss_test.elf' is downloaded to processor 'u_cpu_unit_cpu_i_microblaze_mcs_0_microblaze_I'.
15:40:16 INFO  : ----------------XSDB Script----------------
connect -url tcp:127.0.0.1:3121
configparams mdm-detect-bscan-mask 2
targets -set -nocase -filter {name =~ "microblaze*#0" && bscan=="USER2"  && jtag_cable_name =~ "Digilent JTAG-SMT2 210251757213"} -index 0
rst -processor
targets -set -nocase -filter {name =~ "microblaze*#0" && bscan=="USER2"  && jtag_cable_name =~ "Digilent JTAG-SMT2 210251757213"} -index 0
dow C:/FPGA_PROTOTYPING/uBlaze_mmio_ss/uBlazesdk/mmio_ss_test/Debug/mmio_ss_test.elf
----------------End of Script----------------

15:40:16 INFO  : Memory regions updated for context PA
15:40:16 INFO  : Memory regions updated for context MicroBlaze Debug Module at USER2
15:40:16 INFO  : Context for processor 'u_cpu_unit_cpu_i_microblaze_mcs_0_microblaze_I' is selected.
15:40:16 INFO  : 'con' command is executed.
15:40:16 INFO  : ----------------XSDB Script (After Launch)----------------
targets -set -nocase -filter {name =~ "microblaze*#0" && bscan=="USER2"  && jtag_cable_name =~ "Digilent JTAG-SMT2 210251757213"} -index 0
con
----------------End of Script----------------

15:40:16 INFO  : Launch script is exported to file 'C:\FPGA_PROTOTYPING\uBlaze_mmio_ss\uBlazesdk\.sdk\launch_scripts\xilinx_c-c++_application_(system_debugger)\system_debugger_using_debug_mmio_ss_test.elf_on_local.tcl'
15:40:45 INFO  : Disconnected from the channel tcfchan#4.
15:40:46 INFO  : 'targets -set -filter {jtag_cable_name =~ "Digilent JTAG-SMT2 210251757213" && level==0} -index 0' command is executed.
15:40:47 INFO  : 'fpga -state' command is executed.
15:40:47 INFO  : Connected to target on host '127.0.0.1' and port '3121'.
15:40:47 INFO  : Jtag cable 'Digilent JTAG-SMT2 210251757213' is selected.
15:40:47 INFO  : 'jtag frequency' command is executed.
15:40:47 INFO  : 'configparams mdm-detect-bscan-mask 2' command is executed.
15:40:47 INFO  : Context for processor 'u_cpu_unit_cpu_i_microblaze_mcs_0_microblaze_I' is selected.
15:40:47 INFO  : Processor reset is completed for 'u_cpu_unit_cpu_i_microblaze_mcs_0_microblaze_I'.
15:40:47 INFO  : Context for processor 'u_cpu_unit_cpu_i_microblaze_mcs_0_microblaze_I' is selected.
15:40:47 INFO  : The application 'C:/FPGA_PROTOTYPING/uBlaze_mmio_ss/uBlazesdk/mmio_ss_test/Debug/mmio_ss_test.elf' is downloaded to processor 'u_cpu_unit_cpu_i_microblaze_mcs_0_microblaze_I'.
15:40:47 INFO  : ----------------XSDB Script----------------
connect -url tcp:127.0.0.1:3121
configparams mdm-detect-bscan-mask 2
targets -set -nocase -filter {name =~ "microblaze*#0" && bscan=="USER2"  && jtag_cable_name =~ "Digilent JTAG-SMT2 210251757213"} -index 0
rst -processor
targets -set -nocase -filter {name =~ "microblaze*#0" && bscan=="USER2"  && jtag_cable_name =~ "Digilent JTAG-SMT2 210251757213"} -index 0
dow C:/FPGA_PROTOTYPING/uBlaze_mmio_ss/uBlazesdk/mmio_ss_test/Debug/mmio_ss_test.elf
----------------End of Script----------------

15:40:47 INFO  : Memory regions updated for context PA
15:40:47 INFO  : Memory regions updated for context MicroBlaze Debug Module at USER2
15:40:47 INFO  : Context for processor 'u_cpu_unit_cpu_i_microblaze_mcs_0_microblaze_I' is selected.
15:40:47 INFO  : 'con' command is executed.
15:40:47 INFO  : ----------------XSDB Script (After Launch)----------------
targets -set -nocase -filter {name =~ "microblaze*#0" && bscan=="USER2"  && jtag_cable_name =~ "Digilent JTAG-SMT2 210251757213"} -index 0
con
----------------End of Script----------------

15:40:47 INFO  : Launch script is exported to file 'C:\FPGA_PROTOTYPING\uBlaze_mmio_ss\uBlazesdk\.sdk\launch_scripts\xilinx_c-c++_application_(system_debugger)\system_debugger_using_debug_mmio_ss_test.elf_on_local.tcl'
15:50:04 INFO  : Disconnected from the channel tcfchan#5.
15:50:05 INFO  : 'targets -set -filter {jtag_cable_name =~ "Digilent JTAG-SMT2 210251757213" && level==0} -index 0' command is executed.
15:50:05 INFO  : 'fpga -state' command is executed.
15:50:05 INFO  : Connected to target on host '127.0.0.1' and port '3121'.
15:50:05 INFO  : Jtag cable 'Digilent JTAG-SMT2 210251757213' is selected.
15:50:05 INFO  : 'jtag frequency' command is executed.
15:50:05 INFO  : 'configparams mdm-detect-bscan-mask 2' command is executed.
15:50:05 INFO  : Context for processor 'u_cpu_unit_cpu_i_microblaze_mcs_0_microblaze_I' is selected.
15:50:05 INFO  : Processor reset is completed for 'u_cpu_unit_cpu_i_microblaze_mcs_0_microblaze_I'.
15:50:06 INFO  : Context for processor 'u_cpu_unit_cpu_i_microblaze_mcs_0_microblaze_I' is selected.
15:50:06 INFO  : The application 'C:/FPGA_PROTOTYPING/uBlaze_mmio_ss/uBlazesdk/mmio_ss_test/Debug/mmio_ss_test.elf' is downloaded to processor 'u_cpu_unit_cpu_i_microblaze_mcs_0_microblaze_I'.
15:50:06 INFO  : ----------------XSDB Script----------------
connect -url tcp:127.0.0.1:3121
configparams mdm-detect-bscan-mask 2
targets -set -nocase -filter {name =~ "microblaze*#0" && bscan=="USER2"  && jtag_cable_name =~ "Digilent JTAG-SMT2 210251757213"} -index 0
rst -processor
targets -set -nocase -filter {name =~ "microblaze*#0" && bscan=="USER2"  && jtag_cable_name =~ "Digilent JTAG-SMT2 210251757213"} -index 0
dow C:/FPGA_PROTOTYPING/uBlaze_mmio_ss/uBlazesdk/mmio_ss_test/Debug/mmio_ss_test.elf
----------------End of Script----------------

15:50:06 INFO  : Memory regions updated for context PA
15:50:06 INFO  : Memory regions updated for context MicroBlaze Debug Module at USER2
15:50:06 INFO  : Context for processor 'u_cpu_unit_cpu_i_microblaze_mcs_0_microblaze_I' is selected.
15:50:06 INFO  : 'con' command is executed.
15:50:06 INFO  : ----------------XSDB Script (After Launch)----------------
targets -set -nocase -filter {name =~ "microblaze*#0" && bscan=="USER2"  && jtag_cable_name =~ "Digilent JTAG-SMT2 210251757213"} -index 0
con
----------------End of Script----------------

15:50:06 INFO  : Launch script is exported to file 'C:\FPGA_PROTOTYPING\uBlaze_mmio_ss\uBlazesdk\.sdk\launch_scripts\xilinx_c-c++_application_(system_debugger)\system_debugger_using_debug_mmio_ss_test.elf_on_local.tcl'
15:50:33 INFO  : Disconnected from the channel tcfchan#6.
15:50:34 INFO  : 'targets -set -filter {jtag_cable_name =~ "Digilent JTAG-SMT2 210251757213" && level==0} -index 0' command is executed.
15:50:34 INFO  : 'fpga -state' command is executed.
15:50:34 INFO  : Connected to target on host '127.0.0.1' and port '3121'.
15:50:35 INFO  : Jtag cable 'Digilent JTAG-SMT2 210251757213' is selected.
15:50:35 INFO  : 'jtag frequency' command is executed.
15:50:35 INFO  : 'configparams mdm-detect-bscan-mask 2' command is executed.
15:50:35 INFO  : Context for processor 'u_cpu_unit_cpu_i_microblaze_mcs_0_microblaze_I' is selected.
15:50:35 INFO  : Processor reset is completed for 'u_cpu_unit_cpu_i_microblaze_mcs_0_microblaze_I'.
15:50:35 INFO  : Context for processor 'u_cpu_unit_cpu_i_microblaze_mcs_0_microblaze_I' is selected.
15:50:35 INFO  : The application 'C:/FPGA_PROTOTYPING/uBlaze_mmio_ss/uBlazesdk/mmio_ss_test/Debug/mmio_ss_test.elf' is downloaded to processor 'u_cpu_unit_cpu_i_microblaze_mcs_0_microblaze_I'.
15:50:35 INFO  : ----------------XSDB Script----------------
connect -url tcp:127.0.0.1:3121
configparams mdm-detect-bscan-mask 2
targets -set -nocase -filter {name =~ "microblaze*#0" && bscan=="USER2"  && jtag_cable_name =~ "Digilent JTAG-SMT2 210251757213"} -index 0
rst -processor
targets -set -nocase -filter {name =~ "microblaze*#0" && bscan=="USER2"  && jtag_cable_name =~ "Digilent JTAG-SMT2 210251757213"} -index 0
dow C:/FPGA_PROTOTYPING/uBlaze_mmio_ss/uBlazesdk/mmio_ss_test/Debug/mmio_ss_test.elf
----------------End of Script----------------

15:50:35 INFO  : Memory regions updated for context PA
15:50:35 INFO  : Memory regions updated for context MicroBlaze Debug Module at USER2
15:50:35 INFO  : Context for processor 'u_cpu_unit_cpu_i_microblaze_mcs_0_microblaze_I' is selected.
15:50:35 INFO  : 'con' command is executed.
15:50:35 INFO  : ----------------XSDB Script (After Launch)----------------
targets -set -nocase -filter {name =~ "microblaze*#0" && bscan=="USER2"  && jtag_cable_name =~ "Digilent JTAG-SMT2 210251757213"} -index 0
con
----------------End of Script----------------

15:50:35 INFO  : Launch script is exported to file 'C:\FPGA_PROTOTYPING\uBlaze_mmio_ss\uBlazesdk\.sdk\launch_scripts\xilinx_c-c++_application_(system_debugger)\system_debugger_using_debug_mmio_ss_test.elf_on_local.tcl'
15:50:49 INFO  : Disconnected from the channel tcfchan#7.
15:50:50 INFO  : 'targets -set -filter {jtag_cable_name =~ "Digilent JTAG-SMT2 210251757213" && level==0} -index 0' command is executed.
15:50:50 INFO  : 'fpga -state' command is executed.
15:50:50 INFO  : Connected to target on host '127.0.0.1' and port '3121'.
15:50:50 INFO  : Jtag cable 'Digilent JTAG-SMT2 210251757213' is selected.
15:50:50 INFO  : 'jtag frequency' command is executed.
15:50:50 INFO  : 'configparams mdm-detect-bscan-mask 2' command is executed.
15:50:50 INFO  : Context for processor 'u_cpu_unit_cpu_i_microblaze_mcs_0_microblaze_I' is selected.
15:50:50 INFO  : Processor reset is completed for 'u_cpu_unit_cpu_i_microblaze_mcs_0_microblaze_I'.
15:50:51 INFO  : Context for processor 'u_cpu_unit_cpu_i_microblaze_mcs_0_microblaze_I' is selected.
15:50:51 INFO  : The application 'C:/FPGA_PROTOTYPING/uBlaze_mmio_ss/uBlazesdk/mmio_ss_test/Debug/mmio_ss_test.elf' is downloaded to processor 'u_cpu_unit_cpu_i_microblaze_mcs_0_microblaze_I'.
15:50:51 INFO  : ----------------XSDB Script----------------
connect -url tcp:127.0.0.1:3121
configparams mdm-detect-bscan-mask 2
targets -set -nocase -filter {name =~ "microblaze*#0" && bscan=="USER2"  && jtag_cable_name =~ "Digilent JTAG-SMT2 210251757213"} -index 0
rst -processor
targets -set -nocase -filter {name =~ "microblaze*#0" && bscan=="USER2"  && jtag_cable_name =~ "Digilent JTAG-SMT2 210251757213"} -index 0
dow C:/FPGA_PROTOTYPING/uBlaze_mmio_ss/uBlazesdk/mmio_ss_test/Debug/mmio_ss_test.elf
----------------End of Script----------------

15:50:51 INFO  : Memory regions updated for context PA
15:50:51 INFO  : Memory regions updated for context MicroBlaze Debug Module at USER2
15:50:51 INFO  : Context for processor 'u_cpu_unit_cpu_i_microblaze_mcs_0_microblaze_I' is selected.
15:50:51 INFO  : 'con' command is executed.
15:50:51 INFO  : ----------------XSDB Script (After Launch)----------------
targets -set -nocase -filter {name =~ "microblaze*#0" && bscan=="USER2"  && jtag_cable_name =~ "Digilent JTAG-SMT2 210251757213"} -index 0
con
----------------End of Script----------------

15:50:51 INFO  : Launch script is exported to file 'C:\FPGA_PROTOTYPING\uBlaze_mmio_ss\uBlazesdk\.sdk\launch_scripts\xilinx_c-c++_application_(system_debugger)\system_debugger_using_debug_mmio_ss_test.elf_on_local.tcl'
15:51:43 INFO  : Disconnected from the channel tcfchan#8.
15:51:44 INFO  : 'targets -set -filter {jtag_cable_name =~ "Digilent JTAG-SMT2 210251757213" && level==0} -index 0' command is executed.
15:51:44 INFO  : 'fpga -state' command is executed.
15:51:44 INFO  : Connected to target on host '127.0.0.1' and port '3121'.
15:51:44 INFO  : Jtag cable 'Digilent JTAG-SMT2 210251757213' is selected.
15:51:44 INFO  : 'jtag frequency' command is executed.
15:51:44 INFO  : 'configparams mdm-detect-bscan-mask 2' command is executed.
15:51:44 INFO  : Context for processor 'u_cpu_unit_cpu_i_microblaze_mcs_0_microblaze_I' is selected.
15:51:44 INFO  : Processor reset is completed for 'u_cpu_unit_cpu_i_microblaze_mcs_0_microblaze_I'.
15:51:44 INFO  : Context for processor 'u_cpu_unit_cpu_i_microblaze_mcs_0_microblaze_I' is selected.
15:51:44 INFO  : The application 'C:/FPGA_PROTOTYPING/uBlaze_mmio_ss/uBlazesdk/mmio_ss_test/Debug/mmio_ss_test.elf' is downloaded to processor 'u_cpu_unit_cpu_i_microblaze_mcs_0_microblaze_I'.
15:51:44 INFO  : ----------------XSDB Script----------------
connect -url tcp:127.0.0.1:3121
configparams mdm-detect-bscan-mask 2
targets -set -nocase -filter {name =~ "microblaze*#0" && bscan=="USER2"  && jtag_cable_name =~ "Digilent JTAG-SMT2 210251757213"} -index 0
rst -processor
targets -set -nocase -filter {name =~ "microblaze*#0" && bscan=="USER2"  && jtag_cable_name =~ "Digilent JTAG-SMT2 210251757213"} -index 0
dow C:/FPGA_PROTOTYPING/uBlaze_mmio_ss/uBlazesdk/mmio_ss_test/Debug/mmio_ss_test.elf
----------------End of Script----------------

15:51:45 INFO  : Memory regions updated for context PA
15:51:45 INFO  : Memory regions updated for context MicroBlaze Debug Module at USER2
15:51:45 INFO  : Context for processor 'u_cpu_unit_cpu_i_microblaze_mcs_0_microblaze_I' is selected.
15:51:45 INFO  : 'con' command is executed.
15:51:45 INFO  : ----------------XSDB Script (After Launch)----------------
targets -set -nocase -filter {name =~ "microblaze*#0" && bscan=="USER2"  && jtag_cable_name =~ "Digilent JTAG-SMT2 210251757213"} -index 0
con
----------------End of Script----------------

15:51:45 INFO  : Launch script is exported to file 'C:\FPGA_PROTOTYPING\uBlaze_mmio_ss\uBlazesdk\.sdk\launch_scripts\xilinx_c-c++_application_(system_debugger)\system_debugger_using_debug_mmio_ss_test.elf_on_local.tcl'
16:02:35 INFO  : Disconnected from the channel tcfchan#9.
16:02:38 INFO  : 'targets -set -filter {jtag_cable_name =~ "Digilent JTAG-SMT2 210251757213" && level==0} -index 0' command is executed.
16:02:38 INFO  : 'fpga -state' command is executed.
16:02:38 INFO  : Connected to target on host '127.0.0.1' and port '3121'.
16:02:38 INFO  : Jtag cable 'Digilent JTAG-SMT2 210251757213' is selected.
16:02:38 INFO  : 'jtag frequency' command is executed.
16:02:38 INFO  : 'configparams mdm-detect-bscan-mask 2' command is executed.
16:02:38 INFO  : ----------------XSDB Script----------------
connect -url tcp:127.0.0.1:3121
configparams mdm-detect-bscan-mask 2
----------------End of Script----------------

16:02:38 INFO  : Memory regions updated for context PA
16:02:38 INFO  : Memory regions updated for context MicroBlaze Debug Module at USER2
16:02:38 INFO  : Launch script is exported to file 'C:\FPGA_PROTOTYPING\uBlaze_mmio_ss\uBlazesdk\.sdk\launch_scripts\xilinx_c-c++_application_(system_debugger)\system_debugger_using_debug_mmio_ss_test.elf_on_local.tcl'
16:02:57 INFO  : Disconnected from the channel tcfchan#10.
16:03:03 INFO  : 'targets -set -filter {jtag_cable_name =~ "Digilent JTAG-SMT2 210251757213" && level==0} -index 0' command is executed.
16:03:03 INFO  : 'fpga -state' command is executed.
16:03:03 INFO  : Connected to target on host '127.0.0.1' and port '3121'.
16:03:03 INFO  : Jtag cable 'Digilent JTAG-SMT2 210251757213' is selected.
16:03:03 INFO  : 'jtag frequency' command is executed.
16:03:03 INFO  : 'configparams mdm-detect-bscan-mask 2' command is executed.
16:03:03 INFO  : ----------------XSDB Script----------------
connect -url tcp:127.0.0.1:3121
configparams mdm-detect-bscan-mask 2
----------------End of Script----------------

16:03:03 INFO  : Memory regions updated for context PA
16:03:03 INFO  : Memory regions updated for context MicroBlaze Debug Module at USER2
16:03:03 INFO  : Launch script is exported to file 'C:\FPGA_PROTOTYPING\uBlaze_mmio_ss\uBlazesdk\.sdk\launch_scripts\xilinx_c-c++_application_(system_debugger)\system_debugger_using_debug_mmio_ss_test.elf_on_local.tcl'
16:04:09 INFO  : Disconnected from the channel tcfchan#11.
16:04:34 INFO  : 'targets -set -filter {jtag_cable_name =~ "Digilent JTAG-SMT2 210251757213" && level==0} -index 0' command is executed.
16:04:34 INFO  : 'fpga -state' command is executed.
16:04:34 INFO  : Connected to target on host '127.0.0.1' and port '3121'.
16:04:34 INFO  : Jtag cable 'Digilent JTAG-SMT2 210251757213' is selected.
16:04:34 INFO  : 'jtag frequency' command is executed.
16:04:34 INFO  : 'configparams mdm-detect-bscan-mask 2' command is executed.
16:04:34 INFO  : ----------------XSDB Script----------------
connect -url tcp:127.0.0.1:3121
configparams mdm-detect-bscan-mask 2
----------------End of Script----------------

16:04:34 INFO  : Memory regions updated for context PA
16:04:34 INFO  : Memory regions updated for context MicroBlaze Debug Module at USER2
16:04:34 INFO  : Launch script is exported to file 'C:\FPGA_PROTOTYPING\uBlaze_mmio_ss\uBlazesdk\.sdk\launch_scripts\xilinx_c-c++_application_(system_debugger)\system_debugger_using_debug_mmio_ss_test.elf_on_local.tcl'
16:04:58 INFO  : Disconnected from the channel tcfchan#12.
16:05:03 INFO  : 'targets -set -filter {jtag_cable_name =~ "Digilent JTAG-SMT2 210251757213" && level==0} -index 0' command is executed.
16:05:03 INFO  : 'fpga -state' command is executed.
16:05:03 INFO  : Connected to target on host '127.0.0.1' and port '3121'.
16:05:03 INFO  : Jtag cable 'Digilent JTAG-SMT2 210251757213' is selected.
16:05:03 INFO  : 'jtag frequency' command is executed.
16:05:03 INFO  : 'configparams mdm-detect-bscan-mask 2' command is executed.
16:05:03 INFO  : ----------------XSDB Script----------------
connect -url tcp:127.0.0.1:3121
configparams mdm-detect-bscan-mask 2
----------------End of Script----------------

16:05:03 INFO  : Memory regions updated for context PA
16:05:03 INFO  : Memory regions updated for context MicroBlaze Debug Module at USER2
16:05:03 INFO  : Launch script is exported to file 'C:\FPGA_PROTOTYPING\uBlaze_mmio_ss\uBlazesdk\.sdk\launch_scripts\xilinx_c-c++_application_(system_debugger)\system_debugger_using_debug_mmio_ss_test.elf_on_local.tcl'
16:05:48 INFO  : Disconnected from the channel tcfchan#13.
16:06:02 INFO  : 'targets -set -filter {jtag_cable_name =~ "Digilent JTAG-SMT2 210251757213" && level==0} -index 0' command is executed.
16:06:02 INFO  : 'fpga -state' command is executed.
16:06:02 INFO  : Connected to target on host '127.0.0.1' and port '3121'.
16:06:02 INFO  : Jtag cable 'Digilent JTAG-SMT2 210251757213' is selected.
16:06:02 INFO  : 'jtag frequency' command is executed.
16:06:02 INFO  : 'configparams mdm-detect-bscan-mask 2' command is executed.
16:06:02 INFO  : ----------------XSDB Script----------------
connect -url tcp:127.0.0.1:3121
configparams mdm-detect-bscan-mask 2
----------------End of Script----------------

16:06:02 INFO  : Memory regions updated for context PA
16:06:02 INFO  : Memory regions updated for context MicroBlaze Debug Module at USER2
16:06:02 INFO  : Launch script is exported to file 'C:\FPGA_PROTOTYPING\uBlaze_mmio_ss\uBlazesdk\.sdk\launch_scripts\xilinx_c-c++_application_(system_debugger)\system_debugger_using_debug_mmio_ss_test.elf_on_local.tcl'
16:06:04 INFO  : Disconnected from the channel tcfchan#14.
16:06:26 INFO  : Launching XSCT server: xsct.bat -interactive C:\FPGA_PROTOTYPING\uBlaze_mmio_ss\uBlazesdk\temp_xsdb_launch_script.tcl
16:06:26 INFO  : Registering command handlers for SDK TCF services
16:06:28 INFO  : XSCT server has started successfully.
16:06:28 INFO  : Successfully done setting XSCT server connection channel  
16:06:28 INFO  : Successfully done setting SDK workspace  
16:08:06 INFO  : 'targets -set -filter {jtag_cable_name =~ "Digilent JTAG-SMT2 210251757213" && level==0} -index 0' command is executed.
16:08:07 INFO  : 'fpga -state' command is executed.
16:08:07 INFO  : Connected to target on host '127.0.0.1' and port '3121'.
16:08:07 INFO  : Jtag cable 'Digilent JTAG-SMT2 210251757213' is selected.
16:08:07 INFO  : 'jtag frequency' command is executed.
16:08:07 INFO  : 'configparams mdm-detect-bscan-mask 2' command is executed.
16:08:07 INFO  : ----------------XSDB Script----------------
connect -url tcp:127.0.0.1:3121
configparams mdm-detect-bscan-mask 2
----------------End of Script----------------

16:08:07 INFO  : Memory regions updated for context PA
16:08:07 INFO  : Memory regions updated for context MicroBlaze Debug Module at USER2
16:08:07 INFO  : Launch script is exported to file 'C:\FPGA_PROTOTYPING\uBlaze_mmio_ss\uBlazesdk\.sdk\launch_scripts\xilinx_c-c++_application_(system_debugger)\system_debugger_using_debug_mmio_ss_test.elf_on_local.tcl'
16:08:55 INFO  : Disconnected from the channel tcfchan#1.
16:08:56 INFO  : 'targets -set -filter {jtag_cable_name =~ "Digilent JTAG-SMT2 210251757213" && level==0} -index 0' command is executed.
16:08:56 INFO  : 'fpga -state' command is executed.
16:08:56 INFO  : Connected to target on host '127.0.0.1' and port '3121'.
16:08:56 INFO  : Jtag cable 'Digilent JTAG-SMT2 210251757213' is selected.
16:08:56 INFO  : 'jtag frequency' command is executed.
16:08:56 INFO  : 'configparams mdm-detect-bscan-mask 2' command is executed.
16:08:56 INFO  : Context for processor 'u_cpu_unit_cpu_i_microblaze_mcs_0_microblaze_I' is selected.
16:08:56 INFO  : Processor reset is completed for 'u_cpu_unit_cpu_i_microblaze_mcs_0_microblaze_I'.
16:08:56 INFO  : Context for processor 'u_cpu_unit_cpu_i_microblaze_mcs_0_microblaze_I' is selected.
16:08:56 INFO  : The application 'C:/FPGA_PROTOTYPING/uBlaze_mmio_ss/uBlazesdk/mmio_ss_test/Debug/mmio_ss_test.elf' is downloaded to processor 'u_cpu_unit_cpu_i_microblaze_mcs_0_microblaze_I'.
16:08:56 INFO  : ----------------XSDB Script----------------
connect -url tcp:127.0.0.1:3121
configparams mdm-detect-bscan-mask 2
targets -set -nocase -filter {name =~ "microblaze*#0" && bscan=="USER2"  && jtag_cable_name =~ "Digilent JTAG-SMT2 210251757213"} -index 0
rst -processor
targets -set -nocase -filter {name =~ "microblaze*#0" && bscan=="USER2"  && jtag_cable_name =~ "Digilent JTAG-SMT2 210251757213"} -index 0
dow C:/FPGA_PROTOTYPING/uBlaze_mmio_ss/uBlazesdk/mmio_ss_test/Debug/mmio_ss_test.elf
----------------End of Script----------------

16:08:56 INFO  : Memory regions updated for context PA
16:08:56 INFO  : Memory regions updated for context MicroBlaze Debug Module at USER2
16:08:56 INFO  : Context for processor 'u_cpu_unit_cpu_i_microblaze_mcs_0_microblaze_I' is selected.
16:08:56 INFO  : 'con' command is executed.
16:08:56 INFO  : ----------------XSDB Script (After Launch)----------------
targets -set -nocase -filter {name =~ "microblaze*#0" && bscan=="USER2"  && jtag_cable_name =~ "Digilent JTAG-SMT2 210251757213"} -index 0
con
----------------End of Script----------------

16:08:56 INFO  : Launch script is exported to file 'C:\FPGA_PROTOTYPING\uBlaze_mmio_ss\uBlazesdk\.sdk\launch_scripts\xilinx_c-c++_application_(system_debugger)\system_debugger_using_debug_mmio_ss_test.elf_on_local.tcl'
16:09:18 INFO  : Disconnected from the channel tcfchan#2.
16:09:19 INFO  : 'targets -set -filter {jtag_cable_name =~ "Digilent JTAG-SMT2 210251757213" && level==0} -index 0' command is executed.
16:09:19 INFO  : 'fpga -state' command is executed.
16:09:19 INFO  : Connected to target on host '127.0.0.1' and port '3121'.
16:09:19 INFO  : Jtag cable 'Digilent JTAG-SMT2 210251757213' is selected.
16:09:19 INFO  : 'jtag frequency' command is executed.
16:09:19 INFO  : 'configparams mdm-detect-bscan-mask 2' command is executed.
16:09:19 INFO  : Context for processor 'u_cpu_unit_cpu_i_microblaze_mcs_0_microblaze_I' is selected.
16:09:19 INFO  : Processor reset is completed for 'u_cpu_unit_cpu_i_microblaze_mcs_0_microblaze_I'.
16:09:19 INFO  : Context for processor 'u_cpu_unit_cpu_i_microblaze_mcs_0_microblaze_I' is selected.
16:09:19 INFO  : The application 'C:/FPGA_PROTOTYPING/uBlaze_mmio_ss/uBlazesdk/mmio_ss_test/Debug/mmio_ss_test.elf' is downloaded to processor 'u_cpu_unit_cpu_i_microblaze_mcs_0_microblaze_I'.
16:09:19 INFO  : ----------------XSDB Script----------------
connect -url tcp:127.0.0.1:3121
configparams mdm-detect-bscan-mask 2
targets -set -nocase -filter {name =~ "microblaze*#0" && bscan=="USER2"  && jtag_cable_name =~ "Digilent JTAG-SMT2 210251757213"} -index 0
rst -processor
targets -set -nocase -filter {name =~ "microblaze*#0" && bscan=="USER2"  && jtag_cable_name =~ "Digilent JTAG-SMT2 210251757213"} -index 0
dow C:/FPGA_PROTOTYPING/uBlaze_mmio_ss/uBlazesdk/mmio_ss_test/Debug/mmio_ss_test.elf
----------------End of Script----------------

16:09:19 INFO  : Memory regions updated for context PA
16:09:19 INFO  : Memory regions updated for context MicroBlaze Debug Module at USER2
16:09:19 INFO  : Context for processor 'u_cpu_unit_cpu_i_microblaze_mcs_0_microblaze_I' is selected.
16:09:19 INFO  : 'con' command is executed.
16:09:19 INFO  : ----------------XSDB Script (After Launch)----------------
targets -set -nocase -filter {name =~ "microblaze*#0" && bscan=="USER2"  && jtag_cable_name =~ "Digilent JTAG-SMT2 210251757213"} -index 0
con
----------------End of Script----------------

16:09:19 INFO  : Launch script is exported to file 'C:\FPGA_PROTOTYPING\uBlaze_mmio_ss\uBlazesdk\.sdk\launch_scripts\xilinx_c-c++_application_(system_debugger)\system_debugger_using_debug_mmio_ss_test.elf_on_local.tcl'
16:09:37 INFO  : Disconnected from the channel tcfchan#3.
16:09:39 INFO  : 'targets -set -filter {jtag_cable_name =~ "Digilent JTAG-SMT2 210251757213" && level==0} -index 0' command is executed.
16:09:39 INFO  : 'fpga -state' command is executed.
16:09:39 INFO  : Connected to target on host '127.0.0.1' and port '3121'.
16:09:40 INFO  : Jtag cable 'Digilent JTAG-SMT2 210251757213' is selected.
16:09:40 INFO  : 'jtag frequency' command is executed.
16:09:40 INFO  : 'configparams mdm-detect-bscan-mask 2' command is executed.
16:09:40 INFO  : ----------------XSDB Script----------------
connect -url tcp:127.0.0.1:3121
configparams mdm-detect-bscan-mask 2
----------------End of Script----------------

16:09:40 INFO  : Memory regions updated for context PA
16:09:40 INFO  : Memory regions updated for context MicroBlaze Debug Module at USER2
16:09:40 INFO  : Launch script is exported to file 'C:\FPGA_PROTOTYPING\uBlaze_mmio_ss\uBlazesdk\.sdk\launch_scripts\xilinx_c-c++_application_(system_debugger)\system_debugger_using_debug_mmio_ss_test.elf_on_local.tcl'
16:13:05 INFO  : Disconnected from the channel tcfchan#4.
16:13:06 INFO  : 'targets -set -filter {jtag_cable_name =~ "Digilent JTAG-SMT2 210251757213" && level==0} -index 0' command is executed.
16:13:06 INFO  : 'fpga -state' command is executed.
16:13:06 INFO  : Connected to target on host '127.0.0.1' and port '3121'.
16:13:06 INFO  : Jtag cable 'Digilent JTAG-SMT2 210251757213' is selected.
16:13:06 INFO  : 'jtag frequency' command is executed.
16:13:06 INFO  : 'configparams mdm-detect-bscan-mask 2' command is executed.
16:13:06 INFO  : Context for processor 'u_cpu_unit_cpu_i_microblaze_mcs_0_microblaze_I' is selected.
16:13:06 INFO  : Processor reset is completed for 'u_cpu_unit_cpu_i_microblaze_mcs_0_microblaze_I'.
16:13:06 INFO  : Context for processor 'u_cpu_unit_cpu_i_microblaze_mcs_0_microblaze_I' is selected.
16:13:06 INFO  : The application 'C:/FPGA_PROTOTYPING/uBlaze_mmio_ss/uBlazesdk/mmio_ss_test/Debug/mmio_ss_test.elf' is downloaded to processor 'u_cpu_unit_cpu_i_microblaze_mcs_0_microblaze_I'.
16:13:06 INFO  : ----------------XSDB Script----------------
connect -url tcp:127.0.0.1:3121
configparams mdm-detect-bscan-mask 2
targets -set -nocase -filter {name =~ "microblaze*#0" && bscan=="USER2"  && jtag_cable_name =~ "Digilent JTAG-SMT2 210251757213"} -index 0
rst -processor
targets -set -nocase -filter {name =~ "microblaze*#0" && bscan=="USER2"  && jtag_cable_name =~ "Digilent JTAG-SMT2 210251757213"} -index 0
dow C:/FPGA_PROTOTYPING/uBlaze_mmio_ss/uBlazesdk/mmio_ss_test/Debug/mmio_ss_test.elf
----------------End of Script----------------

16:13:06 INFO  : Memory regions updated for context PA
16:13:06 INFO  : Memory regions updated for context MicroBlaze Debug Module at USER2
16:13:06 INFO  : Context for processor 'u_cpu_unit_cpu_i_microblaze_mcs_0_microblaze_I' is selected.
16:13:06 INFO  : 'con' command is executed.
16:13:06 INFO  : ----------------XSDB Script (After Launch)----------------
targets -set -nocase -filter {name =~ "microblaze*#0" && bscan=="USER2"  && jtag_cable_name =~ "Digilent JTAG-SMT2 210251757213"} -index 0
con
----------------End of Script----------------

16:13:06 INFO  : Launch script is exported to file 'C:\FPGA_PROTOTYPING\uBlaze_mmio_ss\uBlazesdk\.sdk\launch_scripts\xilinx_c-c++_application_(system_debugger)\system_debugger_using_debug_mmio_ss_test.elf_on_local.tcl'
16:14:16 INFO  : Disconnected from the channel tcfchan#5.
16:14:17 INFO  : 'targets -set -filter {jtag_cable_name =~ "Digilent JTAG-SMT2 210251757213" && level==0} -index 0' command is executed.
16:14:17 INFO  : 'fpga -state' command is executed.
16:14:17 INFO  : Connected to target on host '127.0.0.1' and port '3121'.
16:14:17 INFO  : Jtag cable 'Digilent JTAG-SMT2 210251757213' is selected.
16:14:17 INFO  : 'jtag frequency' command is executed.
16:14:17 INFO  : 'configparams mdm-detect-bscan-mask 2' command is executed.
16:14:17 INFO  : Context for processor 'u_cpu_unit_cpu_i_microblaze_mcs_0_microblaze_I' is selected.
16:14:17 INFO  : Processor reset is completed for 'u_cpu_unit_cpu_i_microblaze_mcs_0_microblaze_I'.
16:14:17 INFO  : Context for processor 'u_cpu_unit_cpu_i_microblaze_mcs_0_microblaze_I' is selected.
16:14:18 INFO  : The application 'C:/FPGA_PROTOTYPING/uBlaze_mmio_ss/uBlazesdk/mmio_ss_test/Debug/mmio_ss_test.elf' is downloaded to processor 'u_cpu_unit_cpu_i_microblaze_mcs_0_microblaze_I'.
16:14:18 INFO  : ----------------XSDB Script----------------
connect -url tcp:127.0.0.1:3121
configparams mdm-detect-bscan-mask 2
targets -set -nocase -filter {name =~ "microblaze*#0" && bscan=="USER2"  && jtag_cable_name =~ "Digilent JTAG-SMT2 210251757213"} -index 0
rst -processor
targets -set -nocase -filter {name =~ "microblaze*#0" && bscan=="USER2"  && jtag_cable_name =~ "Digilent JTAG-SMT2 210251757213"} -index 0
dow C:/FPGA_PROTOTYPING/uBlaze_mmio_ss/uBlazesdk/mmio_ss_test/Debug/mmio_ss_test.elf
----------------End of Script----------------

16:14:18 INFO  : Memory regions updated for context PA
16:14:18 INFO  : Memory regions updated for context MicroBlaze Debug Module at USER2
16:14:18 INFO  : Context for processor 'u_cpu_unit_cpu_i_microblaze_mcs_0_microblaze_I' is selected.
16:14:18 INFO  : 'con' command is executed.
16:14:18 INFO  : ----------------XSDB Script (After Launch)----------------
targets -set -nocase -filter {name =~ "microblaze*#0" && bscan=="USER2"  && jtag_cable_name =~ "Digilent JTAG-SMT2 210251757213"} -index 0
con
----------------End of Script----------------

16:14:18 INFO  : Launch script is exported to file 'C:\FPGA_PROTOTYPING\uBlaze_mmio_ss\uBlazesdk\.sdk\launch_scripts\xilinx_c-c++_application_(system_debugger)\system_debugger_using_debug_mmio_ss_test.elf_on_local.tcl'
16:15:05 INFO  : Disconnected from the channel tcfchan#6.
16:15:06 INFO  : 'targets -set -filter {jtag_cable_name =~ "Digilent JTAG-SMT2 210251757213" && level==0} -index 0' command is executed.
16:15:06 INFO  : 'fpga -state' command is executed.
16:15:06 INFO  : Connected to target on host '127.0.0.1' and port '3121'.
16:15:06 INFO  : Jtag cable 'Digilent JTAG-SMT2 210251757213' is selected.
16:15:06 INFO  : 'jtag frequency' command is executed.
16:15:06 INFO  : 'configparams mdm-detect-bscan-mask 2' command is executed.
16:15:06 INFO  : Context for processor 'u_cpu_unit_cpu_i_microblaze_mcs_0_microblaze_I' is selected.
16:15:06 INFO  : Processor reset is completed for 'u_cpu_unit_cpu_i_microblaze_mcs_0_microblaze_I'.
16:15:06 INFO  : Context for processor 'u_cpu_unit_cpu_i_microblaze_mcs_0_microblaze_I' is selected.
16:15:06 INFO  : The application 'C:/FPGA_PROTOTYPING/uBlaze_mmio_ss/uBlazesdk/mmio_ss_test/Debug/mmio_ss_test.elf' is downloaded to processor 'u_cpu_unit_cpu_i_microblaze_mcs_0_microblaze_I'.
16:15:06 INFO  : ----------------XSDB Script----------------
connect -url tcp:127.0.0.1:3121
configparams mdm-detect-bscan-mask 2
targets -set -nocase -filter {name =~ "microblaze*#0" && bscan=="USER2"  && jtag_cable_name =~ "Digilent JTAG-SMT2 210251757213"} -index 0
rst -processor
targets -set -nocase -filter {name =~ "microblaze*#0" && bscan=="USER2"  && jtag_cable_name =~ "Digilent JTAG-SMT2 210251757213"} -index 0
dow C:/FPGA_PROTOTYPING/uBlaze_mmio_ss/uBlazesdk/mmio_ss_test/Debug/mmio_ss_test.elf
----------------End of Script----------------

16:15:06 INFO  : Memory regions updated for context PA
16:15:06 INFO  : Memory regions updated for context MicroBlaze Debug Module at USER2
16:15:06 INFO  : Context for processor 'u_cpu_unit_cpu_i_microblaze_mcs_0_microblaze_I' is selected.
16:15:06 INFO  : 'con' command is executed.
16:15:06 INFO  : ----------------XSDB Script (After Launch)----------------
targets -set -nocase -filter {name =~ "microblaze*#0" && bscan=="USER2"  && jtag_cable_name =~ "Digilent JTAG-SMT2 210251757213"} -index 0
con
----------------End of Script----------------

16:15:06 INFO  : Launch script is exported to file 'C:\FPGA_PROTOTYPING\uBlaze_mmio_ss\uBlazesdk\.sdk\launch_scripts\xilinx_c-c++_application_(system_debugger)\system_debugger_using_debug_mmio_ss_test.elf_on_local.tcl'
16:18:39 INFO  : Disconnected from the channel tcfchan#7.
11:37:29 INFO  : Launching XSCT server: xsct.bat -interactive C:\FPGA_PROTOTYPING\uBlaze_mmio_ss\uBlazesdk\temp_xsdb_launch_script.tcl
11:37:29 INFO  : Registering command handlers for SDK TCF services
11:37:33 INFO  : XSCT server has started successfully.
11:37:42 INFO  : Successfully done setting XSCT server connection channel  
11:37:42 INFO  : Successfully done setting SDK workspace  
11:37:47 INFO  : SDK has detected change in the last modified timestamps for source hardware specification file Source:1774764443597,  Project:1773637665191
11:37:47 INFO  : Project mcs_cpu's source hardware specification located at C:\FPGA_PROTOTYPING\uBlaze_mmio_ss\uBlaze\ublaze_mcs\ublaze_mcs.sdk\mcs_top_vanilla.hdf is now different from the local copy.
		 The local copy will be replaced with the source specification and your workspace will be updated.
11:38:15 INFO  : Copied contents of C:\FPGA_PROTOTYPING\uBlaze_mmio_ss\uBlaze\ublaze_mcs\ublaze_mcs.sdk\mcs_top_vanilla.hdf into \mcs_cpu\system.hdf.
11:38:15 INFO  : Synchronizing projects in the workspace with the hardware platform specification changes.
11:38:18 ERROR : (XSDB Server)ERROR: [Hsi 55-1545] Problem running tcl command ::sw_standalone_v6_7::generate : error deleting "C:/FPGA_PROTOTYPING/uBlaze_mmio_ss/uBlazesdk/mcs_cpu_bsp/u_cpu_unit_cpu_i_microblaze_mcs_0_microblaze_I/libsrc/standalone_v6_7/src/arm\cortexa53\64bit\xil_mmu.h": permission denied
    while executing
"file delete -force $armsrcdir"
    (procedure "::sw_standalone_v6_7::generate" line 293)
    invoked from within
"::sw_standalone_v6_7::generate standalone"
ERROR: [Hsi 55-1442] Error(s) while running TCL procedure generate()

11:38:18 ERROR : (XSDB Server)ERROR: [Hsi 55-1450] Error: running generate_bsp.

11:38:18 ERROR : Failed to call sync_sw_with_hw_change
Reason: ERROR: [Common 17-39] 'hsi::generate_bsp' failed due to earlier errors.

11:38:18 ERROR : Error updating BSP project MSS files.
11:38:19 INFO  : Updating hardware inferred compiler options for mmio_ss_test.
11:38:19 INFO  : Clearing existing target manager status.
11:50:15 INFO  : 'targets -set -filter {jtag_cable_name =~ "Digilent JTAG-SMT2 210251757213" && level==0} -index 0' command is executed.
11:50:15 INFO  : 'fpga -state' command is executed.
11:50:15 INFO  : Connected to target on host '127.0.0.1' and port '3121'.
11:50:15 INFO  : Jtag cable 'Digilent JTAG-SMT2 210251757213' is selected.
11:50:15 INFO  : 'jtag frequency' command is executed.
11:50:15 INFO  : 'configparams mdm-detect-bscan-mask 2' command is executed.
11:50:15 INFO  : Context for processor 'u_cpu_unit_cpu_i_microblaze_mcs_0_microblaze_I' is selected.
11:50:15 INFO  : Processor reset is completed for 'u_cpu_unit_cpu_i_microblaze_mcs_0_microblaze_I'.
11:50:15 INFO  : Context for processor 'u_cpu_unit_cpu_i_microblaze_mcs_0_microblaze_I' is selected.
11:50:15 INFO  : The application 'C:/FPGA_PROTOTYPING/uBlaze_mmio_ss/uBlazesdk/mmio_ss_test/Debug/mmio_ss_test.elf' is downloaded to processor 'u_cpu_unit_cpu_i_microblaze_mcs_0_microblaze_I'.
11:50:15 INFO  : ----------------XSDB Script----------------
connect -url tcp:127.0.0.1:3121
configparams mdm-detect-bscan-mask 2
targets -set -nocase -filter {name =~ "microblaze*#0" && bscan=="USER2"  && jtag_cable_name =~ "Digilent JTAG-SMT2 210251757213"} -index 0
rst -processor
targets -set -nocase -filter {name =~ "microblaze*#0" && bscan=="USER2"  && jtag_cable_name =~ "Digilent JTAG-SMT2 210251757213"} -index 0
dow C:/FPGA_PROTOTYPING/uBlaze_mmio_ss/uBlazesdk/mmio_ss_test/Debug/mmio_ss_test.elf
----------------End of Script----------------

11:50:15 INFO  : Memory regions updated for context PA
11:50:15 INFO  : Memory regions updated for context MicroBlaze Debug Module at USER2
11:50:15 INFO  : Context for processor 'u_cpu_unit_cpu_i_microblaze_mcs_0_microblaze_I' is selected.
11:50:15 INFO  : 'con' command is executed.
11:50:15 INFO  : ----------------XSDB Script (After Launch)----------------
targets -set -nocase -filter {name =~ "microblaze*#0" && bscan=="USER2"  && jtag_cable_name =~ "Digilent JTAG-SMT2 210251757213"} -index 0
con
----------------End of Script----------------

11:50:15 INFO  : Launch script is exported to file 'C:\FPGA_PROTOTYPING\uBlaze_mmio_ss\uBlazesdk\.sdk\launch_scripts\xilinx_c-c++_application_(system_debugger)\system_debugger_using_debug_mmio_ss_test.elf_on_local.tcl'
11:51:14 INFO  : Disconnected from the channel tcfchan#1.
11:51:15 INFO  : 'targets -set -filter {jtag_cable_name =~ "Digilent JTAG-SMT2 210251757213" && level==0} -index 0' command is executed.
11:51:15 INFO  : 'fpga -state' command is executed.
11:51:15 INFO  : Connected to target on host '127.0.0.1' and port '3121'.
11:51:15 INFO  : Jtag cable 'Digilent JTAG-SMT2 210251757213' is selected.
11:51:15 INFO  : 'jtag frequency' command is executed.
11:51:15 INFO  : 'configparams mdm-detect-bscan-mask 2' command is executed.
11:51:15 INFO  : Context for processor 'u_cpu_unit_cpu_i_microblaze_mcs_0_microblaze_I' is selected.
11:51:15 INFO  : Processor reset is completed for 'u_cpu_unit_cpu_i_microblaze_mcs_0_microblaze_I'.
11:51:15 INFO  : Context for processor 'u_cpu_unit_cpu_i_microblaze_mcs_0_microblaze_I' is selected.
11:51:15 INFO  : The application 'C:/FPGA_PROTOTYPING/uBlaze_mmio_ss/uBlazesdk/mmio_ss_test/Debug/mmio_ss_test.elf' is downloaded to processor 'u_cpu_unit_cpu_i_microblaze_mcs_0_microblaze_I'.
11:51:15 INFO  : ----------------XSDB Script----------------
connect -url tcp:127.0.0.1:3121
configparams mdm-detect-bscan-mask 2
targets -set -nocase -filter {name =~ "microblaze*#0" && bscan=="USER2"  && jtag_cable_name =~ "Digilent JTAG-SMT2 210251757213"} -index 0
rst -processor
targets -set -nocase -filter {name =~ "microblaze*#0" && bscan=="USER2"  && jtag_cable_name =~ "Digilent JTAG-SMT2 210251757213"} -index 0
dow C:/FPGA_PROTOTYPING/uBlaze_mmio_ss/uBlazesdk/mmio_ss_test/Debug/mmio_ss_test.elf
----------------End of Script----------------

11:51:15 INFO  : Memory regions updated for context PA
11:51:15 INFO  : Memory regions updated for context MicroBlaze Debug Module at USER2
11:51:15 INFO  : Context for processor 'u_cpu_unit_cpu_i_microblaze_mcs_0_microblaze_I' is selected.
11:51:16 INFO  : 'con' command is executed.
11:51:16 INFO  : ----------------XSDB Script (After Launch)----------------
targets -set -nocase -filter {name =~ "microblaze*#0" && bscan=="USER2"  && jtag_cable_name =~ "Digilent JTAG-SMT2 210251757213"} -index 0
con
----------------End of Script----------------

11:51:16 INFO  : Launch script is exported to file 'C:\FPGA_PROTOTYPING\uBlaze_mmio_ss\uBlazesdk\.sdk\launch_scripts\xilinx_c-c++_application_(system_debugger)\system_debugger_using_debug_mmio_ss_test.elf_on_local.tcl'
11:55:52 INFO  : Disconnected from the channel tcfchan#2.
11:55:53 INFO  : 'targets -set -filter {jtag_cable_name =~ "Digilent JTAG-SMT2 210251757213" && level==0} -index 0' command is executed.
11:55:53 INFO  : 'fpga -state' command is executed.
11:55:53 INFO  : Connected to target on host '127.0.0.1' and port '3121'.
11:55:53 INFO  : Jtag cable 'Digilent JTAG-SMT2 210251757213' is selected.
11:55:53 INFO  : 'jtag frequency' command is executed.
11:55:53 INFO  : 'configparams mdm-detect-bscan-mask 2' command is executed.
11:55:53 INFO  : Context for processor 'u_cpu_unit_cpu_i_microblaze_mcs_0_microblaze_I' is selected.
11:55:53 INFO  : Processor reset is completed for 'u_cpu_unit_cpu_i_microblaze_mcs_0_microblaze_I'.
11:55:53 INFO  : Context for processor 'u_cpu_unit_cpu_i_microblaze_mcs_0_microblaze_I' is selected.
11:55:53 INFO  : The application 'C:/FPGA_PROTOTYPING/uBlaze_mmio_ss/uBlazesdk/mmio_ss_test/Debug/mmio_ss_test.elf' is downloaded to processor 'u_cpu_unit_cpu_i_microblaze_mcs_0_microblaze_I'.
11:55:53 INFO  : ----------------XSDB Script----------------
connect -url tcp:127.0.0.1:3121
configparams mdm-detect-bscan-mask 2
targets -set -nocase -filter {name =~ "microblaze*#0" && bscan=="USER2"  && jtag_cable_name =~ "Digilent JTAG-SMT2 210251757213"} -index 0
rst -processor
targets -set -nocase -filter {name =~ "microblaze*#0" && bscan=="USER2"  && jtag_cable_name =~ "Digilent JTAG-SMT2 210251757213"} -index 0
dow C:/FPGA_PROTOTYPING/uBlaze_mmio_ss/uBlazesdk/mmio_ss_test/Debug/mmio_ss_test.elf
----------------End of Script----------------

11:55:53 INFO  : Memory regions updated for context PA
11:55:53 INFO  : Memory regions updated for context MicroBlaze Debug Module at USER2
11:55:53 INFO  : Context for processor 'u_cpu_unit_cpu_i_microblaze_mcs_0_microblaze_I' is selected.
11:55:53 INFO  : 'con' command is executed.
11:55:53 INFO  : ----------------XSDB Script (After Launch)----------------
targets -set -nocase -filter {name =~ "microblaze*#0" && bscan=="USER2"  && jtag_cable_name =~ "Digilent JTAG-SMT2 210251757213"} -index 0
con
----------------End of Script----------------

11:55:53 INFO  : Launch script is exported to file 'C:\FPGA_PROTOTYPING\uBlaze_mmio_ss\uBlazesdk\.sdk\launch_scripts\xilinx_c-c++_application_(system_debugger)\system_debugger_using_debug_mmio_ss_test.elf_on_local.tcl'
12:04:21 INFO  : Disconnected from the channel tcfchan#3.
17:27:56 INFO  : Launching XSCT server: xsct.bat -interactive C:\FPGA_PROTOTYPING\uBlaze_mmio_ss\uBlazesdk\temp_xsdb_launch_script.tcl
17:27:56 INFO  : Registering command handlers for SDK TCF services
17:28:02 INFO  : XSCT server has started successfully.
17:28:13 INFO  : Successfully done setting XSCT server connection channel  
17:28:13 INFO  : Successfully done setting SDK workspace  
17:28:21 INFO  : SDK has detected change in the last modified timestamps for source hardware specification file Source:1775976179032,  Project:1774764443597
17:28:21 INFO  : Project mcs_cpu's source hardware specification located at C:\FPGA_PROTOTYPING\uBlaze_mmio_ss\uBlaze\ublaze_mcs\ublaze_mcs.sdk\mcs_top_vanilla.hdf is now different from the local copy.
		 The local copy will be replaced with the source specification and your workspace will be updated.
17:28:38 INFO  : Copied contents of C:\FPGA_PROTOTYPING\uBlaze_mmio_ss\uBlaze\ublaze_mcs\ublaze_mcs.sdk\mcs_top_vanilla.hdf into \mcs_cpu\system.hdf.
17:28:38 INFO  : Synchronizing projects in the workspace with the hardware platform specification changes.
17:28:43 INFO  : 
17:28:45 INFO  : Updating hardware inferred compiler options for mmio_ss_test.
17:28:45 INFO  : Clearing existing target manager status.
17:36:26 INFO  : 'targets -set -filter {jtag_cable_name =~ "Digilent JTAG-SMT2 210251757213" && level==0} -index 0' command is executed.
17:36:26 INFO  : 'fpga -state' command is executed.
17:36:26 INFO  : Connected to target on host '127.0.0.1' and port '3121'.
17:36:26 INFO  : Jtag cable 'Digilent JTAG-SMT2 210251757213' is selected.
17:36:26 INFO  : 'jtag frequency' command is executed.
17:36:26 INFO  : 'configparams mdm-detect-bscan-mask 2' command is executed.
17:36:26 INFO  : Context for processor 'u_cpu_unit_cpu_i_microblaze_mcs_0_microblaze_I' is selected.
17:36:26 INFO  : Processor reset is completed for 'u_cpu_unit_cpu_i_microblaze_mcs_0_microblaze_I'.
17:36:26 INFO  : Context for processor 'u_cpu_unit_cpu_i_microblaze_mcs_0_microblaze_I' is selected.
17:36:26 INFO  : The application 'C:/FPGA_PROTOTYPING/uBlaze_mmio_ss/uBlazesdk/mmio_ss_test/Debug/mmio_ss_test.elf' is downloaded to processor 'u_cpu_unit_cpu_i_microblaze_mcs_0_microblaze_I'.
17:36:26 INFO  : ----------------XSDB Script----------------
connect -url tcp:127.0.0.1:3121
configparams mdm-detect-bscan-mask 2
targets -set -nocase -filter {name =~ "microblaze*#0" && bscan=="USER2"  && jtag_cable_name =~ "Digilent JTAG-SMT2 210251757213"} -index 0
rst -processor
targets -set -nocase -filter {name =~ "microblaze*#0" && bscan=="USER2"  && jtag_cable_name =~ "Digilent JTAG-SMT2 210251757213"} -index 0
dow C:/FPGA_PROTOTYPING/uBlaze_mmio_ss/uBlazesdk/mmio_ss_test/Debug/mmio_ss_test.elf
----------------End of Script----------------

17:36:26 INFO  : Memory regions updated for context PA
17:36:26 INFO  : Memory regions updated for context MicroBlaze Debug Module at USER2
17:36:26 INFO  : Context for processor 'u_cpu_unit_cpu_i_microblaze_mcs_0_microblaze_I' is selected.
17:36:26 INFO  : 'con' command is executed.
17:36:26 INFO  : ----------------XSDB Script (After Launch)----------------
targets -set -nocase -filter {name =~ "microblaze*#0" && bscan=="USER2"  && jtag_cable_name =~ "Digilent JTAG-SMT2 210251757213"} -index 0
con
----------------End of Script----------------

17:36:26 INFO  : Launch script is exported to file 'C:\FPGA_PROTOTYPING\uBlaze_mmio_ss\uBlazesdk\.sdk\launch_scripts\xilinx_c-c++_application_(system_debugger)\system_debugger_using_debug_mmio_ss_test.elf_on_local.tcl'
17:41:53 INFO  : Disconnected from the channel tcfchan#1.
17:41:54 INFO  : 'targets -set -filter {jtag_cable_name =~ "Digilent JTAG-SMT2 210251757213" && level==0} -index 0' command is executed.
17:41:54 INFO  : 'fpga -state' command is executed.
17:41:54 INFO  : Connected to target on host '127.0.0.1' and port '3121'.
17:41:54 INFO  : Jtag cable 'Digilent JTAG-SMT2 210251757213' is selected.
17:41:54 INFO  : 'jtag frequency' command is executed.
17:41:54 INFO  : 'configparams mdm-detect-bscan-mask 2' command is executed.
17:41:54 INFO  : Context for processor 'u_cpu_unit_cpu_i_microblaze_mcs_0_microblaze_I' is selected.
17:41:54 INFO  : Processor reset is completed for 'u_cpu_unit_cpu_i_microblaze_mcs_0_microblaze_I'.
17:41:54 INFO  : Context for processor 'u_cpu_unit_cpu_i_microblaze_mcs_0_microblaze_I' is selected.
17:41:54 INFO  : The application 'C:/FPGA_PROTOTYPING/uBlaze_mmio_ss/uBlazesdk/mmio_ss_test/Debug/mmio_ss_test.elf' is downloaded to processor 'u_cpu_unit_cpu_i_microblaze_mcs_0_microblaze_I'.
17:41:54 INFO  : ----------------XSDB Script----------------
connect -url tcp:127.0.0.1:3121
configparams mdm-detect-bscan-mask 2
targets -set -nocase -filter {name =~ "microblaze*#0" && bscan=="USER2"  && jtag_cable_name =~ "Digilent JTAG-SMT2 210251757213"} -index 0
rst -processor
targets -set -nocase -filter {name =~ "microblaze*#0" && bscan=="USER2"  && jtag_cable_name =~ "Digilent JTAG-SMT2 210251757213"} -index 0
dow C:/FPGA_PROTOTYPING/uBlaze_mmio_ss/uBlazesdk/mmio_ss_test/Debug/mmio_ss_test.elf
----------------End of Script----------------

17:41:55 INFO  : Memory regions updated for context PA
17:41:55 INFO  : Memory regions updated for context MicroBlaze Debug Module at USER2
17:41:55 INFO  : Context for processor 'u_cpu_unit_cpu_i_microblaze_mcs_0_microblaze_I' is selected.
17:41:55 INFO  : 'con' command is executed.
17:41:55 INFO  : ----------------XSDB Script (After Launch)----------------
targets -set -nocase -filter {name =~ "microblaze*#0" && bscan=="USER2"  && jtag_cable_name =~ "Digilent JTAG-SMT2 210251757213"} -index 0
con
----------------End of Script----------------

17:41:55 INFO  : Launch script is exported to file 'C:\FPGA_PROTOTYPING\uBlaze_mmio_ss\uBlazesdk\.sdk\launch_scripts\xilinx_c-c++_application_(system_debugger)\system_debugger_using_debug_mmio_ss_test.elf_on_local.tcl'
17:42:39 INFO  : Disconnected from the channel tcfchan#2.
17:42:41 INFO  : 'targets -set -filter {jtag_cable_name =~ "Digilent JTAG-SMT2 210251757213" && level==0} -index 0' command is executed.
17:42:41 INFO  : 'fpga -state' command is executed.
17:42:41 INFO  : Connected to target on host '127.0.0.1' and port '3121'.
17:42:41 INFO  : Jtag cable 'Digilent JTAG-SMT2 210251757213' is selected.
17:42:41 INFO  : 'jtag frequency' command is executed.
17:42:41 INFO  : 'configparams mdm-detect-bscan-mask 2' command is executed.
17:42:41 INFO  : Context for processor 'u_cpu_unit_cpu_i_microblaze_mcs_0_microblaze_I' is selected.
17:42:41 INFO  : Processor reset is completed for 'u_cpu_unit_cpu_i_microblaze_mcs_0_microblaze_I'.
17:42:41 INFO  : Context for processor 'u_cpu_unit_cpu_i_microblaze_mcs_0_microblaze_I' is selected.
17:42:41 INFO  : The application 'C:/FPGA_PROTOTYPING/uBlaze_mmio_ss/uBlazesdk/mmio_ss_test/Debug/mmio_ss_test.elf' is downloaded to processor 'u_cpu_unit_cpu_i_microblaze_mcs_0_microblaze_I'.
17:42:41 INFO  : ----------------XSDB Script----------------
connect -url tcp:127.0.0.1:3121
configparams mdm-detect-bscan-mask 2
targets -set -nocase -filter {name =~ "microblaze*#0" && bscan=="USER2"  && jtag_cable_name =~ "Digilent JTAG-SMT2 210251757213"} -index 0
rst -processor
targets -set -nocase -filter {name =~ "microblaze*#0" && bscan=="USER2"  && jtag_cable_name =~ "Digilent JTAG-SMT2 210251757213"} -index 0
dow C:/FPGA_PROTOTYPING/uBlaze_mmio_ss/uBlazesdk/mmio_ss_test/Debug/mmio_ss_test.elf
----------------End of Script----------------

17:42:41 INFO  : Memory regions updated for context PA
17:42:41 INFO  : Memory regions updated for context MicroBlaze Debug Module at USER2
17:42:41 INFO  : Context for processor 'u_cpu_unit_cpu_i_microblaze_mcs_0_microblaze_I' is selected.
17:42:41 INFO  : 'con' command is executed.
17:42:41 INFO  : ----------------XSDB Script (After Launch)----------------
targets -set -nocase -filter {name =~ "microblaze*#0" && bscan=="USER2"  && jtag_cable_name =~ "Digilent JTAG-SMT2 210251757213"} -index 0
con
----------------End of Script----------------

17:42:41 INFO  : Launch script is exported to file 'C:\FPGA_PROTOTYPING\uBlaze_mmio_ss\uBlazesdk\.sdk\launch_scripts\xilinx_c-c++_application_(system_debugger)\system_debugger_using_debug_mmio_ss_test.elf_on_local.tcl'
17:44:32 INFO  : Disconnected from the channel tcfchan#3.
17:44:34 INFO  : 'targets -set -filter {jtag_cable_name =~ "Digilent JTAG-SMT2 210251757213" && level==0} -index 0' command is executed.
17:44:34 INFO  : 'fpga -state' command is executed.
17:44:34 INFO  : Connected to target on host '127.0.0.1' and port '3121'.
17:44:34 INFO  : Jtag cable 'Digilent JTAG-SMT2 210251757213' is selected.
17:44:34 INFO  : 'jtag frequency' command is executed.
17:44:34 INFO  : 'configparams mdm-detect-bscan-mask 2' command is executed.
17:44:34 INFO  : Context for processor 'u_cpu_unit_cpu_i_microblaze_mcs_0_microblaze_I' is selected.
17:44:34 INFO  : Processor reset is completed for 'u_cpu_unit_cpu_i_microblaze_mcs_0_microblaze_I'.
17:44:34 INFO  : Context for processor 'u_cpu_unit_cpu_i_microblaze_mcs_0_microblaze_I' is selected.
17:44:34 INFO  : The application 'C:/FPGA_PROTOTYPING/uBlaze_mmio_ss/uBlazesdk/mmio_ss_test/Debug/mmio_ss_test.elf' is downloaded to processor 'u_cpu_unit_cpu_i_microblaze_mcs_0_microblaze_I'.
17:44:34 INFO  : ----------------XSDB Script----------------
connect -url tcp:127.0.0.1:3121
configparams mdm-detect-bscan-mask 2
targets -set -nocase -filter {name =~ "microblaze*#0" && bscan=="USER2"  && jtag_cable_name =~ "Digilent JTAG-SMT2 210251757213"} -index 0
rst -processor
targets -set -nocase -filter {name =~ "microblaze*#0" && bscan=="USER2"  && jtag_cable_name =~ "Digilent JTAG-SMT2 210251757213"} -index 0
dow C:/FPGA_PROTOTYPING/uBlaze_mmio_ss/uBlazesdk/mmio_ss_test/Debug/mmio_ss_test.elf
----------------End of Script----------------

17:44:34 INFO  : Memory regions updated for context PA
17:44:34 INFO  : Memory regions updated for context MicroBlaze Debug Module at USER2
17:44:34 INFO  : Context for processor 'u_cpu_unit_cpu_i_microblaze_mcs_0_microblaze_I' is selected.
17:44:34 INFO  : 'con' command is executed.
17:44:34 INFO  : ----------------XSDB Script (After Launch)----------------
targets -set -nocase -filter {name =~ "microblaze*#0" && bscan=="USER2"  && jtag_cable_name =~ "Digilent JTAG-SMT2 210251757213"} -index 0
con
----------------End of Script----------------

17:44:34 INFO  : Launch script is exported to file 'C:\FPGA_PROTOTYPING\uBlaze_mmio_ss\uBlazesdk\.sdk\launch_scripts\xilinx_c-c++_application_(system_debugger)\system_debugger_using_debug_mmio_ss_test.elf_on_local.tcl'
17:46:34 INFO  : Disconnected from the channel tcfchan#4.
17:46:35 INFO  : 'targets -set -filter {jtag_cable_name =~ "Digilent JTAG-SMT2 210251757213" && level==0} -index 0' command is executed.
17:46:35 INFO  : 'fpga -state' command is executed.
17:46:35 INFO  : Connected to target on host '127.0.0.1' and port '3121'.
17:46:36 INFO  : Jtag cable 'Digilent JTAG-SMT2 210251757213' is selected.
17:46:36 INFO  : 'jtag frequency' command is executed.
17:46:36 INFO  : 'configparams mdm-detect-bscan-mask 2' command is executed.
17:46:36 INFO  : Context for processor 'u_cpu_unit_cpu_i_microblaze_mcs_0_microblaze_I' is selected.
17:46:36 INFO  : Processor reset is completed for 'u_cpu_unit_cpu_i_microblaze_mcs_0_microblaze_I'.
17:46:36 INFO  : Context for processor 'u_cpu_unit_cpu_i_microblaze_mcs_0_microblaze_I' is selected.
17:46:36 INFO  : The application 'C:/FPGA_PROTOTYPING/uBlaze_mmio_ss/uBlazesdk/mmio_ss_test/Debug/mmio_ss_test.elf' is downloaded to processor 'u_cpu_unit_cpu_i_microblaze_mcs_0_microblaze_I'.
17:46:36 INFO  : ----------------XSDB Script----------------
connect -url tcp:127.0.0.1:3121
configparams mdm-detect-bscan-mask 2
targets -set -nocase -filter {name =~ "microblaze*#0" && bscan=="USER2"  && jtag_cable_name =~ "Digilent JTAG-SMT2 210251757213"} -index 0
rst -processor
targets -set -nocase -filter {name =~ "microblaze*#0" && bscan=="USER2"  && jtag_cable_name =~ "Digilent JTAG-SMT2 210251757213"} -index 0
dow C:/FPGA_PROTOTYPING/uBlaze_mmio_ss/uBlazesdk/mmio_ss_test/Debug/mmio_ss_test.elf
----------------End of Script----------------

17:46:36 INFO  : Memory regions updated for context PA
17:46:36 INFO  : Memory regions updated for context MicroBlaze Debug Module at USER2
17:46:36 INFO  : Context for processor 'u_cpu_unit_cpu_i_microblaze_mcs_0_microblaze_I' is selected.
17:46:36 INFO  : 'con' command is executed.
17:46:36 INFO  : ----------------XSDB Script (After Launch)----------------
targets -set -nocase -filter {name =~ "microblaze*#0" && bscan=="USER2"  && jtag_cable_name =~ "Digilent JTAG-SMT2 210251757213"} -index 0
con
----------------End of Script----------------

17:46:36 INFO  : Launch script is exported to file 'C:\FPGA_PROTOTYPING\uBlaze_mmio_ss\uBlazesdk\.sdk\launch_scripts\xilinx_c-c++_application_(system_debugger)\system_debugger_using_debug_mmio_ss_test.elf_on_local.tcl'
17:47:13 INFO  : Disconnected from the channel tcfchan#5.
17:47:15 INFO  : 'targets -set -filter {jtag_cable_name =~ "Digilent JTAG-SMT2 210251757213" && level==0} -index 0' command is executed.
17:47:15 INFO  : 'fpga -state' command is executed.
17:47:15 INFO  : Connected to target on host '127.0.0.1' and port '3121'.
17:47:15 INFO  : Jtag cable 'Digilent JTAG-SMT2 210251757213' is selected.
17:47:15 INFO  : 'jtag frequency' command is executed.
17:47:15 INFO  : 'configparams mdm-detect-bscan-mask 2' command is executed.
17:47:15 INFO  : Context for processor 'u_cpu_unit_cpu_i_microblaze_mcs_0_microblaze_I' is selected.
17:47:15 INFO  : Processor reset is completed for 'u_cpu_unit_cpu_i_microblaze_mcs_0_microblaze_I'.
17:47:15 INFO  : Context for processor 'u_cpu_unit_cpu_i_microblaze_mcs_0_microblaze_I' is selected.
17:47:15 INFO  : The application 'C:/FPGA_PROTOTYPING/uBlaze_mmio_ss/uBlazesdk/mmio_ss_test/Debug/mmio_ss_test.elf' is downloaded to processor 'u_cpu_unit_cpu_i_microblaze_mcs_0_microblaze_I'.
17:47:15 INFO  : ----------------XSDB Script----------------
connect -url tcp:127.0.0.1:3121
configparams mdm-detect-bscan-mask 2
targets -set -nocase -filter {name =~ "microblaze*#0" && bscan=="USER2"  && jtag_cable_name =~ "Digilent JTAG-SMT2 210251757213"} -index 0
rst -processor
targets -set -nocase -filter {name =~ "microblaze*#0" && bscan=="USER2"  && jtag_cable_name =~ "Digilent JTAG-SMT2 210251757213"} -index 0
dow C:/FPGA_PROTOTYPING/uBlaze_mmio_ss/uBlazesdk/mmio_ss_test/Debug/mmio_ss_test.elf
----------------End of Script----------------

17:47:15 INFO  : Memory regions updated for context PA
17:47:15 INFO  : Memory regions updated for context MicroBlaze Debug Module at USER2
17:47:15 INFO  : Context for processor 'u_cpu_unit_cpu_i_microblaze_mcs_0_microblaze_I' is selected.
17:47:15 INFO  : 'con' command is executed.
17:47:15 INFO  : ----------------XSDB Script (After Launch)----------------
targets -set -nocase -filter {name =~ "microblaze*#0" && bscan=="USER2"  && jtag_cable_name =~ "Digilent JTAG-SMT2 210251757213"} -index 0
con
----------------End of Script----------------

17:47:15 INFO  : Launch script is exported to file 'C:\FPGA_PROTOTYPING\uBlaze_mmio_ss\uBlazesdk\.sdk\launch_scripts\xilinx_c-c++_application_(system_debugger)\system_debugger_using_debug_mmio_ss_test.elf_on_local.tcl'
17:51:17 INFO  : Disconnected from the channel tcfchan#6.
17:51:18 INFO  : 'targets -set -filter {jtag_cable_name =~ "Digilent JTAG-SMT2 210251757213" && level==0} -index 0' command is executed.
17:51:18 INFO  : 'fpga -state' command is executed.
17:51:18 INFO  : Connected to target on host '127.0.0.1' and port '3121'.
17:51:18 INFO  : Jtag cable 'Digilent JTAG-SMT2 210251757213' is selected.
17:51:18 INFO  : 'jtag frequency' command is executed.
17:51:18 INFO  : 'configparams mdm-detect-bscan-mask 2' command is executed.
17:51:18 INFO  : Context for processor 'u_cpu_unit_cpu_i_microblaze_mcs_0_microblaze_I' is selected.
17:51:18 INFO  : Processor reset is completed for 'u_cpu_unit_cpu_i_microblaze_mcs_0_microblaze_I'.
17:51:19 INFO  : Context for processor 'u_cpu_unit_cpu_i_microblaze_mcs_0_microblaze_I' is selected.
17:51:19 INFO  : The application 'C:/FPGA_PROTOTYPING/uBlaze_mmio_ss/uBlazesdk/mmio_ss_test/Debug/mmio_ss_test.elf' is downloaded to processor 'u_cpu_unit_cpu_i_microblaze_mcs_0_microblaze_I'.
17:51:19 INFO  : ----------------XSDB Script----------------
connect -url tcp:127.0.0.1:3121
configparams mdm-detect-bscan-mask 2
targets -set -nocase -filter {name =~ "microblaze*#0" && bscan=="USER2"  && jtag_cable_name =~ "Digilent JTAG-SMT2 210251757213"} -index 0
rst -processor
targets -set -nocase -filter {name =~ "microblaze*#0" && bscan=="USER2"  && jtag_cable_name =~ "Digilent JTAG-SMT2 210251757213"} -index 0
dow C:/FPGA_PROTOTYPING/uBlaze_mmio_ss/uBlazesdk/mmio_ss_test/Debug/mmio_ss_test.elf
----------------End of Script----------------

17:51:19 INFO  : Memory regions updated for context PA
17:51:19 INFO  : Memory regions updated for context MicroBlaze Debug Module at USER2
17:51:19 INFO  : Context for processor 'u_cpu_unit_cpu_i_microblaze_mcs_0_microblaze_I' is selected.
17:51:19 INFO  : 'con' command is executed.
17:51:19 INFO  : ----------------XSDB Script (After Launch)----------------
targets -set -nocase -filter {name =~ "microblaze*#0" && bscan=="USER2"  && jtag_cable_name =~ "Digilent JTAG-SMT2 210251757213"} -index 0
con
----------------End of Script----------------

17:51:19 INFO  : Launch script is exported to file 'C:\FPGA_PROTOTYPING\uBlaze_mmio_ss\uBlazesdk\.sdk\launch_scripts\xilinx_c-c++_application_(system_debugger)\system_debugger_using_debug_mmio_ss_test.elf_on_local.tcl'
17:59:53 INFO  : Disconnected from the channel tcfchan#7.
17:59:54 INFO  : 'targets -set -filter {jtag_cable_name =~ "Digilent JTAG-SMT2 210251757213" && level==0} -index 0' command is executed.
17:59:54 INFO  : 'fpga -state' command is executed.
17:59:54 INFO  : Connected to target on host '127.0.0.1' and port '3121'.
17:59:54 INFO  : Jtag cable 'Digilent JTAG-SMT2 210251757213' is selected.
17:59:54 INFO  : 'jtag frequency' command is executed.
17:59:54 INFO  : 'configparams mdm-detect-bscan-mask 2' command is executed.
17:59:54 INFO  : Context for processor 'u_cpu_unit_cpu_i_microblaze_mcs_0_microblaze_I' is selected.
17:59:54 INFO  : Processor reset is completed for 'u_cpu_unit_cpu_i_microblaze_mcs_0_microblaze_I'.
17:59:54 INFO  : Context for processor 'u_cpu_unit_cpu_i_microblaze_mcs_0_microblaze_I' is selected.
17:59:54 INFO  : The application 'C:/FPGA_PROTOTYPING/uBlaze_mmio_ss/uBlazesdk/mmio_ss_test/Debug/mmio_ss_test.elf' is downloaded to processor 'u_cpu_unit_cpu_i_microblaze_mcs_0_microblaze_I'.
17:59:54 INFO  : ----------------XSDB Script----------------
connect -url tcp:127.0.0.1:3121
configparams mdm-detect-bscan-mask 2
targets -set -nocase -filter {name =~ "microblaze*#0" && bscan=="USER2"  && jtag_cable_name =~ "Digilent JTAG-SMT2 210251757213"} -index 0
rst -processor
targets -set -nocase -filter {name =~ "microblaze*#0" && bscan=="USER2"  && jtag_cable_name =~ "Digilent JTAG-SMT2 210251757213"} -index 0
dow C:/FPGA_PROTOTYPING/uBlaze_mmio_ss/uBlazesdk/mmio_ss_test/Debug/mmio_ss_test.elf
----------------End of Script----------------

17:59:54 INFO  : Memory regions updated for context PA
17:59:54 INFO  : Memory regions updated for context MicroBlaze Debug Module at USER2
17:59:54 INFO  : Context for processor 'u_cpu_unit_cpu_i_microblaze_mcs_0_microblaze_I' is selected.
17:59:54 INFO  : 'con' command is executed.
17:59:54 INFO  : ----------------XSDB Script (After Launch)----------------
targets -set -nocase -filter {name =~ "microblaze*#0" && bscan=="USER2"  && jtag_cable_name =~ "Digilent JTAG-SMT2 210251757213"} -index 0
con
----------------End of Script----------------

17:59:54 INFO  : Launch script is exported to file 'C:\FPGA_PROTOTYPING\uBlaze_mmio_ss\uBlazesdk\.sdk\launch_scripts\xilinx_c-c++_application_(system_debugger)\system_debugger_using_debug_mmio_ss_test.elf_on_local.tcl'
18:01:41 INFO  : Disconnected from the channel tcfchan#8.
18:01:42 INFO  : 'targets -set -filter {jtag_cable_name =~ "Digilent JTAG-SMT2 210251757213" && level==0} -index 0' command is executed.
18:01:42 INFO  : 'fpga -state' command is executed.
18:01:42 INFO  : Connected to target on host '127.0.0.1' and port '3121'.
18:01:43 INFO  : Jtag cable 'Digilent JTAG-SMT2 210251757213' is selected.
18:01:43 INFO  : 'jtag frequency' command is executed.
18:01:43 INFO  : 'configparams mdm-detect-bscan-mask 2' command is executed.
18:01:43 INFO  : Context for processor 'u_cpu_unit_cpu_i_microblaze_mcs_0_microblaze_I' is selected.
18:01:43 INFO  : Processor reset is completed for 'u_cpu_unit_cpu_i_microblaze_mcs_0_microblaze_I'.
18:01:43 INFO  : Context for processor 'u_cpu_unit_cpu_i_microblaze_mcs_0_microblaze_I' is selected.
18:01:43 INFO  : The application 'C:/FPGA_PROTOTYPING/uBlaze_mmio_ss/uBlazesdk/mmio_ss_test/Debug/mmio_ss_test.elf' is downloaded to processor 'u_cpu_unit_cpu_i_microblaze_mcs_0_microblaze_I'.
18:01:43 INFO  : ----------------XSDB Script----------------
connect -url tcp:127.0.0.1:3121
configparams mdm-detect-bscan-mask 2
targets -set -nocase -filter {name =~ "microblaze*#0" && bscan=="USER2"  && jtag_cable_name =~ "Digilent JTAG-SMT2 210251757213"} -index 0
rst -processor
targets -set -nocase -filter {name =~ "microblaze*#0" && bscan=="USER2"  && jtag_cable_name =~ "Digilent JTAG-SMT2 210251757213"} -index 0
dow C:/FPGA_PROTOTYPING/uBlaze_mmio_ss/uBlazesdk/mmio_ss_test/Debug/mmio_ss_test.elf
----------------End of Script----------------

18:01:43 INFO  : Memory regions updated for context PA
18:01:43 INFO  : Memory regions updated for context MicroBlaze Debug Module at USER2
18:01:43 INFO  : Context for processor 'u_cpu_unit_cpu_i_microblaze_mcs_0_microblaze_I' is selected.
18:01:43 INFO  : 'con' command is executed.
18:01:43 INFO  : ----------------XSDB Script (After Launch)----------------
targets -set -nocase -filter {name =~ "microblaze*#0" && bscan=="USER2"  && jtag_cable_name =~ "Digilent JTAG-SMT2 210251757213"} -index 0
con
----------------End of Script----------------

18:01:43 INFO  : Launch script is exported to file 'C:\FPGA_PROTOTYPING\uBlaze_mmio_ss\uBlazesdk\.sdk\launch_scripts\xilinx_c-c++_application_(system_debugger)\system_debugger_using_debug_mmio_ss_test.elf_on_local.tcl'
18:02:15 INFO  : Disconnected from the channel tcfchan#9.
18:02:16 INFO  : 'targets -set -filter {jtag_cable_name =~ "Digilent JTAG-SMT2 210251757213" && level==0} -index 0' command is executed.
18:02:16 INFO  : 'fpga -state' command is executed.
18:02:16 INFO  : Connected to target on host '127.0.0.1' and port '3121'.
18:02:16 INFO  : Jtag cable 'Digilent JTAG-SMT2 210251757213' is selected.
18:02:16 INFO  : 'jtag frequency' command is executed.
18:02:16 INFO  : 'configparams mdm-detect-bscan-mask 2' command is executed.
18:02:17 INFO  : Context for processor 'u_cpu_unit_cpu_i_microblaze_mcs_0_microblaze_I' is selected.
18:02:17 INFO  : Processor reset is completed for 'u_cpu_unit_cpu_i_microblaze_mcs_0_microblaze_I'.
18:02:17 INFO  : Context for processor 'u_cpu_unit_cpu_i_microblaze_mcs_0_microblaze_I' is selected.
18:02:17 INFO  : The application 'C:/FPGA_PROTOTYPING/uBlaze_mmio_ss/uBlazesdk/mmio_ss_test/Debug/mmio_ss_test.elf' is downloaded to processor 'u_cpu_unit_cpu_i_microblaze_mcs_0_microblaze_I'.
18:02:17 INFO  : ----------------XSDB Script----------------
connect -url tcp:127.0.0.1:3121
configparams mdm-detect-bscan-mask 2
targets -set -nocase -filter {name =~ "microblaze*#0" && bscan=="USER2"  && jtag_cable_name =~ "Digilent JTAG-SMT2 210251757213"} -index 0
rst -processor
targets -set -nocase -filter {name =~ "microblaze*#0" && bscan=="USER2"  && jtag_cable_name =~ "Digilent JTAG-SMT2 210251757213"} -index 0
dow C:/FPGA_PROTOTYPING/uBlaze_mmio_ss/uBlazesdk/mmio_ss_test/Debug/mmio_ss_test.elf
----------------End of Script----------------

18:02:17 INFO  : Memory regions updated for context PA
18:02:17 INFO  : Memory regions updated for context MicroBlaze Debug Module at USER2
18:02:17 INFO  : Context for processor 'u_cpu_unit_cpu_i_microblaze_mcs_0_microblaze_I' is selected.
18:02:17 INFO  : 'con' command is executed.
18:02:17 INFO  : ----------------XSDB Script (After Launch)----------------
targets -set -nocase -filter {name =~ "microblaze*#0" && bscan=="USER2"  && jtag_cable_name =~ "Digilent JTAG-SMT2 210251757213"} -index 0
con
----------------End of Script----------------

18:02:17 INFO  : Launch script is exported to file 'C:\FPGA_PROTOTYPING\uBlaze_mmio_ss\uBlazesdk\.sdk\launch_scripts\xilinx_c-c++_application_(system_debugger)\system_debugger_using_debug_mmio_ss_test.elf_on_local.tcl'
18:05:42 INFO  : Disconnected from the channel tcfchan#10.
18:05:43 INFO  : 'targets -set -filter {jtag_cable_name =~ "Digilent JTAG-SMT2 210251757213" && level==0} -index 0' command is executed.
18:05:43 INFO  : 'fpga -state' command is executed.
18:05:43 INFO  : Connected to target on host '127.0.0.1' and port '3121'.
18:05:43 INFO  : Jtag cable 'Digilent JTAG-SMT2 210251757213' is selected.
18:05:43 INFO  : 'jtag frequency' command is executed.
18:05:43 INFO  : 'configparams mdm-detect-bscan-mask 2' command is executed.
18:05:43 INFO  : Context for processor 'u_cpu_unit_cpu_i_microblaze_mcs_0_microblaze_I' is selected.
18:05:43 INFO  : Processor reset is completed for 'u_cpu_unit_cpu_i_microblaze_mcs_0_microblaze_I'.
18:05:43 INFO  : Context for processor 'u_cpu_unit_cpu_i_microblaze_mcs_0_microblaze_I' is selected.
18:05:43 INFO  : The application 'C:/FPGA_PROTOTYPING/uBlaze_mmio_ss/uBlazesdk/mmio_ss_test/Debug/mmio_ss_test.elf' is downloaded to processor 'u_cpu_unit_cpu_i_microblaze_mcs_0_microblaze_I'.
18:05:43 INFO  : ----------------XSDB Script----------------
connect -url tcp:127.0.0.1:3121
configparams mdm-detect-bscan-mask 2
targets -set -nocase -filter {name =~ "microblaze*#0" && bscan=="USER2"  && jtag_cable_name =~ "Digilent JTAG-SMT2 210251757213"} -index 0
rst -processor
targets -set -nocase -filter {name =~ "microblaze*#0" && bscan=="USER2"  && jtag_cable_name =~ "Digilent JTAG-SMT2 210251757213"} -index 0
dow C:/FPGA_PROTOTYPING/uBlaze_mmio_ss/uBlazesdk/mmio_ss_test/Debug/mmio_ss_test.elf
----------------End of Script----------------

18:05:43 INFO  : Memory regions updated for context PA
18:05:43 INFO  : Memory regions updated for context MicroBlaze Debug Module at USER2
18:05:44 INFO  : Context for processor 'u_cpu_unit_cpu_i_microblaze_mcs_0_microblaze_I' is selected.
18:05:44 INFO  : 'con' command is executed.
18:05:44 INFO  : ----------------XSDB Script (After Launch)----------------
targets -set -nocase -filter {name =~ "microblaze*#0" && bscan=="USER2"  && jtag_cable_name =~ "Digilent JTAG-SMT2 210251757213"} -index 0
con
----------------End of Script----------------

18:05:44 INFO  : Launch script is exported to file 'C:\FPGA_PROTOTYPING\uBlaze_mmio_ss\uBlazesdk\.sdk\launch_scripts\xilinx_c-c++_application_(system_debugger)\system_debugger_using_debug_mmio_ss_test.elf_on_local.tcl'
18:06:25 INFO  : Disconnected from the channel tcfchan#11.
18:06:27 INFO  : 'targets -set -filter {jtag_cable_name =~ "Digilent JTAG-SMT2 210251757213" && level==0} -index 0' command is executed.
18:06:27 INFO  : 'fpga -state' command is executed.
18:06:27 INFO  : Connected to target on host '127.0.0.1' and port '3121'.
18:06:27 INFO  : Jtag cable 'Digilent JTAG-SMT2 210251757213' is selected.
18:06:27 INFO  : 'jtag frequency' command is executed.
18:06:27 INFO  : 'configparams mdm-detect-bscan-mask 2' command is executed.
18:06:27 INFO  : Context for processor 'u_cpu_unit_cpu_i_microblaze_mcs_0_microblaze_I' is selected.
18:06:27 INFO  : Processor reset is completed for 'u_cpu_unit_cpu_i_microblaze_mcs_0_microblaze_I'.
18:06:27 INFO  : Context for processor 'u_cpu_unit_cpu_i_microblaze_mcs_0_microblaze_I' is selected.
18:06:27 INFO  : The application 'C:/FPGA_PROTOTYPING/uBlaze_mmio_ss/uBlazesdk/mmio_ss_test/Debug/mmio_ss_test.elf' is downloaded to processor 'u_cpu_unit_cpu_i_microblaze_mcs_0_microblaze_I'.
18:06:27 INFO  : ----------------XSDB Script----------------
connect -url tcp:127.0.0.1:3121
configparams mdm-detect-bscan-mask 2
targets -set -nocase -filter {name =~ "microblaze*#0" && bscan=="USER2"  && jtag_cable_name =~ "Digilent JTAG-SMT2 210251757213"} -index 0
rst -processor
targets -set -nocase -filter {name =~ "microblaze*#0" && bscan=="USER2"  && jtag_cable_name =~ "Digilent JTAG-SMT2 210251757213"} -index 0
dow C:/FPGA_PROTOTYPING/uBlaze_mmio_ss/uBlazesdk/mmio_ss_test/Debug/mmio_ss_test.elf
----------------End of Script----------------

18:06:27 INFO  : Memory regions updated for context PA
18:06:27 INFO  : Memory regions updated for context MicroBlaze Debug Module at USER2
18:06:27 INFO  : Context for processor 'u_cpu_unit_cpu_i_microblaze_mcs_0_microblaze_I' is selected.
18:06:27 INFO  : 'con' command is executed.
18:06:27 INFO  : ----------------XSDB Script (After Launch)----------------
targets -set -nocase -filter {name =~ "microblaze*#0" && bscan=="USER2"  && jtag_cable_name =~ "Digilent JTAG-SMT2 210251757213"} -index 0
con
----------------End of Script----------------

18:06:27 INFO  : Launch script is exported to file 'C:\FPGA_PROTOTYPING\uBlaze_mmio_ss\uBlazesdk\.sdk\launch_scripts\xilinx_c-c++_application_(system_debugger)\system_debugger_using_debug_mmio_ss_test.elf_on_local.tcl'
18:08:46 INFO  : Disconnected from the channel tcfchan#12.
18:08:47 INFO  : 'targets -set -filter {jtag_cable_name =~ "Digilent JTAG-SMT2 210251757213" && level==0} -index 0' command is executed.
18:08:47 INFO  : 'fpga -state' command is executed.
18:08:47 INFO  : Connected to target on host '127.0.0.1' and port '3121'.
18:08:47 INFO  : Jtag cable 'Digilent JTAG-SMT2 210251757213' is selected.
18:08:47 INFO  : 'jtag frequency' command is executed.
18:08:47 INFO  : 'configparams mdm-detect-bscan-mask 2' command is executed.
18:08:47 INFO  : Context for processor 'u_cpu_unit_cpu_i_microblaze_mcs_0_microblaze_I' is selected.
18:08:47 INFO  : Processor reset is completed for 'u_cpu_unit_cpu_i_microblaze_mcs_0_microblaze_I'.
18:08:48 INFO  : Context for processor 'u_cpu_unit_cpu_i_microblaze_mcs_0_microblaze_I' is selected.
18:08:48 INFO  : The application 'C:/FPGA_PROTOTYPING/uBlaze_mmio_ss/uBlazesdk/mmio_ss_test/Debug/mmio_ss_test.elf' is downloaded to processor 'u_cpu_unit_cpu_i_microblaze_mcs_0_microblaze_I'.
18:08:48 INFO  : ----------------XSDB Script----------------
connect -url tcp:127.0.0.1:3121
configparams mdm-detect-bscan-mask 2
targets -set -nocase -filter {name =~ "microblaze*#0" && bscan=="USER2"  && jtag_cable_name =~ "Digilent JTAG-SMT2 210251757213"} -index 0
rst -processor
targets -set -nocase -filter {name =~ "microblaze*#0" && bscan=="USER2"  && jtag_cable_name =~ "Digilent JTAG-SMT2 210251757213"} -index 0
dow C:/FPGA_PROTOTYPING/uBlaze_mmio_ss/uBlazesdk/mmio_ss_test/Debug/mmio_ss_test.elf
----------------End of Script----------------

18:08:48 INFO  : Memory regions updated for context PA
18:08:48 INFO  : Memory regions updated for context MicroBlaze Debug Module at USER2
18:08:48 INFO  : Context for processor 'u_cpu_unit_cpu_i_microblaze_mcs_0_microblaze_I' is selected.
18:08:48 INFO  : 'con' command is executed.
18:08:48 INFO  : ----------------XSDB Script (After Launch)----------------
targets -set -nocase -filter {name =~ "microblaze*#0" && bscan=="USER2"  && jtag_cable_name =~ "Digilent JTAG-SMT2 210251757213"} -index 0
con
----------------End of Script----------------

18:08:48 INFO  : Launch script is exported to file 'C:\FPGA_PROTOTYPING\uBlaze_mmio_ss\uBlazesdk\.sdk\launch_scripts\xilinx_c-c++_application_(system_debugger)\system_debugger_using_debug_mmio_ss_test.elf_on_local.tcl'
18:10:12 INFO  : Disconnected from the channel tcfchan#13.
18:10:13 INFO  : 'targets -set -filter {jtag_cable_name =~ "Digilent JTAG-SMT2 210251757213" && level==0} -index 0' command is executed.
18:10:13 INFO  : 'fpga -state' command is executed.
18:10:13 INFO  : Connected to target on host '127.0.0.1' and port '3121'.
18:10:13 INFO  : Jtag cable 'Digilent JTAG-SMT2 210251757213' is selected.
18:10:13 INFO  : 'jtag frequency' command is executed.
18:10:13 INFO  : 'configparams mdm-detect-bscan-mask 2' command is executed.
18:10:13 INFO  : Context for processor 'u_cpu_unit_cpu_i_microblaze_mcs_0_microblaze_I' is selected.
18:10:13 INFO  : Processor reset is completed for 'u_cpu_unit_cpu_i_microblaze_mcs_0_microblaze_I'.
18:10:14 INFO  : Context for processor 'u_cpu_unit_cpu_i_microblaze_mcs_0_microblaze_I' is selected.
18:10:14 INFO  : The application 'C:/FPGA_PROTOTYPING/uBlaze_mmio_ss/uBlazesdk/mmio_ss_test/Debug/mmio_ss_test.elf' is downloaded to processor 'u_cpu_unit_cpu_i_microblaze_mcs_0_microblaze_I'.
18:10:14 INFO  : ----------------XSDB Script----------------
connect -url tcp:127.0.0.1:3121
configparams mdm-detect-bscan-mask 2
targets -set -nocase -filter {name =~ "microblaze*#0" && bscan=="USER2"  && jtag_cable_name =~ "Digilent JTAG-SMT2 210251757213"} -index 0
rst -processor
targets -set -nocase -filter {name =~ "microblaze*#0" && bscan=="USER2"  && jtag_cable_name =~ "Digilent JTAG-SMT2 210251757213"} -index 0
dow C:/FPGA_PROTOTYPING/uBlaze_mmio_ss/uBlazesdk/mmio_ss_test/Debug/mmio_ss_test.elf
----------------End of Script----------------

18:10:14 INFO  : Memory regions updated for context PA
18:10:14 INFO  : Memory regions updated for context MicroBlaze Debug Module at USER2
18:10:14 INFO  : Context for processor 'u_cpu_unit_cpu_i_microblaze_mcs_0_microblaze_I' is selected.
18:10:14 INFO  : 'con' command is executed.
18:10:14 INFO  : ----------------XSDB Script (After Launch)----------------
targets -set -nocase -filter {name =~ "microblaze*#0" && bscan=="USER2"  && jtag_cable_name =~ "Digilent JTAG-SMT2 210251757213"} -index 0
con
----------------End of Script----------------

18:10:14 INFO  : Launch script is exported to file 'C:\FPGA_PROTOTYPING\uBlaze_mmio_ss\uBlazesdk\.sdk\launch_scripts\xilinx_c-c++_application_(system_debugger)\system_debugger_using_debug_mmio_ss_test.elf_on_local.tcl'
18:12:09 INFO  : Disconnected from the channel tcfchan#14.
18:12:10 INFO  : 'targets -set -filter {jtag_cable_name =~ "Digilent JTAG-SMT2 210251757213" && level==0} -index 0' command is executed.
18:12:10 INFO  : 'fpga -state' command is executed.
18:12:10 INFO  : Connected to target on host '127.0.0.1' and port '3121'.
18:12:10 INFO  : Jtag cable 'Digilent JTAG-SMT2 210251757213' is selected.
18:12:10 INFO  : 'jtag frequency' command is executed.
18:12:10 INFO  : 'configparams mdm-detect-bscan-mask 2' command is executed.
18:12:10 INFO  : Context for processor 'u_cpu_unit_cpu_i_microblaze_mcs_0_microblaze_I' is selected.
18:12:10 INFO  : Processor reset is completed for 'u_cpu_unit_cpu_i_microblaze_mcs_0_microblaze_I'.
18:12:10 INFO  : Context for processor 'u_cpu_unit_cpu_i_microblaze_mcs_0_microblaze_I' is selected.
18:12:10 INFO  : The application 'C:/FPGA_PROTOTYPING/uBlaze_mmio_ss/uBlazesdk/mmio_ss_test/Debug/mmio_ss_test.elf' is downloaded to processor 'u_cpu_unit_cpu_i_microblaze_mcs_0_microblaze_I'.
18:12:10 INFO  : ----------------XSDB Script----------------
connect -url tcp:127.0.0.1:3121
configparams mdm-detect-bscan-mask 2
targets -set -nocase -filter {name =~ "microblaze*#0" && bscan=="USER2"  && jtag_cable_name =~ "Digilent JTAG-SMT2 210251757213"} -index 0
rst -processor
targets -set -nocase -filter {name =~ "microblaze*#0" && bscan=="USER2"  && jtag_cable_name =~ "Digilent JTAG-SMT2 210251757213"} -index 0
dow C:/FPGA_PROTOTYPING/uBlaze_mmio_ss/uBlazesdk/mmio_ss_test/Debug/mmio_ss_test.elf
----------------End of Script----------------

18:12:11 INFO  : Memory regions updated for context PA
18:12:11 INFO  : Memory regions updated for context MicroBlaze Debug Module at USER2
18:12:11 INFO  : Context for processor 'u_cpu_unit_cpu_i_microblaze_mcs_0_microblaze_I' is selected.
18:12:11 INFO  : 'con' command is executed.
18:12:11 INFO  : ----------------XSDB Script (After Launch)----------------
targets -set -nocase -filter {name =~ "microblaze*#0" && bscan=="USER2"  && jtag_cable_name =~ "Digilent JTAG-SMT2 210251757213"} -index 0
con
----------------End of Script----------------

18:12:11 INFO  : Launch script is exported to file 'C:\FPGA_PROTOTYPING\uBlaze_mmio_ss\uBlazesdk\.sdk\launch_scripts\xilinx_c-c++_application_(system_debugger)\system_debugger_using_debug_mmio_ss_test.elf_on_local.tcl'
18:12:25 INFO  : Disconnected from the channel tcfchan#15.
18:12:26 INFO  : 'targets -set -filter {jtag_cable_name =~ "Digilent JTAG-SMT2 210251757213" && level==0} -index 0' command is executed.
18:12:26 INFO  : 'fpga -state' command is executed.
18:12:26 INFO  : Connected to target on host '127.0.0.1' and port '3121'.
18:12:26 INFO  : Jtag cable 'Digilent JTAG-SMT2 210251757213' is selected.
18:12:26 INFO  : 'jtag frequency' command is executed.
18:12:26 INFO  : 'configparams mdm-detect-bscan-mask 2' command is executed.
18:12:26 INFO  : Context for processor 'u_cpu_unit_cpu_i_microblaze_mcs_0_microblaze_I' is selected.
18:12:26 INFO  : Processor reset is completed for 'u_cpu_unit_cpu_i_microblaze_mcs_0_microblaze_I'.
18:12:26 INFO  : Context for processor 'u_cpu_unit_cpu_i_microblaze_mcs_0_microblaze_I' is selected.
18:12:27 INFO  : The application 'C:/FPGA_PROTOTYPING/uBlaze_mmio_ss/uBlazesdk/mmio_ss_test/Debug/mmio_ss_test.elf' is downloaded to processor 'u_cpu_unit_cpu_i_microblaze_mcs_0_microblaze_I'.
18:12:27 INFO  : ----------------XSDB Script----------------
connect -url tcp:127.0.0.1:3121
configparams mdm-detect-bscan-mask 2
targets -set -nocase -filter {name =~ "microblaze*#0" && bscan=="USER2"  && jtag_cable_name =~ "Digilent JTAG-SMT2 210251757213"} -index 0
rst -processor
targets -set -nocase -filter {name =~ "microblaze*#0" && bscan=="USER2"  && jtag_cable_name =~ "Digilent JTAG-SMT2 210251757213"} -index 0
dow C:/FPGA_PROTOTYPING/uBlaze_mmio_ss/uBlazesdk/mmio_ss_test/Debug/mmio_ss_test.elf
----------------End of Script----------------

18:12:27 INFO  : Memory regions updated for context PA
18:12:27 INFO  : Memory regions updated for context MicroBlaze Debug Module at USER2
18:12:27 INFO  : Context for processor 'u_cpu_unit_cpu_i_microblaze_mcs_0_microblaze_I' is selected.
18:12:27 INFO  : 'con' command is executed.
18:12:27 INFO  : ----------------XSDB Script (After Launch)----------------
targets -set -nocase -filter {name =~ "microblaze*#0" && bscan=="USER2"  && jtag_cable_name =~ "Digilent JTAG-SMT2 210251757213"} -index 0
con
----------------End of Script----------------

18:12:27 INFO  : Launch script is exported to file 'C:\FPGA_PROTOTYPING\uBlaze_mmio_ss\uBlazesdk\.sdk\launch_scripts\xilinx_c-c++_application_(system_debugger)\system_debugger_using_debug_mmio_ss_test.elf_on_local.tcl'
18:17:37 INFO  : Disconnected from the channel tcfchan#16.
18:17:38 INFO  : 'targets -set -filter {jtag_cable_name =~ "Digilent JTAG-SMT2 210251757213" && level==0} -index 0' command is executed.
18:17:38 INFO  : 'fpga -state' command is executed.
18:17:38 INFO  : Connected to target on host '127.0.0.1' and port '3121'.
18:17:39 INFO  : Jtag cable 'Digilent JTAG-SMT2 210251757213' is selected.
18:17:39 INFO  : 'jtag frequency' command is executed.
18:17:39 INFO  : 'configparams mdm-detect-bscan-mask 2' command is executed.
18:17:39 INFO  : Context for processor 'u_cpu_unit_cpu_i_microblaze_mcs_0_microblaze_I' is selected.
18:17:39 INFO  : Processor reset is completed for 'u_cpu_unit_cpu_i_microblaze_mcs_0_microblaze_I'.
18:17:39 INFO  : Context for processor 'u_cpu_unit_cpu_i_microblaze_mcs_0_microblaze_I' is selected.
18:17:39 INFO  : The application 'C:/FPGA_PROTOTYPING/uBlaze_mmio_ss/uBlazesdk/mmio_ss_test/Debug/mmio_ss_test.elf' is downloaded to processor 'u_cpu_unit_cpu_i_microblaze_mcs_0_microblaze_I'.
18:17:39 INFO  : ----------------XSDB Script----------------
connect -url tcp:127.0.0.1:3121
configparams mdm-detect-bscan-mask 2
targets -set -nocase -filter {name =~ "microblaze*#0" && bscan=="USER2"  && jtag_cable_name =~ "Digilent JTAG-SMT2 210251757213"} -index 0
rst -processor
targets -set -nocase -filter {name =~ "microblaze*#0" && bscan=="USER2"  && jtag_cable_name =~ "Digilent JTAG-SMT2 210251757213"} -index 0
dow C:/FPGA_PROTOTYPING/uBlaze_mmio_ss/uBlazesdk/mmio_ss_test/Debug/mmio_ss_test.elf
----------------End of Script----------------

18:17:39 INFO  : Memory regions updated for context PA
18:17:39 INFO  : Memory regions updated for context MicroBlaze Debug Module at USER2
18:17:39 INFO  : Context for processor 'u_cpu_unit_cpu_i_microblaze_mcs_0_microblaze_I' is selected.
18:17:39 INFO  : 'con' command is executed.
18:17:39 INFO  : ----------------XSDB Script (After Launch)----------------
targets -set -nocase -filter {name =~ "microblaze*#0" && bscan=="USER2"  && jtag_cable_name =~ "Digilent JTAG-SMT2 210251757213"} -index 0
con
----------------End of Script----------------

18:17:39 INFO  : Launch script is exported to file 'C:\FPGA_PROTOTYPING\uBlaze_mmio_ss\uBlazesdk\.sdk\launch_scripts\xilinx_c-c++_application_(system_debugger)\system_debugger_using_debug_mmio_ss_test.elf_on_local.tcl'
18:23:38 INFO  : Disconnected from the channel tcfchan#17.
18:23:39 INFO  : 'targets -set -filter {jtag_cable_name =~ "Digilent JTAG-SMT2 210251757213" && level==0} -index 0' command is executed.
18:23:39 INFO  : 'fpga -state' command is executed.
18:23:39 INFO  : Connected to target on host '127.0.0.1' and port '3121'.
18:23:40 INFO  : Jtag cable 'Digilent JTAG-SMT2 210251757213' is selected.
18:23:40 INFO  : 'jtag frequency' command is executed.
18:23:40 INFO  : 'configparams mdm-detect-bscan-mask 2' command is executed.
18:23:40 INFO  : Context for processor 'u_cpu_unit_cpu_i_microblaze_mcs_0_microblaze_I' is selected.
18:23:40 INFO  : Processor reset is completed for 'u_cpu_unit_cpu_i_microblaze_mcs_0_microblaze_I'.
18:23:40 INFO  : Context for processor 'u_cpu_unit_cpu_i_microblaze_mcs_0_microblaze_I' is selected.
18:23:40 INFO  : The application 'C:/FPGA_PROTOTYPING/uBlaze_mmio_ss/uBlazesdk/mmio_ss_test/Debug/mmio_ss_test.elf' is downloaded to processor 'u_cpu_unit_cpu_i_microblaze_mcs_0_microblaze_I'.
18:23:40 INFO  : ----------------XSDB Script----------------
connect -url tcp:127.0.0.1:3121
configparams mdm-detect-bscan-mask 2
targets -set -nocase -filter {name =~ "microblaze*#0" && bscan=="USER2"  && jtag_cable_name =~ "Digilent JTAG-SMT2 210251757213"} -index 0
rst -processor
targets -set -nocase -filter {name =~ "microblaze*#0" && bscan=="USER2"  && jtag_cable_name =~ "Digilent JTAG-SMT2 210251757213"} -index 0
dow C:/FPGA_PROTOTYPING/uBlaze_mmio_ss/uBlazesdk/mmio_ss_test/Debug/mmio_ss_test.elf
----------------End of Script----------------

18:23:40 INFO  : Memory regions updated for context PA
18:23:40 INFO  : Memory regions updated for context MicroBlaze Debug Module at USER2
18:23:40 INFO  : Context for processor 'u_cpu_unit_cpu_i_microblaze_mcs_0_microblaze_I' is selected.
18:23:40 INFO  : 'con' command is executed.
18:23:40 INFO  : ----------------XSDB Script (After Launch)----------------
targets -set -nocase -filter {name =~ "microblaze*#0" && bscan=="USER2"  && jtag_cable_name =~ "Digilent JTAG-SMT2 210251757213"} -index 0
con
----------------End of Script----------------

18:23:40 INFO  : Launch script is exported to file 'C:\FPGA_PROTOTYPING\uBlaze_mmio_ss\uBlazesdk\.sdk\launch_scripts\xilinx_c-c++_application_(system_debugger)\system_debugger_using_debug_mmio_ss_test.elf_on_local.tcl'
18:26:23 INFO  : Disconnected from the channel tcfchan#18.
18:26:24 INFO  : 'targets -set -filter {jtag_cable_name =~ "Digilent JTAG-SMT2 210251757213" && level==0} -index 0' command is executed.
18:26:25 INFO  : 'fpga -state' command is executed.
18:26:25 INFO  : Connected to target on host '127.0.0.1' and port '3121'.
18:26:25 INFO  : Jtag cable 'Digilent JTAG-SMT2 210251757213' is selected.
18:26:25 INFO  : 'jtag frequency' command is executed.
18:26:25 INFO  : 'configparams mdm-detect-bscan-mask 2' command is executed.
18:26:25 INFO  : Context for processor 'u_cpu_unit_cpu_i_microblaze_mcs_0_microblaze_I' is selected.
18:26:25 INFO  : Processor reset is completed for 'u_cpu_unit_cpu_i_microblaze_mcs_0_microblaze_I'.
18:26:25 INFO  : Context for processor 'u_cpu_unit_cpu_i_microblaze_mcs_0_microblaze_I' is selected.
18:26:25 INFO  : The application 'C:/FPGA_PROTOTYPING/uBlaze_mmio_ss/uBlazesdk/mmio_ss_test/Debug/mmio_ss_test.elf' is downloaded to processor 'u_cpu_unit_cpu_i_microblaze_mcs_0_microblaze_I'.
18:26:25 INFO  : ----------------XSDB Script----------------
connect -url tcp:127.0.0.1:3121
configparams mdm-detect-bscan-mask 2
targets -set -nocase -filter {name =~ "microblaze*#0" && bscan=="USER2"  && jtag_cable_name =~ "Digilent JTAG-SMT2 210251757213"} -index 0
rst -processor
targets -set -nocase -filter {name =~ "microblaze*#0" && bscan=="USER2"  && jtag_cable_name =~ "Digilent JTAG-SMT2 210251757213"} -index 0
dow C:/FPGA_PROTOTYPING/uBlaze_mmio_ss/uBlazesdk/mmio_ss_test/Debug/mmio_ss_test.elf
----------------End of Script----------------

18:26:25 INFO  : Memory regions updated for context PA
18:26:25 INFO  : Memory regions updated for context MicroBlaze Debug Module at USER2
18:26:25 INFO  : Context for processor 'u_cpu_unit_cpu_i_microblaze_mcs_0_microblaze_I' is selected.
18:26:25 INFO  : 'con' command is executed.
18:26:25 INFO  : ----------------XSDB Script (After Launch)----------------
targets -set -nocase -filter {name =~ "microblaze*#0" && bscan=="USER2"  && jtag_cable_name =~ "Digilent JTAG-SMT2 210251757213"} -index 0
con
----------------End of Script----------------

18:26:25 INFO  : Launch script is exported to file 'C:\FPGA_PROTOTYPING\uBlaze_mmio_ss\uBlazesdk\.sdk\launch_scripts\xilinx_c-c++_application_(system_debugger)\system_debugger_using_debug_mmio_ss_test.elf_on_local.tcl'
18:27:36 INFO  : Disconnected from the channel tcfchan#19.
18:27:38 INFO  : 'targets -set -filter {jtag_cable_name =~ "Digilent JTAG-SMT2 210251757213" && level==0} -index 0' command is executed.
18:27:38 INFO  : 'fpga -state' command is executed.
18:27:38 INFO  : Connected to target on host '127.0.0.1' and port '3121'.
18:27:38 INFO  : Jtag cable 'Digilent JTAG-SMT2 210251757213' is selected.
18:27:38 INFO  : 'jtag frequency' command is executed.
18:27:38 INFO  : 'configparams mdm-detect-bscan-mask 2' command is executed.
18:27:38 INFO  : Context for processor 'u_cpu_unit_cpu_i_microblaze_mcs_0_microblaze_I' is selected.
18:27:38 INFO  : Processor reset is completed for 'u_cpu_unit_cpu_i_microblaze_mcs_0_microblaze_I'.
18:27:38 INFO  : Context for processor 'u_cpu_unit_cpu_i_microblaze_mcs_0_microblaze_I' is selected.
18:27:38 INFO  : The application 'C:/FPGA_PROTOTYPING/uBlaze_mmio_ss/uBlazesdk/mmio_ss_test/Debug/mmio_ss_test.elf' is downloaded to processor 'u_cpu_unit_cpu_i_microblaze_mcs_0_microblaze_I'.
18:27:38 INFO  : ----------------XSDB Script----------------
connect -url tcp:127.0.0.1:3121
configparams mdm-detect-bscan-mask 2
targets -set -nocase -filter {name =~ "microblaze*#0" && bscan=="USER2"  && jtag_cable_name =~ "Digilent JTAG-SMT2 210251757213"} -index 0
rst -processor
targets -set -nocase -filter {name =~ "microblaze*#0" && bscan=="USER2"  && jtag_cable_name =~ "Digilent JTAG-SMT2 210251757213"} -index 0
dow C:/FPGA_PROTOTYPING/uBlaze_mmio_ss/uBlazesdk/mmio_ss_test/Debug/mmio_ss_test.elf
----------------End of Script----------------

18:27:38 INFO  : Memory regions updated for context PA
18:27:38 INFO  : Memory regions updated for context MicroBlaze Debug Module at USER2
18:27:38 INFO  : Context for processor 'u_cpu_unit_cpu_i_microblaze_mcs_0_microblaze_I' is selected.
18:27:38 INFO  : 'con' command is executed.
18:27:38 INFO  : ----------------XSDB Script (After Launch)----------------
targets -set -nocase -filter {name =~ "microblaze*#0" && bscan=="USER2"  && jtag_cable_name =~ "Digilent JTAG-SMT2 210251757213"} -index 0
con
----------------End of Script----------------

18:27:38 INFO  : Launch script is exported to file 'C:\FPGA_PROTOTYPING\uBlaze_mmio_ss\uBlazesdk\.sdk\launch_scripts\xilinx_c-c++_application_(system_debugger)\system_debugger_using_debug_mmio_ss_test.elf_on_local.tcl'
18:30:18 INFO  : Disconnected from the channel tcfchan#20.
18:30:19 INFO  : 'targets -set -filter {jtag_cable_name =~ "Digilent JTAG-SMT2 210251757213" && level==0} -index 0' command is executed.
18:30:19 INFO  : 'fpga -state' command is executed.
18:30:19 INFO  : Connected to target on host '127.0.0.1' and port '3121'.
18:30:20 INFO  : Jtag cable 'Digilent JTAG-SMT2 210251757213' is selected.
18:30:20 INFO  : 'jtag frequency' command is executed.
18:30:20 INFO  : 'configparams mdm-detect-bscan-mask 2' command is executed.
18:30:20 INFO  : Context for processor 'u_cpu_unit_cpu_i_microblaze_mcs_0_microblaze_I' is selected.
18:30:20 INFO  : Processor reset is completed for 'u_cpu_unit_cpu_i_microblaze_mcs_0_microblaze_I'.
18:30:20 INFO  : Context for processor 'u_cpu_unit_cpu_i_microblaze_mcs_0_microblaze_I' is selected.
18:30:20 INFO  : The application 'C:/FPGA_PROTOTYPING/uBlaze_mmio_ss/uBlazesdk/mmio_ss_test/Debug/mmio_ss_test.elf' is downloaded to processor 'u_cpu_unit_cpu_i_microblaze_mcs_0_microblaze_I'.
18:30:20 INFO  : ----------------XSDB Script----------------
connect -url tcp:127.0.0.1:3121
configparams mdm-detect-bscan-mask 2
targets -set -nocase -filter {name =~ "microblaze*#0" && bscan=="USER2"  && jtag_cable_name =~ "Digilent JTAG-SMT2 210251757213"} -index 0
rst -processor
targets -set -nocase -filter {name =~ "microblaze*#0" && bscan=="USER2"  && jtag_cable_name =~ "Digilent JTAG-SMT2 210251757213"} -index 0
dow C:/FPGA_PROTOTYPING/uBlaze_mmio_ss/uBlazesdk/mmio_ss_test/Debug/mmio_ss_test.elf
----------------End of Script----------------

18:30:20 INFO  : Memory regions updated for context PA
18:30:20 INFO  : Memory regions updated for context MicroBlaze Debug Module at USER2
18:30:20 INFO  : Context for processor 'u_cpu_unit_cpu_i_microblaze_mcs_0_microblaze_I' is selected.
18:30:20 INFO  : 'con' command is executed.
18:30:20 INFO  : ----------------XSDB Script (After Launch)----------------
targets -set -nocase -filter {name =~ "microblaze*#0" && bscan=="USER2"  && jtag_cable_name =~ "Digilent JTAG-SMT2 210251757213"} -index 0
con
----------------End of Script----------------

18:30:20 INFO  : Launch script is exported to file 'C:\FPGA_PROTOTYPING\uBlaze_mmio_ss\uBlazesdk\.sdk\launch_scripts\xilinx_c-c++_application_(system_debugger)\system_debugger_using_debug_mmio_ss_test.elf_on_local.tcl'
18:32:13 INFO  : Disconnected from the channel tcfchan#21.
18:32:14 INFO  : 'targets -set -filter {jtag_cable_name =~ "Digilent JTAG-SMT2 210251757213" && level==0} -index 0' command is executed.
18:32:14 INFO  : 'fpga -state' command is executed.
18:32:14 INFO  : Connected to target on host '127.0.0.1' and port '3121'.
18:32:15 INFO  : Jtag cable 'Digilent JTAG-SMT2 210251757213' is selected.
18:32:15 INFO  : 'jtag frequency' command is executed.
18:32:15 INFO  : 'configparams mdm-detect-bscan-mask 2' command is executed.
18:32:15 INFO  : Context for processor 'u_cpu_unit_cpu_i_microblaze_mcs_0_microblaze_I' is selected.
18:32:15 INFO  : Processor reset is completed for 'u_cpu_unit_cpu_i_microblaze_mcs_0_microblaze_I'.
18:32:15 INFO  : Context for processor 'u_cpu_unit_cpu_i_microblaze_mcs_0_microblaze_I' is selected.
18:32:15 INFO  : The application 'C:/FPGA_PROTOTYPING/uBlaze_mmio_ss/uBlazesdk/mmio_ss_test/Debug/mmio_ss_test.elf' is downloaded to processor 'u_cpu_unit_cpu_i_microblaze_mcs_0_microblaze_I'.
18:32:15 INFO  : ----------------XSDB Script----------------
connect -url tcp:127.0.0.1:3121
configparams mdm-detect-bscan-mask 2
targets -set -nocase -filter {name =~ "microblaze*#0" && bscan=="USER2"  && jtag_cable_name =~ "Digilent JTAG-SMT2 210251757213"} -index 0
rst -processor
targets -set -nocase -filter {name =~ "microblaze*#0" && bscan=="USER2"  && jtag_cable_name =~ "Digilent JTAG-SMT2 210251757213"} -index 0
dow C:/FPGA_PROTOTYPING/uBlaze_mmio_ss/uBlazesdk/mmio_ss_test/Debug/mmio_ss_test.elf
----------------End of Script----------------

18:32:15 INFO  : Memory regions updated for context PA
18:32:15 INFO  : Memory regions updated for context MicroBlaze Debug Module at USER2
18:32:15 INFO  : Context for processor 'u_cpu_unit_cpu_i_microblaze_mcs_0_microblaze_I' is selected.
18:32:15 INFO  : 'con' command is executed.
18:32:15 INFO  : ----------------XSDB Script (After Launch)----------------
targets -set -nocase -filter {name =~ "microblaze*#0" && bscan=="USER2"  && jtag_cable_name =~ "Digilent JTAG-SMT2 210251757213"} -index 0
con
----------------End of Script----------------

18:32:15 INFO  : Launch script is exported to file 'C:\FPGA_PROTOTYPING\uBlaze_mmio_ss\uBlazesdk\.sdk\launch_scripts\xilinx_c-c++_application_(system_debugger)\system_debugger_using_debug_mmio_ss_test.elf_on_local.tcl'
18:37:07 INFO  : Disconnected from the channel tcfchan#22.
12:25:05 INFO  : Launching XSCT server: xsct.bat -interactive C:\FPGA_PROTOTYPING\uBlaze_mmio_ss\uBlazesdk\temp_xsdb_launch_script.tcl
12:25:05 INFO  : Registering command handlers for SDK TCF services
12:25:09 INFO  : XSCT server has started successfully.
12:25:17 INFO  : Successfully done setting XSCT server connection channel  
12:25:17 INFO  : Successfully done setting SDK workspace  
12:25:22 INFO  : SDK has detected change in the last modified timestamps for source hardware specification file Source:1776527952727,  Project:1775976179032
12:25:22 INFO  : Project mcs_cpu's source hardware specification located at C:\FPGA_PROTOTYPING\uBlaze_mmio_ss\uBlaze\ublaze_mcs\ublaze_mcs.sdk\mcs_top_vanilla.hdf is now different from the local copy.
		 The local copy will be replaced with the source specification and your workspace will be updated.
12:25:47 INFO  : Copied contents of C:\FPGA_PROTOTYPING\uBlaze_mmio_ss\uBlaze\ublaze_mcs\ublaze_mcs.sdk\mcs_top_vanilla.hdf into \mcs_cpu\system.hdf.
12:25:47 INFO  : Synchronizing projects in the workspace with the hardware platform specification changes.
12:25:49 ERROR : (XSDB Server)ERROR: [Hsi 55-1545] Problem running tcl command ::sw_standalone_v6_7::generate : error deleting "C:/FPGA_PROTOTYPING/uBlaze_mmio_ss/uBlazesdk/mcs_cpu_bsp/u_cpu_unit_cpu_i_microblaze_mcs_0_microblaze_I/libsrc/standalone_v6_7/src/arm\common\putnum.c": permission denied
    while executing
"file delete -force $armsrcdir"
    (procedure "::sw_standalone_v6_7::generate" line 293)
    invoked from within
"::sw_standalone_v6_7::generate standalone"
ERROR: [Hsi 55-1442] Error(s) while running TCL procedure generate()

12:25:49 ERROR : (XSDB Server)ERROR: [Hsi 55-1450] Error: running generate_bsp.

12:25:49 ERROR : Failed to call sync_sw_with_hw_change
Reason: ERROR: [Common 17-39] 'hsi::generate_bsp' failed due to earlier errors.

12:25:49 ERROR : Error updating BSP project MSS files.
12:25:50 INFO  : Updating hardware inferred compiler options for mmio_ss_test.
12:25:50 INFO  : Clearing existing target manager status.
12:26:42 ERROR : (XSDB Server)Invalid target. Use "connect" command to connect to hw_server/TCF agent

12:26:46 ERROR : (XSDB Server)Invalid target. Use "connect" command to connect to hw_server/TCF agent

12:27:21 INFO  : Launching XSCT server: xsct.bat -interactive C:\FPGA_PROTOTYPING\uBlaze_mmio_ss\uBlazesdk\temp_xsdb_launch_script.tcl
12:27:21 INFO  : Registering command handlers for SDK TCF services
12:27:23 INFO  : XSCT server has started successfully.
12:27:23 INFO  : Successfully done setting XSCT server connection channel  
12:27:23 INFO  : Successfully done setting SDK workspace  
12:28:03 INFO  : 'targets -set -filter {jtag_cable_name =~ "Digilent JTAG-SMT2 210251757213" && level==0} -index 0' command is executed.
12:28:03 INFO  : 'fpga -state' command is executed.
12:28:03 INFO  : Connected to target on host '127.0.0.1' and port '3121'.
12:28:03 INFO  : Jtag cable 'Digilent JTAG-SMT2 210251757213' is selected.
12:28:03 INFO  : 'jtag frequency' command is executed.
12:28:03 INFO  : 'configparams mdm-detect-bscan-mask 2' command is executed.
12:28:03 INFO  : Context for processor 'u_cpu_unit_cpu_i_microblaze_mcs_0_microblaze_I' is selected.
12:28:03 INFO  : Processor reset is completed for 'u_cpu_unit_cpu_i_microblaze_mcs_0_microblaze_I'.
12:28:03 INFO  : Context for processor 'u_cpu_unit_cpu_i_microblaze_mcs_0_microblaze_I' is selected.
12:28:03 INFO  : The application 'C:/FPGA_PROTOTYPING/uBlaze_mmio_ss/uBlazesdk/mmio_ss_test/Debug/mmio_ss_test.elf' is downloaded to processor 'u_cpu_unit_cpu_i_microblaze_mcs_0_microblaze_I'.
12:28:03 INFO  : ----------------XSDB Script----------------
connect -url tcp:127.0.0.1:3121
configparams mdm-detect-bscan-mask 2
targets -set -nocase -filter {name =~ "microblaze*#0" && bscan=="USER2"  && jtag_cable_name =~ "Digilent JTAG-SMT2 210251757213"} -index 0
rst -processor
targets -set -nocase -filter {name =~ "microblaze*#0" && bscan=="USER2"  && jtag_cable_name =~ "Digilent JTAG-SMT2 210251757213"} -index 0
dow C:/FPGA_PROTOTYPING/uBlaze_mmio_ss/uBlazesdk/mmio_ss_test/Debug/mmio_ss_test.elf
----------------End of Script----------------

12:28:04 INFO  : Memory regions updated for context PA
12:28:04 INFO  : Memory regions updated for context MicroBlaze Debug Module at USER2
12:28:04 INFO  : Context for processor 'u_cpu_unit_cpu_i_microblaze_mcs_0_microblaze_I' is selected.
12:28:04 INFO  : 'con' command is executed.
12:28:04 INFO  : ----------------XSDB Script (After Launch)----------------
targets -set -nocase -filter {name =~ "microblaze*#0" && bscan=="USER2"  && jtag_cable_name =~ "Digilent JTAG-SMT2 210251757213"} -index 0
con
----------------End of Script----------------

12:28:04 INFO  : Launch script is exported to file 'C:\FPGA_PROTOTYPING\uBlaze_mmio_ss\uBlazesdk\.sdk\launch_scripts\xilinx_c-c++_application_(system_debugger)\system_debugger_using_debug_mmio_ss_test.elf_on_local.tcl'
12:29:42 INFO  : Disconnected from the channel tcfchan#1.
12:29:43 INFO  : 'targets -set -filter {jtag_cable_name =~ "Digilent JTAG-SMT2 210251757213" && level==0} -index 0' command is executed.
12:29:43 INFO  : 'fpga -state' command is executed.
12:29:43 INFO  : Connected to target on host '127.0.0.1' and port '3121'.
12:29:43 INFO  : Jtag cable 'Digilent JTAG-SMT2 210251757213' is selected.
12:29:43 INFO  : 'jtag frequency' command is executed.
12:29:43 INFO  : 'configparams mdm-detect-bscan-mask 2' command is executed.
12:29:43 INFO  : Context for processor 'u_cpu_unit_cpu_i_microblaze_mcs_0_microblaze_I' is selected.
12:29:43 INFO  : Processor reset is completed for 'u_cpu_unit_cpu_i_microblaze_mcs_0_microblaze_I'.
12:29:43 INFO  : Context for processor 'u_cpu_unit_cpu_i_microblaze_mcs_0_microblaze_I' is selected.
12:29:43 INFO  : The application 'C:/FPGA_PROTOTYPING/uBlaze_mmio_ss/uBlazesdk/mmio_ss_test/Debug/mmio_ss_test.elf' is downloaded to processor 'u_cpu_unit_cpu_i_microblaze_mcs_0_microblaze_I'.
12:29:43 INFO  : ----------------XSDB Script----------------
connect -url tcp:127.0.0.1:3121
configparams mdm-detect-bscan-mask 2
targets -set -nocase -filter {name =~ "microblaze*#0" && bscan=="USER2"  && jtag_cable_name =~ "Digilent JTAG-SMT2 210251757213"} -index 0
rst -processor
targets -set -nocase -filter {name =~ "microblaze*#0" && bscan=="USER2"  && jtag_cable_name =~ "Digilent JTAG-SMT2 210251757213"} -index 0
dow C:/FPGA_PROTOTYPING/uBlaze_mmio_ss/uBlazesdk/mmio_ss_test/Debug/mmio_ss_test.elf
----------------End of Script----------------

12:29:43 INFO  : Memory regions updated for context PA
12:29:43 INFO  : Memory regions updated for context MicroBlaze Debug Module at USER2
12:29:43 INFO  : Context for processor 'u_cpu_unit_cpu_i_microblaze_mcs_0_microblaze_I' is selected.
12:29:43 INFO  : 'con' command is executed.
12:29:43 INFO  : ----------------XSDB Script (After Launch)----------------
targets -set -nocase -filter {name =~ "microblaze*#0" && bscan=="USER2"  && jtag_cable_name =~ "Digilent JTAG-SMT2 210251757213"} -index 0
con
----------------End of Script----------------

12:29:43 INFO  : Launch script is exported to file 'C:\FPGA_PROTOTYPING\uBlaze_mmio_ss\uBlazesdk\.sdk\launch_scripts\xilinx_c-c++_application_(system_debugger)\system_debugger_using_debug_mmio_ss_test.elf_on_local.tcl'
12:30:21 INFO  : Disconnected from the channel tcfchan#2.
12:30:22 INFO  : 'targets -set -filter {jtag_cable_name =~ "Digilent JTAG-SMT2 210251757213" && level==0} -index 0' command is executed.
12:30:22 INFO  : 'fpga -state' command is executed.
12:30:22 INFO  : Connected to target on host '127.0.0.1' and port '3121'.
12:30:22 INFO  : Jtag cable 'Digilent JTAG-SMT2 210251757213' is selected.
12:30:22 INFO  : 'jtag frequency' command is executed.
12:30:22 INFO  : 'configparams mdm-detect-bscan-mask 2' command is executed.
12:30:22 INFO  : Context for processor 'u_cpu_unit_cpu_i_microblaze_mcs_0_microblaze_I' is selected.
12:30:22 INFO  : Processor reset is completed for 'u_cpu_unit_cpu_i_microblaze_mcs_0_microblaze_I'.
12:30:22 INFO  : Context for processor 'u_cpu_unit_cpu_i_microblaze_mcs_0_microblaze_I' is selected.
12:30:22 INFO  : The application 'C:/FPGA_PROTOTYPING/uBlaze_mmio_ss/uBlazesdk/mmio_ss_test/Debug/mmio_ss_test.elf' is downloaded to processor 'u_cpu_unit_cpu_i_microblaze_mcs_0_microblaze_I'.
12:30:22 INFO  : ----------------XSDB Script----------------
connect -url tcp:127.0.0.1:3121
configparams mdm-detect-bscan-mask 2
targets -set -nocase -filter {name =~ "microblaze*#0" && bscan=="USER2"  && jtag_cable_name =~ "Digilent JTAG-SMT2 210251757213"} -index 0
rst -processor
targets -set -nocase -filter {name =~ "microblaze*#0" && bscan=="USER2"  && jtag_cable_name =~ "Digilent JTAG-SMT2 210251757213"} -index 0
dow C:/FPGA_PROTOTYPING/uBlaze_mmio_ss/uBlazesdk/mmio_ss_test/Debug/mmio_ss_test.elf
----------------End of Script----------------

12:30:22 INFO  : Memory regions updated for context PA
12:30:22 INFO  : Memory regions updated for context MicroBlaze Debug Module at USER2
12:30:22 INFO  : Context for processor 'u_cpu_unit_cpu_i_microblaze_mcs_0_microblaze_I' is selected.
12:30:22 INFO  : 'con' command is executed.
12:30:22 INFO  : ----------------XSDB Script (After Launch)----------------
targets -set -nocase -filter {name =~ "microblaze*#0" && bscan=="USER2"  && jtag_cable_name =~ "Digilent JTAG-SMT2 210251757213"} -index 0
con
----------------End of Script----------------

12:30:22 INFO  : Launch script is exported to file 'C:\FPGA_PROTOTYPING\uBlaze_mmio_ss\uBlazesdk\.sdk\launch_scripts\xilinx_c-c++_application_(system_debugger)\system_debugger_using_debug_mmio_ss_test.elf_on_local.tcl'
12:30:49 INFO  : Disconnected from the channel tcfchan#3.
